geonameid	name	asciiname	country	population	capital	lat	lon
1796236	Shanghai	Shanghai	CN	24874500	0	31.22222	121.45806
1814906	Chongqing	Chongqing	CN	22000000	0	29.56026	106.55771
1815286	Chengdu	Chengdu	CN	20937757	0	30.66667	104.06667
1816670	Beijing	Beijing	CN	18960744	1	39.9075	116.39723
1809858	Guangzhou	Guangzhou	CN	18676605	0	23.11667	113.25
1795565	Shenzhen	Shenzhen	CN	17494398	0	22.54554	114.0683
2314302	Kinshasa	Kinshasa	CD	16000000	1	-4.32758	15.31357
745044	Istanbul	Istanbul	TR	15701602	0	41.01384	28.94966
2332459	Lagos	Lagos	NG	15388000	0	6.45407	3.39467
1566083	Ho Chi Minh City	Ho Chi Minh City	VN	14002598	0	10.82302	106.62965
1792947	Tianjin	Tianjin	CN	13866009	0	39.14222	117.17667
1791247	Wuhan	Wuhan	CN	13739000	0	30.58333	114.26667
1172451	Lahore	Lahore	PK	13004135	0	31.558	74.35071
1790630	Xi’an	Xi'an	CN	12952907	0	34.25833	108.92861
1275339	Mumbai	Mumbai	IN	12691836	0	19.07283	72.88261
3448439	São Paulo	Sao Paulo	BR	12400232	0	-23.5475	-46.63611
3530597	Mexico City	Mexico City	MX	12294193	1	19.42847	-99.12766
1808926	Hangzhou	Hangzhou	CN	11936010	0	30.29365	120.16142
1174872	Karachi	Karachi	PK	11624219	0	24.8608	67.0104
1273294	Delhi	Delhi	IN	11034555	0	28.65195	77.23149
524901	Moscow	Moscow	RU	10381222	1	55.75204	37.61781
1185241	Dhaka	Dhaka	BD	10356500	1	23.7104	90.40744
1835848	Seoul	Seoul	KR	10349312	1	37.566	126.9784
2037013	Harbin	Harbin	CN	10009854	0	45.75	126.65
1850147	Tokyo	Tokyo	JP	9733276	1	35.6895	139.69171
1812545	Dongguan	Dongguan	CN	9644871	0	23.01797	113.74866
360630	Cairo	Cairo	EG	9606916	1	30.06263	31.24967
1808722	Hefei	Hefei	CN	9465881	0	31.86389	117.28083
993800	Johannesburg	Johannesburg	ZA	9418183	0	-26.20227	28.04363
1791681	Weifang	Weifang	CN	9386705	0	36.71	119.10194
1799962	Nanjing	Nanjing	CN	9314685	0	32.06167	118.77778
2034937	Shenyang	Shenyang	CN	9070093	0	41.79222	123.43278
1811103	Foshan	Foshan	CN	9042509	0	23.02677	113.13148
2643743	London	London	GB	8961989	1	51.50853	-0.12574
5128581	New York City	New York City	US	8804190	0	40.71427	-74.00597
1642911	Jakarta	Jakarta	ID	8540121	1	-6.21462	106.84513
1277333	Bengaluru	Bengaluru	IN	8495492	0	12.97194	77.59369
1805753	Jinan	Jinan	CN	8352574	0	36.66833	116.99722
1581130	Hanoi	Hanoi	VN	8053663	1	21.0245	105.84117
1668341	Taipei	Taipei	TW	7871900	1	25.05306	121.52639
3936456	Lima	Lima	PE	7737002	1	-12.04318	-77.02824
3688689	Bogotá	Bogota	CO	7674366	1	4.60971	-74.08175
1814087	Dalian	Dalian	CN	7450785	0	38.91222	121.60222
1819729	Hong Kong	Hong Kong	HK	7396076	1	22.27832	114.17469
98182	Baghdad	Baghdad	IQ	7216000	1	33.34058	44.40088
1790842	Wuzhong	Wuzhong	CN	7202654	0	37.9867	106.201
1797929	Qingdao	Qingdao	CN	7172451	0	36.06488	120.38042
112931	Tehran	Tehran	IR	7153309	1	35.69439	51.42151
1787093	Yantai	Yantai	CN	7102100	0	37.47649	121.44081
1269843	Hyderabad	Hyderabad	IN	6993262	0	17.38405	78.45636
3451190	Rio de Janeiro	Rio de Janeiro	BR	6747815	0	-22.90642	-43.18223
1886760	Suzhou	Suzhou	CN	6715559	0	31.30408	120.59538
1784658	Zhengzhou	Zhengzhou	CN	6650532	0	34.75778	113.64861
1279233	Ahmedabad	Ahmedabad	IN	6357693	0	23.02579	72.58727
2293538	Abidjan	Abidjan	CI	6321017	0	5.35444	-4.00167
1799869	Nanning	Nanning	CN	5977185	0	22.81667	108.31667
1804651	Kunming	Kunming	CN	5950578	0	25.03889	102.71833
1795270	Shijiazhuang	Shijiazhuang	CN	5758403	0	38.04139	114.47861
2038180	Changchun	Changchun	CN	5691024	0	43.88	125.32278
1798524	Pudong	Pudong	CN	5681512	0	31.23995	121.50094
2147714	Sydney	Sydney	AU	5638830	0	-33.86785	151.20732
1880252	Singapore	Singapore	SG	5638700	1	1.28967	103.85007
2158177	Melbourne	Melbourne	AU	5435590	0	-37.814	144.96332
160263	Dar es Salaam	Dar es Salaam	TZ	5383728	0	-6.82349	39.26951
498817	Saint Petersburg	Saint Petersburg	RU	5351935	0	59.93863	30.31413
1793511	Taiyuan	Taiyuan	CN	5305061	0	37.86944	112.56028
361058	Alexandria	Alexandria	EG	5263542	0	31.20176	29.91582
1609350	Bangkok	Bangkok	TH	5104476	1	13.75398	100.50144
2335204	Kano	Kano	NG	4910000	0	12.00012	8.51672
3871336	Santiago	Santiago	CL	4837295	1	-33.45694	-70.64827
3369157	Cape Town	Cape Town	ZA	4772846	0	-33.92584	18.42322
1168197	Peshawar	Peshawar	PK	4758762	0	34.008	71.57849
1785286	Zibo	Zibo	CN	4704138	0	36.79056	118.06333
105343	Jeddah	Jeddah	SA	4697000	0	21.49012	39.18624
1264527	Chennai	Chennai	IN	4681087	0	13.08784	80.27847
1275004	Kolkata	Kolkata	IN	4631392	0	22.56263	88.36304
1790645	Xiamen	Xiamen	CN	4617251	0	24.47979	118.08187
1255364	Surat	Surat	IN	4591246	0	21.19594	72.83023
1787227	Yangzhou	Yangzhou	CN	4559797	0	32.39722	119.43583
1797873	Huai'an	Huai'an	CN	4556230	0	33.58861	119.01917
1809461	Guiyang	Guiyang	CN	4506134	0	26.58333	106.71667
1298824	Yangon	Yangon	MM	4477638	0	16.80528	96.15611
13308620	Bao'an	Bao'an	CN	4476554	0	22.55213	113.88288
1138958	Kabul	Kabul	AF	4434550	1	34.52813	69.17233
184745	Nairobi	Nairobi	KE	4397073	1	-1.28333	36.81667
1790923	Wuxi	Wuxi	CN	4396835	0	31.56887	120.28857
360995	Giza	Giza	EG	4367343	0	30.00944	31.20861
1804430	Lanzhou	Lanzhou	CN	4359446	0	36.05701	103.83987
2460596	Bamako	Bamako	ML	4227569	1	12.60915	-7.97522
108410	Riyadh	Riyadh	SA	4205961	1	24.68773	46.72185
1810821	Fuzhou	Fuzhou	CN	4094491	0	26.06139	119.30611
1529102	Ürümqi	UEruemqi	CN	4054000	0	43.80096	87.60046
12908892	New Taipei City	New Taipei City	TW	4004367	0	25.06199	121.45703
1205733	Chattogram	Chattogram	BD	3920222	0	22.3384	91.83168
344979	Addis Ababa	Addis Ababa	ET	3860000	1	9.02497	38.74689
1785453	Zaozhuang	Zaozhuang	CN	3855601	0	34.86472	117.55417
6986104	Zhongshan	Zhongshan	CN	3841873	0	22.52306	113.37912
1795940	Shantou	Shantou	CN	3838900	0	23.35489	116.67876
5368361	Los Angeles	Los Angeles	US	3820914	0	34.05223	-118.24368
1179400	Faisalabad	Faisalabad	PK	3800193	0	31.41554	73.08969
292223	Dubai	Dubai	AE	3790000	0	25.07725	55.30927
1848354	Yokohama	Yokohama	JP	3777491	0	35.43333	139.65
1799397	Ningbo	Ningbo	CN	3731203	0	29.87819	121.54945
2553604	Casablanca	Casablanca	MA	3665954	0	33.58831	-7.61138
2339354	Ibadan	Ibadan	NG	3649000	0	7.37756	3.90591
1798425	Puyang	Puyang	CN	3590000	0	29.45679	119.88872
323786	Ankara	Ankara	TR	3517182	1	39.91987	32.85427
1794903	Shiyan	Shiyan	CN	3460000	0	32.6475	110.77806
2036892	Hohhot	Hohhot	CN	3446100	0	40.81056	111.65222
2950159	Berlin	Berlin	DE	3426354	1	52.52437	13.41053
1793346	Tangshan	Tangshan	CN	3372102	0	39.64381	118.18319
1166993	Rawalpindi	Rawalpindi	PK	3357612	0	33.59733	73.0479
13512505	Lüliang	Lueliang	CN	3346500	0	37.5192	111.14436
1007311	Durban	Durban	ZA	3338026	0	-29.8579	31.0292
2038632	Anshan	Anshan	CN	3325372	0	41.12361	122.99
1815456	Changzhou	Changzhou	CN	3290918	0	31.77359	119.95401
1838524	Busan	Busan	KR	3285147	0	35.10168	129.03004
3117735	Madrid	Madrid	ES	3255944	1	40.4165	-3.70256
1871859	Pyongyang	Pyongyang	KP	3222000	1	39.03385	125.75432
1259229	Pune	Pune	IN	3124458	0	18.51957	73.85535
2037799	Datong	Datong	CN	3105591	0	40.09361	113.29139
750269	Bursa	Bursa	TR	3101833	0	40.19559	29.06013
1815577	Changsha	Changsha	CN	3093980	0	28.19874	112.97087
1692192	Quezon City	Quezon City	PH	3084270	0	14.6488	121.0509
1269515	Jaipur	Jaipur	IN	3046163	0	26.91962	75.78781
1807681	Huainan	Huainan	CN	3033528	0	32.62639	116.99694
1625822	Surabaya	Surabaya	ID	3018022	0	-7.24917	112.75083
1843564	Incheon	Incheon	KR	3015482	0	37.45646	126.70515
1809078	Haikou	Haikou	CN	3001600	0	20.03421	110.34651
3646738	Caracas	Caracas	VE	3000000	1	10.48801	-66.87919
703448	Kyiv	Kyiv	UA	2952301	1	50.45466	30.5238
311046	İzmir	Izmir	TR	2938292	0	38.41273	27.13838
1806776	Huizhou	Huizhou	CN	2900113	0	23.11147	114.41523
3435910	Buenos Aires	Buenos Aires	AR	2891082	1	-34.61315	-58.37723
1786657	Yinchuan	Yinchuan	CN	2859074	0	38.46806	106.27306
1668399	Taichung	Taichung	TW	2850285	0	24.1469	120.6839
1267995	Kanpur	Kanpur	IN	2823249	0	26.46523	80.34975
6167865	Toronto	Toronto	CA	2794356	0	43.70643	-79.39864
3652462	Quito	Quito	EC	2781641	1	-0.22985	-78.52495
2174003	Brisbane	Brisbane	AU	2780063	0	-27.46794	153.02809
2240449	Luanda	Luanda	AO	2776168	1	-8.83682	13.23432
2038432	Baotou	Baotou	CN	2761700	0	40.6516	109.84389
1853909	Osaka	Osaka	JP	2753862	0	34.69379	135.50107
1803318	Linyi	Linyi	CN	2743843	0	35.06306	118.34278
1816971	Baoding	Baoding	CN	2739887	0	38.87288	115.46246
1673820	Kaohsiung	Kaohsiung	TW	2737660	0	22.61626	120.31333
5110302	Brooklyn	Brooklyn	US	2736074	0	40.6501	-73.94958
3657509	Guayaquil	Guayaquil	EC	2723665	0	-2.19616	-79.88621
3470127	Belo Horizonte	Belo Horizonte	BR	2721564	0	-19.92083	-43.93778
1800480	Minhang	Minhang	CN	2716600	0	31.10881	121.37471
11995100	Bazhong	Bazhong	CN	2712894	0	31.8694	106.74432
3450554	Salvador	Salvador	BR	2711840	0	-12.97563	-38.49096
2352778	Abuja	Abuja	NG	2690000	1	9.05785	7.49508
1200109	Gazipur	Gazipur	BD	2674697	0	23.99844	90.42234
4887398	Chicago	Chicago	US	2664452	0	41.85003	-87.65005
1791388	Wenzhou	Wenzhou	CN	2650000	0	27.99942	120.66682
1649378	Bekasi	Bekasi	ID	2648272	0	-6.2349	106.9896
2253354	Dakar	Dakar	SN	2646503	1	14.6937	-17.44406
1581298	Haiphong	Haiphong	VN	2625200	0	20.86481	106.68345
1785725	Yunfu	Yunfu	CN	2612800	0	22.92787	112.03809
53654	Mogadishu	Mogadishu	SO	2587183	1	2.03711	45.34375
2298890	Kumasi	Kumasi	GH	2544530	0	6.68848	-1.62443
1650357	Bandung	Bandung	ID	2528163	0	-6.92222	107.60694
1177662	Gujranwala	Gujranwala	PK	2511118	0	32.15567	74.18705
1214520	Medan	Medan	ID	2486283	0	3.58333	98.66667
1264733	Lucknow	Lucknow	IN	2472011	0	26.83928	80.92313
1788852	Xining	Xining	CN	2467965	0	36.62554	101.75739
2357048	Ouagadougou	Ouagadougou	BF	2415266	1	12.36566	-1.53388
1262180	Nagpur	Nagpur	IN	2405665	0	21.14631	79.08491
3399415	Fortaleza	Fortaleza	BR	2400000	0	-3.71722	-38.54306
3687925	Cali	Cali	CO	2392877	0	3.43054	-76.5199
2063523	Perth	Perth	AU	2384371	0	-31.95224	115.8614
1835329	Daegu	Daegu	KR	2365523	0	35.87028	128.59111
2507480	Algiers	Algiers	DZ	2364230	1	36.73225	3.08746
1800163	Nanchang	Nanchang	CN	2357839	0	28.68396	115.85306
587084	Baku	Baku	AZ	2351300	1	40.37767	49.89201
1856057	Nagoya	Nagoya	JP	2332176	0	35.18147	136.90641
3169070	Rome	Rome	IT	2318895	1	41.89193	12.51133
5133273	Queens	Queens	US	2316841	0	40.68149	-73.83652
4699066	Houston	Houston	US	2314157	0	29.76328	-95.36327
124665	Mashhad	Mashhad	IR	2307177	0	36.29807	59.60567
1795855	Shaoxing	Shaoxing	CN	2300000	0	30.00237	120.57864
1799722	Nantong	Nantong	CN	2273326	0	32.03028	120.87472
1816917	Baoshan	Baoshan	CN	2265900	0	31.40845	121.48956
314830	Gaziantep	Gaziantep	TR	2222415	0	37.05944	37.3825
922704	Lubumbashi	Lubumbashi	CD	2221925	0	-11.66089	27.47938
3663517	Manaus	Manaus	BR	2219580	0	-3.10194	-60.025
909137	Lusaka	Lusaka	ZM	2212301	1	-15.40669	28.28713
3469058	Brasília	Brasilia	BR	2207718	1	-15.77972	-47.92972
1790437	Zhuhai	Zhuhai	CN	2207090	0	22.27694	113.56778
3492908	Santo Domingo	Santo Domingo	DO	2201941	1	18.47186	-69.89232
2365267	Lomé	Lome	TG	2188376	1	6.12874	1.22154
1169825	Multan	Multan	PK	2169915	0	30.19679	71.47824
3553478	Havana	Havana	CU	2163824	1	23.13302	-82.38304
1645524	Depok	Depok	ID	2163635	0	-6.4	106.81861
8347664	Ordos	Ordos	CN	2153638	0	39.6086	109.78157
2988507	Paris	Paris	FR	2138551	1	48.85341	2.3488
1273865	Coimbatore	Coimbatore	IN	2136916	0	11.00555	76.96612
12359313	Qingyang	Qingyang	CN	2125400	0	35.70976	107.64455
2324774	Port Harcourt	Port Harcourt	NG	2120000	0	4.77742	7.0134
964137	Pretoria	Pretoria	ZA	2112693	1	-25.74486	28.18783
3860259	Córdoba	Cordoba	AR	2106734	0	-31.40648	-64.18853
209228	Mbuji-Mayi	Mbuji-Mayi	CD	2101332	0	-6.13603	23.58979
170063	Aleppo	Aleppo	SY	2098210	0	36.20124	37.16117
1785623	Kunshan	Kunshan	CN	2092496	0	31.37762	120.95431
1783621	Zunyi	Zunyi	CN	2037775	0	27.68667	106.90722
3911925	La Paz	La Paz	BO	2004652	0	-16.5	-68.15
10859300	Lianyungang	Lianyungang	CN	2001009	0	34.59845	119.21556
3674962	Medellín	Medellin	CO	1999979	0	6.245	-75.57151
1802940	Puning	Puning	CN	1998619	0	23.31072	116.16869
1269743	Indore	Indore	IN	1994397	0	22.71792	75.8333
2260535	Brazzaville	Brazzaville	CG	1982000	1	-4.26613	15.28318
1512569	Tashkent	Tashkent	UZ	1978028	1	41.26465	69.21627
1810638	Ganzhou	Ganzhou	CN	1977253	0	25.84664	114.9326
1526384	Almaty	Almaty	KZ	1977011	0	43.25249	76.9115
379252	Khartoum	Khartoum	SD	1974647	1	15.55177	32.53241
2911298	Hamburg	Hamburg	DE	1973896	0	53.55073	9.99302
2128295	Sapporo	Sapporo	JP	1973832	0	43.06667	141.35
1794035	Songjiang	Songjiang	CN	1973500	0	31.03443	121.22326
2306104	Accra	Accra	GH	1963264	1	5.55602	-0.1969
3464975	Curitiba	Curitiba	BR	1948626	0	-25.42778	-49.27306
71137	Sanaa	Sanaa	YE	1937451	1	15.35452	44.20646
2422465	Conakry	Conakry	GN	1928389	1	9.53795	-13.67729
1625084	Tangerang	Tangerang	ID	1927815	0	-6.17806	106.63
3981609	Tijuana	Tijuana	MX	1922523	0	32.5027	-117.00371
1176734	Hyderabad	Hyderabad	PK	1921275	0	25.39689	68.37718
276781	Beirut	Beirut	LB	1916100	1	33.89332	35.50157
1797121	Jieyang	Jieyang	CN	1899394	0	23.5418	116.36581
2036502	Jilin	Jilin	CN	1895865	0	43.84652	126.5608
1806508	Jiading	Jiading	CN	1886100	0	31.38575	121.24465
683506	Bucharest	Bucharest	RO	1877155	1	44.43225	26.10626
2422488	Camayenne	Camayenne	GN	1871242	0	9.535	-13.68778
195272	Kakamega	Kakamega	KE	1867579	0	0.28422	34.75229
1796134	Shangqiu	Shangqiu	CN	1859723	0	34.4143	115.65613
1800146	Nanchong	Nanchong	CN	1858875	0	30.79508	106.08473
1668355	Tainan	Tainan	TW	1856642	0	22.99083	120.21333
2335727	Kaduna	Kaduna	NG	1850000	0	10.52641	7.43879
365137	Omdurman	Omdurman	SD	1849659	0	15.64453	32.47773
1715348	Davao	Davao	PH	1848947	0	7.07306	125.61278
1254661	Thāne	Thane	IN	1841488	0	19.19704	72.96355
3526683	Iztapalapa	Iztapalapa	MX	1835486	0	19.35529	-99.06224
316541	Diyarbakır	Diyarbakir	TR	1833684	0	37.91363	40.21721
3904906	Santa Cruz de la Sierra	Santa Cruz de la Sierra	BO	1831434	0	-17.78629	-63.18117
1253573	Vadodara	Vadodara	IN	1822221	0	22.29941	73.20812
325363	Adana	Adana	TR	1816750	0	36.98615	35.32531
1799629	Nanyang	Nanyang	CN	1811812	0	33.00524	112.54659
292968	Abu Dhabi	Abu Dhabi	AE	1807000	1	24.45118	54.39696
1633070	Palembang	Palembang	ID	1801367	0	-2.91673	104.7458
292672	Sharjah	Sharjah	AE	1800000	0	25.3342	55.41221
1275841	Bhopal	Bhopal	IN	1798218	0	23.25469	77.40289
1806299	Jiangmen	Jiangmen	CN	1795459	0	22.58333	113.08333
2347283	Benin City	Benin City	NG	1782000	0	6.33815	5.62575
1815251	Jiangyin	Jiangyin	CN	1779515	0	31.91102	120.26302
1810845	Fuyang	Fuyang	CN	1768947	0	32.9	115.81667
6077243	Montréal	Montreal	CA	1762949	0	45.50884	-73.58781
11838258	Bayan Nur	Bayan Nur	CN	1760000	0	40.74143	107.38599
1793036	Chengtangcun	Chengtangcun	CN	1756300	0	35.08357	117.19071
3633009	Maracaibo	Maracaibo	VE	1752602	0	10.64232	-71.61089
1815395	Chaozhou	Chaozhou	CN	1750945	0	23.65396	116.62262
625144	Minsk	Minsk	BY	1742124	1	53.90019	27.56653
3054643	Budapest	Budapest	HU	1741041	1	47.49835	19.04045
1797945	Qingyuan	Qingyuan	CN	1738424	0	23.7	113.03333
1793724	Tai’an	Tai'an	CN	1735425	0	36.18528	117.12
1258393	Rasapūdipalem	Rasapudipalem	IN	1728128	0	17.73308	83.31622
7626690	Pimpri-Chinchwad	Pimpri-Chinchwad	IN	1727692	0	18.61867	73.80375
1720151	Caloocan	Caloocan	PH	1712945	0	14.64953	120.96788
756135	Warsaw	Warsaw	PL	1702139	1	52.22977	21.01178
953781	Soweto	Soweto	ZA	1695047	0	-26.26781	27.85849
1627896	Semarang	Semarang	ID	1694740	0	-6.99306	110.42083
3521081	Puebla	Puebla	MX	1692181	0	19.04778	-98.20723
2761369	Vienna	Vienna	AT	1691468	1	48.20849	16.37208
3128760	Barcelona	Barcelona	ES	1686208	0	41.38879	2.15899
1260086	Patna	Patna	IN	1684297	0	25.59408	85.13563
99072	Mosul	Mosul	IQ	1683000	0	36.335	43.11889
12165956	Kallakurichi	Kallakurichi	IN	1682687	0	11.73379	78.95925
232422	Kampala	Kampala	UG	1680600	1	0.31628	32.58219
7283386	Changshu	Changshu	CN	1677050	0	31.64615	120.74221
2538475	Rabat	Rabat	MA	1655753	1	34.01325	-6.83255
3390760	Recife	Recife	BR	1653461	0	-8.05389	-34.88111
5308655	Phoenix	Phoenix	US	1650070	0	33.44838	-112.07404
1793743	Suzhou	Suzhou	CN	1647642	0	33.63611	116.97889
3529612	Ecatepec de Morelos	Ecatepec de Morelos	MX	1645352	0	19.60492	-99.06064
1802206	Lu’an	Lu'an	CN	1644344	0	31.73561	116.51688
3625549	Valencia	Valencia	VE	1619470	0	10.16153	-68.00044
1264728	Ludhiana	Ludhiana	IN	1618879	0	30.91204	75.85379
1787746	Yancheng	Yancheng	CN	1615717	0	33.3575	120.1573
1496747	Novosibirsk	Novosibirsk	RU	1612833	0	55.02259	82.93175
95446	Erbil	Erbil	IQ	1612700	0	36.19117	44.00943
1863967	Fukuoka	Fukuoka	JP	1612392	0	33.6	130.41667
1793505	Taizhou	Taizhou	CN	1607108	0	32.49069	119.90812
2037860	Daqing	Daqing	CN	1604027	0	46.58333	125
212730	Kisangani	Kisangani	CD	1602144	0	0.51528	25.19099
1701668	Manila	Manila	PH	1600000	1	14.6042	120.9822
1791236	Wuhu	Wuhu	CN	1598165	0	31.35259	118.42947
3991164	Santiago de Querétaro	Santiago de Queretaro	MX	1594212	0	20.58806	-100.38806
1813325	Dazhou	Dazhou	CN	1589435	0	31.2106	107.46308
3998655	León de los Aldama	Leon de los Aldama	MX	1579803	0	21.12183	-101.68253
104515	Makkah	Makkah	SA	1578722	0	21.42664	39.82563
4560349	Philadelphia	Philadelphia	US	1573916	0	39.95238	-75.16362
1821306	Phnom Penh	Phnom Penh	KH	1573544	1	11.56245	104.91601
1809498	Guilin	Guilin	CN	1572300	0	25.28022	110.29639
170654	Damascus	Damascus	SY	1569394	1	33.5102	36.29128
1167528	Quetta	Quetta	PK	1565546	0	30.18414	67.00141
1784853	Zhaoqing	Zhaoqing	CN	1553109	0	23.04893	112.46091
2326016	Onitsha	Onitsha	NG	1553000	0	6.14978	6.78569
1800627	Mianyang	Mianyang	CN	1550000	0	31.46784	104.68168
2193733	Auckland	Auckland	NZ	1547200	0	-36.84853	174.76349
418863	Isfahan	Isfahan	IR	1547164	0	32.65246	51.67462
12358576	Wanzhou	Wanzhou	CN	1545900	0	30.76451	108.39586
1526273	Astana	Astana	KZ	1544142	1	51.1801	71.44598
890299	Harare	Harare	ZW	1542813	1	-17.82772	31.05337
2274895	Monrovia	Monrovia	LR	1542549	1	6.30054	-10.7969
1798449	Putian	Putian	CN	1539389	0	25.43944	119.01028
1859642	Kawasaki	Kawasaki	JP	1538262	0	35.52056	139.71722
3462377	Goiânia	Goiania	BR	1536097	0	-16.67861	-49.25389
4726206	San Antonio	San Antonio	US	1526656	0	29.42412	-98.49363
1859171	Kobe	Kobe	JP	1525152	0	34.6913	135.183
2036427	Jinzhou	Jinzhou	CN	1524362	0	41.10778	121.14167
2673730	Stockholm	Stockholm	SE	1515017	1	59.32938	18.06871
4013708	Ciudad Juárez	Ciudad Juarez	MX	1512450	0	31.72024	-106.46084
1586203	Cần Thơ	Can Tho	VN	1507187	0	10.03711	105.78825
2867714	Munich	Munich	DE	1505005	0	48.13743	11.57549
1336135	Khulna	Khulna	BD	1500689	0	22.80979	89.56439
3405870	Belém	Belem	BR	1499641	0	-1.45583	-48.50444
1486209	Yekaterinburg	Yekaterinburg	RU	1495066	0	56.85733	60.61529
3452925	Porto Alegre	Porto Alegre	BR	1488252	0	-30.03283	-51.23019
5125771	Manhattan	Manhattan	US	1487536	0	40.78343	-73.96625
1261731	Nashik	Nashik	IN	1486053	0	19.99727	73.79096
8400694	Taizhou	Taizhou	CN	1485502	0	28.66266	121.43312
3439389	Asunción	Asuncion	PY	1482200	1	-25.28646	-57.647
1814870	Yiwu	Yiwu	CN	1481384	0	29.31506	120.07676
3979770	Zapopan	Zapopan	MX	1476491	0	20.72111	-103.38742
1622786	Makassar	Makassar	ID	1474393	0	-5.14861	119.43194
2078025	Adelaide	Adelaide	AU	1469163	0	-34.92866	138.59863
1797353	Quanzhou	Quanzhou	CN	1469157	0	24.91389	118.58583
1264521	Madurai	Madurai	IN	1465625	0	9.919	78.11953
1805528	Jinhua	Jinhua	CN	1463990	0	29.10678	119.64421
1857910	Kyoto	Kyoto	JP	1463723	0	35.02107	135.75385
1806602	Cixi	Cixi	CN	1457510	0	30.1764	121.2457
1791121	Changde	Changde	CN	1457419	0	29.03205	111.69844
1735161	Kuala Lumpur	Kuala Lumpur	MY	1453975	1	3.1412	101.68653
308464	Kayseri	Kayseri	TR	1452458	0	38.73222	35.48528
1804879	Kaifeng	Kaifeng	CN	1451741	0	34.7986	114.30742
128747	Karaj	Karaj	IR	1448075	0	35.83266	50.99155
1283240	Kathmandu	Kathmandu	NP	1442271	1	27.70169	85.3206
1835235	Daejeon	Daejeon	KR	1441203	0	36.34913	127.38493
10942359	Baoji	Baoji	CN	1437802	0	34.36775	107.23705
1793771	Suqian	Suqian	CN	1437685	0	33.94917	118.29583
1803300	Liuzhou	Liuzhou	CN	1436599	0	24.32405	109.40698
1254361	Tirunelveli	Tirunelveli	IN	1435844	0	8.72742	77.6838
306571	Konya	Konya	TR	1433861	0	37.87135	32.48464
1787331	Zhangjiagang	Zhangjiagang	CN	1432044	0	31.865	120.53889
1279259	Agra	Agra	IN	1430055	0	27.18333	78.01667
8581443	South Tangerang	South Tangerang	ID	1429529	0	-6.28862	106.71789
113646	Tabriz	Tabriz	IR	1424641	0	38.08	46.2919
706483	Kharkiv	Kharkiv	UA	1421125	0	49.98177	36.25475
1788534	Xinyang	Xinyang	CN	1416800	0	32.12278	114.06556
1797658	Jinjiang	Jinjiang	CN	1416151	0	24.81978	118.57415
1271951	Faridabad	Faridabad	IN	1414050	0	28.41124	77.31316
1816234	Bozhou	Bozhou	CN	1409436	0	33.87722	115.77028
1797318	Qujing	Qujing	CN	1408500	0	25.48333	103.78333
5391811	San Diego	San Diego	US	1404452	0	32.71571	-117.16472
1841811	Gwangju	Gwangju	KR	1401235	0	35.15472	126.91556
1784990	Zhanjiang	Zhanjiang	CN	1400709	0	21.23391	110.38749
2037355	Fushun	Fushun	CN	1400646	0	41.88669	123.94363
1258847	Rājkot	Rajkot	IN	1390640	0	22.29161	70.79322
1801792	Luoyang	Luoyang	CN	1390581	0	34.67345	112.43684
4005539	Guadalajara	Guadalajara	MX	1385629	0	20.67738	-103.34749
5110266	The Bronx	The Bronx	US	1385108	0	40.84985	-73.86641
1802875	Guankou	Guankou	CN	1380000	0	28.15861	113.62709
1580240	Huế	Hue	VN	1380000	0	16.4619	107.59546
3173435	Milan	Milan	IT	1371498	0	45.46427	9.18951
1262111	Najafgarh	Najafgarh	IN	1365000	0	28.60922	76.97982
1804120	Lianjiang	Lianjiang	CN	1363470	0	21.64673	110.28172
2427123	N'Djamena	N'Djamena	TD	1359526	1	12.10672	15.0444
1808963	Handan	Handan	CN	1358318	0	36.60999	114.48764
1183460	Bannu	Bannu	PK	1357890	0	32.98527	70.60403
1786764	Yichang	Yichang	CN	1350150	0	30.71444	111.28472
1070940	Antananarivo	Antananarivo	MG	1349501	1	-18.91368	47.53613
1808198	Heze	Heze	CN	1346717	0	35.23929	115.47358
3461786	Guarulhos	Guarulhos	BR	1345364	0	-23.46278	-46.53333
2293521	Abobo	Abobo	CI	1340083	0	5.41613	-4.0159
1269300	Jamshedpur	Jamshedpur	IN	1339438	0	22.80278	86.18545
2232593	Douala	Douala	CM	1338082	0	4.04827	9.70428
323777	Antalya	Antalya	TR	1335002	0	36.90812	30.69556
99532	Basrah	Basrah	IQ	1326564	0	30.50852	47.7804
4684888	Dallas	Dallas	US	1326087	0	32.78306	-96.80667
6940394	Saitama	Saitama	JP	1324854	0	35.90807	139.65657
2440485	Niamey	Niamey	NE	1323691	1	13.51366	2.1098
8533133	Liupanshui	Liupanshui	CN	1320825	0	26.59444	104.83333
1684308	Taguig	Taguig	PH	1308085	0	14.5243	121.0792
1801180	Maoming	Maoming	CN	1307802	0	21.66625	110.91364
5913490	Calgary	Calgary	CA	1306784	0	51.05011	-114.08529
2210247	Tripoli	Tripoli	LY	1302947	1	32.88743	13.18733
109223	Madinah	Madinah	SA	1300000	0	24.46861	39.61417
2220957	Yaoundé	Yaounde	CM	1299369	1	3.86667	11.51667
6295587	Batam	Batam	ID	1296960	0	1.14937	104.02491
1797551	Qinzhou	Qinzhou	CN	1296300	0	21.98247	108.65061
1801934	Luohe	Luohe	CN	1294974	0	33.57424	114.03261
1790587	Xiangyang	Xiangyang	CN	1294733	0	32.0422	112.14479
1806408	Yangjiang	Yangjiang	CN	1292987	0	21.85563	111.96272
1786760	Yixing	Yixing	CN	1285785	0	31.36059	119.82016
1259652	Pimpri	Pimpri	IN	1284606	0	18.62292	73.80696
1583992	Da Nang	Da Nang	VN	1276000	0	16.06778	108.22083
250441	Amman	Amman	JO	1275857	1	31.95522	35.94503
1723510	Budta	Budta	PH	1273715	0	7.20417	124.43972
792680	Belgrade	Belgrade	RS	1273651	1	44.80401	20.46513
1587923	Biên Hòa	Bien Hoa	VN	1272235	0	10.94469	106.82432
214481	Kananga	Kananga	CD	1271704	0	-5.89624	22.41659
1797798	Qingpu	Qingpu	CN	1271424	0	31.15394	121.11408
3441575	Montevideo	Montevideo	UY	1270737	1	-34.90328	-56.18816
1788046	Xuchang	Xuchang	CN	1265536	0	34.03189	113.86299
1268295	Kalyān	Kalyan	IN	1262255	0	19.2437	73.13554
1783745	Zigong	Zigong	CN	1262064	0	29.34162	104.77689
520555	Nizhniy Novgorod	Nizhniy Novgorod	RU	1259013	0	56.32867	44.00205
1642548	Jepara	Jepara	ID	1257912	0	-6.5924	110.671
1040652	Maputo	Maputo	MZ	1254837	1	-25.96553	32.58322
10630003	Xuzhou	Xuzhou	CN	1253991	0	34.20442	117.28386
110336	Dammam	Dammam	SA	1252523	0	26.43442	50.10326
1799491	Neijiang	Neijiang	CN	1251095	0	29.58354	105.06216
115019	Shiraz	Shiraz	IR	1249942	0	29.61031	52.53113
1808316	Heshan	Heshan	CN	1249807	0	28.56938	112.34733
1272423	Dombivali	Dombivali	IN	1247327	0	19.21667	73.08333
551487	Kazan	Kazan	RU	1243500	0	55.78874	49.12214
1805518	Jining	Jining	CN	1241012	0	35.405	116.58139
3648522	Barquisimeto	Barquisimeto	VE	1240714	0	10.0647	-69.35703
349076	Shubrā al Khaymah	Shubra al Khaymah	EG	1240289	0	30.12511	31.25053
1798439	Putuo	Putuo	CN	1239100	0	31.251	121.3897
3718426	Port-au-Prince	Port-au-Prince	HT	1234742	1	18.54349	-72.33881
1835553	Suwon	Suwon	KR	1234582	0	37.29111	127.00889
1803834	Liaocheng	Liaocheng	CN	1229768	0	36.45064	116.00247
10942283	Jinzhong	Jinzhong	CN	1226617	0	37.68403	112.75471
3946083	Callao	Callao	PE	1226200	0	-12.05162	-77.13452
1263214	Meerut	Meerut	IN	1223184	0	28.98002	77.70636
1253133	Virār	Virar	IN	1222390	0	19.45591	72.81136
1261162	Nowrangapur	Nowrangapur	IN	1220946	0	19.23114	82.54826
94824	Karbala	Karbala	IQ	1218732	0	32.61603	44.02488
1808956	Changzhi	Changzhi	CN	1214940	0	36.18389	113.10528
1792892	Tianshui	Tianshui	CN	1212791	0	34.57952	105.74238
7802746	Sadr City	Sadr City	IQ	1211849	0	33.3889	44.4583
1787375	Yangpu	Yangpu	CN	1210800	0	31.26193	121.51904
186301	Mombasa	Mombasa	KE	1208333	0	-4.05466	39.66359
1311874	Mandalay	Mandalay	MM	1208099	0	21.97473	96.08359
1255634	Srinagar	Srinagar	IN	1206419	0	34.08565	74.80555
3689147	Barranquilla	Barranquilla	CO	1206319	0	10.96854	-74.78132
1508291	Chelyabinsk	Chelyabinsk	RU	1202371	0	55.1611	61.42877
3523349	Mérida	Merida	MX	1201000	0	20.967	-89.62318
1862415	Hiroshima	Hiroshima	JP	1200754	0	34.4	132.45
3492914	Santiago de los Caballeros	Santiago de los Caballeros	DO	1200000	0	19.45036	-70.69085
1518980	Shymkent	Shymkent	KZ	1200000	0	42.30988	69.60042
1791636	Weinan	Weinan	CN	1199290	0	34.50355	109.50891
1271308	Ghāziābād	Ghaziabad	IN	1199191	0	28.66535	77.43915
1039854	Matola	Matola	MZ	1198988	0	-25.96222	32.45889
1272979	Dhanbad	Dhanbad	IN	1196214	0	23.79759	86.42992
3947322	Arequipa	Arequipa	PE	1195700	0	-16.39899	-71.53747
2548885	Fes	Fes	MA	1191905	0	34.03313	-5.00028
3514674	Gustavo Adolfo Madero	Gustavo Adolfo Madero	MX	1185772	0	19.49392	-99.11075
2377450	Nouakchott	Nouakchott	MR	1184530	1	18.08581	-15.9785
1805953	Jiaxing	Jiaxing	CN	1180000	0	30.7522	120.75
1278149	Aurangabad	Aurangabad	IN	1175116	0	19.87757	75.34226
1784285	Zhongwei	Zhongwei	CN	1174600	0	37.51129	105.19067
1496153	Omsk	Omsk	RU	1172070	0	54.99244	73.36859
2246678	Pikine	Pikine	SN	1170791	0	14.76457	-17.39071
1631761	Pekanbaru	Pekanbaru	ID	1167599	0	0.51667	101.44167
10794003	Panjin	Panjin	CN	1166481	0	41.121	122.0739
1624917	Bandar Lampung	Bandar Lampung	ID	1166066	0	-5.42917	105.26111
3067696	Prague	Prague	CZ	1165581	1	50.08804	14.42076
1253405	Varanasi	Varanasi	IN	1164404	0	25.31668	83.01041
1805179	Jiujiang	Jiujiang	CN	1164268	0	29.70475	116.00206
499099	Samara	Samara	RU	1163399	0	53.20767	50.13553
2353151	Aba	Aba	NG	1160000	0	5.10658	7.36667
1278710	Amritsar	Amritsar	IN	1159227	0	31.62234	74.87534
2655603	Birmingham	Birmingham	GB	1157603	0	52.48142	-1.89983
2618425	Copenhagen	Copenhagen	DK	1153615	1	55.67594	12.56553
727011	Sofia	Sofia	BG	1152556	1	42.69751	23.32415
1785294	Anyang	Anyang	CN	1146839	0	36.096	114.38278
616052	Yerevan	Yerevan	AM	1144700	1	40.17765	44.5126
1253184	Vijayawada	Vijayawada	IN	1143232	0	16.50745	80.6466
13608002	Fengxiang	Fengxiang	CN	1140872	0	30.85841	121.46779
1816373	Bijie	Bijie	CN	1137383	0	27.30193	105.28627
3995465	Monterrey	Monterrey	MX	1135512	0	25.68435	-100.31721
202061	Kigali	Kigali	RW	1132686	1	-1.94995	30.05885
501175	Rostov-on-Don	Rostov-on-Don	RU	1130305	0	47.21997	39.70769
1783763	Zhuzhou	Zhuzhou	CN	1129687	0	27.83333	113.15
1797063	Rui’an	Rui'an	CN	1125000	0	27.77605	120.65859
1978681	Malingao	Malingao	PH	1121974	0	7.16083	124.475
2244322	Touba	Touba	SN	1120824	0	14.86229	-15.87532
479561	Ufa	Ufa	RU	1120547	0	54.74306	55.96779
1258526	Ranchi	Ranchi	IN	1120374	0	23.34316	85.3094
1783633	Zoucheng	Zoucheng	CN	1116692	0	35.40056	116.96556
1787858	Shangrao	Shangrao	CN	1116486	0	28.45179	117.94287
927967	Lilongwe	Lilongwe	MW	1115815	1	-13.96692	33.78725
1807700	Huaibei	Huaibei	CN	1113321	0	33.97444	116.79167
2331447	Maiduguri	Maiduguri	NG	1110000	0	11.84692	13.15712
1787957	Xuhui	Xuhui	CN	1109800	0	31.19594	121.44709
1800818	Meishan	Meishan	CN	1107742	0	30.04392	103.83696
152224	Mwanza	Mwanza	TZ	1104521	0	-2.51667	32.9
1833747	Ulsan	Ulsan	KR	1098421	0	35.53722	129.31667
2111149	Sendai	Sendai	JP	1096704	0	38.26667	140.86667
1502026	Krasnoyarsk	Krasnoyarsk	RU	1090811	0	56.03742	92.93136
1810820	Fuzhou	Fuzhou	CN	1089888	0	27.95999	116.33333
1809532	Guigang	Guigang	CN	1086327	0	23.11603	109.59472
3143244	Oslo	Oslo	NO	1082575	1	59.91273	10.74609
1269633	Jabalpur	Jabalpur	IN	1081677	0	23.16697	79.95006
2337639	Ilorin	Ilorin	NG	1080000	0	8.49664	4.54214
415189	Aden	Aden	YE	1079670	0	12.77957	45.03852
1648473	Bogor	Bogor	ID	1078351	0	-6.59444	106.78917
3530589	Ciudad Nezahualcoyotl	Ciudad Nezahualcoyotl	MX	1077208	0	19.40061	-99.01483
1808370	Hengyang	Hengyang	CN	1075516	0	26.88946	112.61888
1278994	Prayagraj	Prayagraj	IN	1073438	0	25.44478	81.84322
3691175	Trujillo	Trujillo	PE	1067700	0	-8.11599	-79.02998
1253102	Visakhapatnam	Visakhapatnam	IN	1063178	0	17.68009	83.20161
1842485	Goyang-si	Goyang-si	KR	1061752	0	37.65639	126.835
1785781	Yulin	Yulin	CN	1056743	0	22.6305	110.14686
1268865	Jodhpur	Jodhpur	IN	1056191	0	26.26841	73.00594
1270583	Gwalior	Gwalior	IN	1054420	0	26.22983	78.17337
1805540	Jingzhou	Jingzhou	CN	1052282	0	30.35028	112.19028
964420	Gqeberha	Gqeberha	ZA	1050078	0	-33.96109	25.61494
611717	Tbilisi	Tbilisi	GE	1049498	1	41.69143	44.83412
472045	Voronezh	Voronezh	RU	1047549	0	51.66833	39.19204
1788572	Xinxiang	Xinxiang	CN	1047088	0	35.19033	113.80151
1786746	Yichun	Yichun	CN	1045952	0	27.83333	114.4
2322911	Sokoto	Sokoto	NG	1040000	0	13.06269	5.24322
2335953	Jos	Jos	NG	1040000	0	9.92849	8.89212
2530335	Tangier	Tangier	MA	1035141	0	35.76727	-5.79975
1790353	Xianyang	Xianyang	CN	1034081	0	34.33778	108.70261
3996069	Mexicali	Mexicali	MX	1032686	0	32.62781	-115.45446
2255414	Pointe-Noire	Pointe-Noire	CG	1032000	0	-4.77609	11.86352
3395981	Maceió	Maceio	BR	1031597	0	-9.66583	-35.73528
3467865	Campinas	Campinas	BR	1031554	0	-22.90556	-47.06083
1796556	Sanya	Sanya	CN	1031396	0	18.25435	109.50947
1185188	Rangpur	Rangpur	BD	1031388	0	25.74664	89.25166
94787	Kirkuk	Kirkuk	IQ	1031000	0	35.46806	44.39222
162183	Ashgabat	Ashgabat	TM	1030063	1	37.95	58.38333
1795874	Shaoguan	Shaoguan	CN	1028460	0	24.8	113.58333
1270396	Howrah	Howrah	IN	1027672	0	22.57688	88.31857
1258980	Raipur	Raipur	IN	1027264	0	21.23333	81.63333
1846326	Changwon	Changwon	KR	1025702	0	35.22806	128.68111
1802276	Longyan	Longyan	CN	1025087	0	25.07485	117.01775
2886242	Köln	Koeln	DE	1024621	0	50.93333	6.95
2964574	Dublin	Dublin	IE	1024027	1	53.33306	-6.24889
1254388	Tiruchirappalli	Tiruchirappalli	IN	1022518	0	10.8155	78.69651
1786217	Yongzhou	Yongzhou	CN	1020715	0	26.42389	111.61306
2800866	Brussels	Brussels	BE	1019022	1	50.85045	4.34878
1679432	Zamboanga	Zamboanga	PH	1018849	0	6.91028	122.07389
6094817	Ottawa	Ottawa	CA	1017449	1	45.41117	-75.69812
1806535	Huzhou	Huzhou	CN	1015937	0	30.8703	120.0933
1812057	Xinyi	Xinyi	CN	1014577	0	22.37303	110.94746
472757	Volgograd	Volgograd	RU	1013533	0	48.71378	44.4976
379251	Khartoum North	Khartoum North	SD	1012211	0	15.64925	32.53458
5946768	Edmonton	Edmonton	CA	1010899	0	53.55014	-113.46871
698740	Odesa	Odesa	UA	1010537	0	46.48572	30.74383
1803936	Wuwei	Wuwei	CN	1010295	0	37.92672	102.63202
4160021	Jacksonville	Jacksonville	US	1009833	0	30.33218	-81.65565
4691930	Fort Worth	Fort Worth	US	1008106	0	32.72541	-97.32085
1786455	Yishui	Yishui	CN	1007100	0	35.78472	118.62806
1808857	Hanzhong	Hanzhong	CN	1006557	0	33.07507	107.02214
7576887	Hezhou	Hezhou	CN	1005490	0	24.40357	111.56675
1266049	Kota	Kota	IN	1001694	0	25.18254	75.83907
7602670	Zhu Cheng City	Zhu Cheng City	CN	1000000	0	35.99502	119.40259
1812101	Dongying	Dongying	CN	998968	0	37.46271	118.49165
1801640	Luzhou	Luzhou	CN	998900	0	28.8903	105.42575
5392171	San Jose	San Jose	US	997368	0	37.33939	-121.89496
1256436	Sholapur	Sholapur	IN	997281	0	17.67152	75.91044
2542997	Marrakesh	Marrakesh	MA	995871	0	31.63416	-7.99994
3598132	Guatemala City	Guatemala City	GT	994938	1	14.64072	-90.51327
1800779	Meizhou	Meizhou	CN	992351	0	24.28859	116.11768
1927639	Yueyang	Yueyang	CN	991465	0	29.37455	113.09481
1804591	Laiwu	Laiwu	CN	989535	0	36.19278	117.65694
747323	Esenyurt	Esenyurt	TR	983571	0	41.02697	28.67732
511196	Perm	Perm	RU	982419	0	58.01046	56.25017
2317765	Zaria	Zaria	NG	980000	0	11.11128	7.7227
2113015	Chiba	Chiba	JP	979768	0	35.6	140.11667
1798827	Pingdingshan	Pingdingshan	CN	979130	0	33.73091	113.31554
3645528	Ciudad Guayana	Ciudad Guayana	VE	978202	0	8.35122	-62.64102
1166000	Sargodha	Sargodha	PK	975886	0	32.08586	72.67418
4671654	Austin	Austin	US	974447	0	30.26715	-97.74306
3617763	Managua	Managua	NI	973087	1	12.13282	-86.2504
1816440	Bengbu	Bengbu	CN	972784	0	32.94083	117.36083
2537763	Salé	Sale	MA	972299	0	34.0531	-6.79846
281184	Jerusalem	Jerusalem	IL	971800	0	31.76904	35.21633
1274746	Chandigarh	Chandigarh	IN	970602	0	30.73629	76.7884
709930	Dnipro	Dnipro	UA	968502	0	48.46664	35.04066
1789176	Feicheng	Feicheng	CN	968100	0	36.24861	116.76583
1717512	Cebu City	Cebu City	PH	965332	0	10.31672	123.89071
1796823	Sanhe	Sanhe	CN	965075	0	39.98049	117.06887
1809412	Guli	Guli	CN	964203	0	28.88162	120.03308
1254348	Tiruppur	Tiruppur	IN	963173	0	11.11541	77.35456
1271476	Guwahati	Guwahati	IN	962334	0	26.1844	91.7458
1790492	Xiangtan	Xiangtan	CN	959303	0	27.85	112.9
1803567	Linfen	Linfen	CN	959198	0	36.08889	111.51889
1931681	Victoria	Victoria	HK	956800	0	22.2875	114.14417
1784642	Zhenjiang	Zhenjiang	CN	950516	0	32.21086	119.45508
2343279	Enugu	Enugu	NG	950000	0	6.44132	7.49883
3838583	Rosario	Rosario	AR	948312	0	-32.94682	-60.63932
101760	Sulţānah	Sultanah	SA	946697	0	24.49258	39.58572
2036662	Huludao	Huludao	CN	944495	0	40.75243	120.83552
1269920	Hubballi	Hubballi	IN	943788	0	15.34776	75.13378
1633419	Padang	Padang	ID	942938	0	-0.94924	100.35427
1859307	Kitakyushu	Kitakyushu	JP	940978	0	33.85181	130.85034
70225	Taiz	Taiz	YE	940600	0	13.57952	44.02091
3489854	Kingston	Kingston	JM	937700	1	17.99702	-76.79358
1281673	Baoshan	Baoshan	CN	935618	0	25.11626	99.16366
4014338	Chihuahua	Chihuahua	MX	925762	0	28.63528	-106.08889
6611854	Nay Pyi Taw	Nay Pyi Taw	MM	925000	1	19.745	96.12972
315202	Eskişehir	Eskisehir	TR	921630	0	39.77667	30.52056
1262321	Mysuru	Mysuru	IN	920550	0	12.29791	76.63925
2038087	Chengde	Chengde	CN	920395	0	40.9519	117.95883
1257629	Salem	Salem	IN	917414	0	11.65376	78.15538
3388368	São Luís	Sao Luis	BR	917237	0	-2.52972	-44.30278
1897000	Seongnam-si	Seongnam-si	KR	914832	0	37.43861	127.13778
3687238	Cartagena	Cartagena	CO	914552	0	10.39817	-75.49328
1730501	Antipolo	Antipolo	PH	913712	0	14.62578	121.12251
4509177	Columbus	Columbus	US	913175	0	39.96118	-82.99879
1164909	Sialkot	Sialkot	PK	911817	0	32.49268	74.53134
4460243	Charlotte	Charlotte	US	911311	0	35.22709	-80.84313
1804609	Laibin	Laibin	CN	910282	0	23.74743	109.22222
2319133	Warri	Warri	NG	910000	0	5.51737	5.75006
3172394	Naples	Naples	IT	909048	0	40.85216	14.26811
1790254	Xiaogan	Xiaogan	CN	908266	0	30.92689	113.92221
1800829	Wuchuan	Wuchuan	CN	907354	0	21.45713	110.76591
3467747	Campo Grande	Campo Grande	BR	906092	0	-20.44278	-54.64639
1783683	Ziyang	Ziyang	CN	905729	0	30.12108	104.64811
2362344	Bobo-Dioulasso	Bobo-Dioulasso	BF	904920	0	11.18064	-4.29489
1183880	Bahawalpur	Bahawalpur	PK	903795	0	29.39779	71.6752
1797264	Quzhou	Quzhou	CN	902767	0	28.95944	118.86861
931755	Blantyre	Blantyre	MW	902588	0	-15.78499	35.00854
709717	Donetsk	Donetsk	UA	901645	0	48.023	37.80224
100077	Abū Ghurayb	Abu Ghurayb	IQ	900000	0	33.30563	44.18477
119208	Qom	Qom	IR	900000	0	34.6401	50.8764
1528675	Bishkek	Bishkek	KG	900000	1	42.87	74.59
542420	Krasnodar	Krasnodar	RU	899541	0	45.04534	38.98178
3394023	Natal	Natal	BR	896708	0	-5.795	-35.20944
1798654	Pingxiang	Pingxiang	CN	893550	0	27.61672	113.85353
1636722	Malang	Malang	ID	889359	0	-7.9797	112.6304
3531673	Cancún	Cancun	MX	888797	0	21.17429	-86.84656
4259418	Indianapolis	Indianapolis	US	887642	0	39.76838	-86.15804
1270642	Gurugram	Gurugram	IN	886519	0	28.4601	77.02635
1275817	Bhubaneswar	Bhubaneswar	IN	885363	0	20.27241	85.83385
1886762	Zhoushan	Zhoushan	CN	882932	0	29.98869	122.20488
2035265	Qiqihar	Qiqihar	CN	882364	0	47.33922	123.96154
8307074	Mulenvos	Mulenvos	AO	882014	0	-8.86695	13.3344
98463	Sulaymaniyah	Sulaymaniyah	IQ	878146	0	35.56496	45.4329
2995469	Marseille	Marseille	FR	877215	0	43.29695	5.38107
1275901	Bhiwandi	Bhiwandi	IN	874032	0	19.30023	73.05881
954013	Soshanguve	Soshanguve	ZA	872309	0	-25.47288	28.09919
1804586	Laiyang	Laiyang	CN	872000	0	36.97583	120.71361
1813206	Daye	Daye	CN	871214	0	30.08333	114.95
3386496	Teresina	Teresina	BR	871126	0	-5.08917	-42.80194
1789065	Ankang	Ankang	CN	870126	0	32.68	109.01722
1268782	Jalandhar	Jalandhar	IN	868929	0	31.32556	75.57917
2747891	Rotterdam	Rotterdam	NL	868135	0	51.9225	4.47917
1804540	Langfang	Langfang	CN	868066	0	39.52079	116.71471
1280737	Lhasa	Lhasa	CN	867900	0	29.65	91.1
3464374	Duque de Caxias	Duque de Caxias	BR	866347	0	-22.78556	-43.31167
2236500	Viana	Viana	AO	865863	0	-8.90553	13.37499
1805987	Jiaozuo	Jiaozuo	CN	865413	0	35.23925	113.23914
1629001	Samarinda	Samarinda	ID	865306	0	-0.49167	117.14583
2038300	Benxi	Benxi	CN	865215	0	41.28861	123.765
1791748	Wanxian	Wanxian	CN	859662	0	30.81601	108.37407
1799194	Guang’an	Guang'an	CN	858159	0	30.47413	106.63696
1732752	Johor Bahru	Johor Bahru	MY	858118	0	1.4655	103.7578
1184370	Arifwala	Arifwala	PK	854462	0	30.29058	73.06574
7290466	Pasig City	Pasig City	PH	853050	0	14.58691	121.0614
1845604	Cheongju-si	Cheongju-si	KR	852147	0	36.63722	127.48972
12501153	Kanayannur	Kanayannur	IN	851406	0	9.96667	76.26667
3600949	Tegucigalpa	Tegucigalpa	HN	850848	1	14.0818	-87.20681
1838716	Bucheon-si	Bucheon-si	KR	850731	0	37.49889	126.78306
1566166	Thanh Hóa	Thanh Hoa	VN	850000	0	19.8	105.76667
3165524	Turin	Turin	IT	847287	0	45.07049	7.68682
292913	Al Ain City	Al Ain City	AE	846747	0	24.19167	55.76056
2399697	Libreville	Libreville	GA	846090	1	0.39241	9.45356
498677	Saratov	Saratov	RU	844858	0	51.54048	45.9901
2028462	Ulan Bator	Ulan Bator	MN	844818	1	47.90771	106.88324
1791673	Weihai	Weihai	CN	844310	0	37.50914	122.11356
1821940	Takeo	Takeo	KH	843931	0	10.99081	104.78498
3456160	Nova Iguaçu	Nova Iguacu	BR	843046	0	-22.75917	-43.45111
3919968	Cochabamba	Cochabamba	BO	841276	0	-17.38195	-66.15995
144448	Ahvaz	Ahvaz	IR	841145	0	31.31901	48.6842
1651944	Vientiane	Vientiane	LA	840940	1	17.96667	102.6
3449344	São Bernardo do Campo	Sao Bernardo do Campo	BR	840499	0	-23.69389	-46.565
1817720	Shangyu	Shangyu	CN	839747	0	30.01556	120.87111
1788508	Xinyu	Xinyu	CN	839488	0	27.80429	114.93335
965301	Pietermaritzburg	Pietermaritzburg	ZA	839327	0	-29.61679	30.39278
1786770	Yibin	Yibin	CN	836340	0	28.7593	104.63994
3522790	Naucalpan de Juárez	Naucalpan de Juarez	MX	834434	0	19.47851	-99.23963
1771023	Kampung Baru Subang	Kampung Baru Subang	MY	833571	0	3.15	101.53333
2290956	Bouaké	Bouake	CI	832371	0	7.69385	-5.03031
1793703	Taicang	Taicang	CN	831113	0	31.44778	121.09389
5391959	San Francisco	San Francisco	US	827526	0	37.77493	-122.41942
1853195	Sakai	Sakai	JP	826161	0	34.58216	135.46653
2509954	Valencia	Valencia	ES	824340	0	39.47391	-0.37966
13608000	Jinshan	Jinshan	CN	822776	0	30.83556	121.29373
1815059	Chenzhou	Chenzhou	CN	822534	0	25.8	113.03333
3397277	João Pessoa	Joao Pessoa	BR	817511	0	-7.115	-34.86306
217831	Bukavu	Bukavu	CD	816811	0	-2.49077	28.84281
3094802	Kraków	Krakow	PL	816614	0	50.06143	19.93658
2037886	Dandong	Dandong	CN	815858	0	40.12917	124.39472
3648559	Barcelona	Barcelona	VE	815141	0	10.1384	-64.68769
2389853	Bangui	Bangui	CF	812407	1	4.36122	18.55496
4004898	Hermosillo	Hermosillo	MX	812229	0	29.08874	-110.96677
1276014	Bhayandar	Bhayandar	IN	809378	0	19.30157	72.85107
4012176	Culiacán	Culiacan	MX	808416	0	24.80209	-107.39421
1735158	Petaling Jaya	Petaling Jaya	MY	807879	0	3.10726	101.60671
1817993	Anqing	Anqing	CN	804493	0	30.51365	117.04723
2485926	Oran	Oran	DZ	803329	0	35.69906	-0.63588
2409306	Freetown	Freetown	SL	802639	1	8.48714	-13.2356
3601782	San Pedro Sula	San Pedro Sula	HN	801259	0	15.50585	-88.02588
1261809	Narela	Narela	IN	800000	0	28.85267	77.09288
1788927	Xingtai	Xingtai	CN	798770	0	37.06217	114.49272
1855431	Niigata	Niigata	JP	797591	0	37.92259	139.04125
287286	Muscat	Muscat	OM	797000	1	23.58413	58.40778
250090	Zarqa	Zarqa	JO	792665	0	32.07275	36.08796
6955677	Çankaya	Cankaya	TR	792189	0	39.9179	32.86268
742394	Küçükçekmece	Kuecuekcekmece	TR	792030	0	40.99104	28.77123
1863289	Hamamatsu	Hamamatsu	JP	791707	0	34.7	137.73333
922773	Kolwezi	Kolwezi	CD	790248	0	-10.71484	25.46674
1562798	Vinh	Vinh	VN	790000	0	18.67337	105.69232
1254163	Thiruvananthapuram	Thiruvananthapuram	IN	788271	0	8.4855	76.94924
1784841	Zhaotong	Zhaotong	CN	787845	0	27.31667	103.71667
6929460	Panzhihua	Panzhihua	CN	787177	0	26.58509	101.71276
1814757	Chuzhou	Chuzhou	CN	782671	0	32.32194	118.29778
5809844	Seattle	Seattle	US	780995	0	47.60621	-122.33207
358619	Port Said	Port Said	EG	780515	0	31.26531	32.3019
3685533	Cúcuta	Cucuta	CO	777106	0	7.90745	-72.5049
169577	Homs	Homs	SY	775404	0	34.72405	36.72559
1788081	Xuancheng	Xuancheng	CN	774332	0	30.9525	118.75528
74477	Ibb	Ibb	YE	771514	0	13.96667	44.18333
1624647	Tasikmalaya	Tasikmalaya	ID	770839	0	-7.3274	108.2207
1033356	Nampula	Nampula	MZ	770379	0	-15.11646	39.2666
425378	Bujumbura	Bujumbura	BI	769317	0	-3.38193	29.36142
1488754	Tyumen	Tyumen	RU	768358	0	57.15222	65.52722
315368	Erzurum	Erzurum	TR	767848	0	39.90861	41.27694
1817968	Anshun	Anshun	CN	765313	0	26.25	105.93333
160196	Dodoma	Dodoma	TZ	765179	1	-6.17221	35.73947
1185128	Rajshahi	Rajshahi	BD	763580	0	24.374	88.60114
1180281	Dera Ismail Khan	Dera Ismail Khan	PK	763195	0	31.83129	70.9017
3447399	Sorocaba	Sorocaba	BR	762172	0	-23.50167	-47.45806
1790840	Wuzhou	Wuzhou	CN	761948	0	23.48054	111.28848
1734634	Ipoh	Ipoh	MY	759952	0	4.5841	101.0829
1797595	Qinhuangdao	Qinhuangdao	CN	759718	0	39.94104	119.58936
88319	Benghazi	Benghazi	LY	757490	0	32.11486	20.06859
3445831	Uberlândia	Uberlandia	BR	754954	0	-18.91861	-48.27722
1279017	Alīgarh	Aligarh	IN	753207	0	27.88145	78.07464
1816920	Shaoyang	Shaoyang	CN	753194	0	27.23818	111.46214
304922	Malatya	Malatya	TR	750491	0	38.35018	38.31667
6183235	Winnipeg	Winnipeg	CA	749607	0	49.8844	-97.14704
8469289	Ōta	Ota	JP	748081	0	35.56126	139.71605
1514588	Andijon	Andijon	UZ	747800	0	40.78338	72.35067
1277013	Bareilly	Bareilly	IN	745435	0	28.36678	79.43167
107304	Buraydah	Buraydah	SA	745353	0	26.32599	43.97497
2036986	Hegang	Hegang	CN	743307	0	47.34727	130.29033
3995402	Morelia	Morelia	MX	743275	0	19.70078	-101.18443
456172	Riga	Riga	LV	742572	1	56.946	24.10589
1784055	Zhuanghe	Zhuanghe	CN	742496	0	39.70083	122.99111
2759794	Amsterdam	Amsterdam	NL	741636	1	52.37403	4.88969
1721080	Cagayan de Oro	Cagayan de Oro	PH	741617	0	8.48222	124.64722
1801620	Ma’anshan	Ma'anshan	CN	741531	0	31.68579	118.51008
1732903	Shah Alam	Shah Alam	MY	740750	0	3.08507	101.53281
751324	Bağcılar	Bagcilar	TR	740069	0	41.03903	28.85671
12324556	Shizuishan	Shizuishan	CN	739400	0	38.98082	106.3892
1858421	Kumamoto	Kumamoto	JP	738907	0	32.80589	130.69181
2325200	Oyo	Oyo	NG	736072	0	7.85367	3.93235
1627549	Serang	Serang	ID	735651	0	-6.11528	106.15417
3981254	Torreón	Torreon	MX	735340	0	25.54389	-103.41898
1812961	Deyang	Deyang	CN	735070	0	31.13019	104.38198
2352947	Abeokuta	Abeokuta	NG	735000	0	7.15571	3.34509
79415	Al Ḩudaydah	Al Hudaydah	YE	734699	0	14.79781	42.95452
1787351	Yangquan	Yangquan	CN	731228	0	37.8575	113.56333
2350841	Akure	Akure	NG	730000	0	7.25256	5.19312
5419384	Denver	Denver	US	729019	0	39.73915	-104.9847
3455775	Osasco	Osasco	BR	728615	0	-23.5325	-46.79167
7758790	Kikolo	Kikolo	AO	728205	0	-8.7815	13.33384
2239888	Maianga	Maianga	AO	727681	0	-8.84693	13.23698
3448636	São José dos Campos	Sao Jose dos Campos	BR	727078	0	-23.17944	-45.88694
1865689	Aihara	Aihara	JP	725493	0	35.6	139.31667
1004866	Evaton	Evaton	ZA	725468	0	-26.53333	27.85
1680102	Valenzuela	Valenzuela	PH	725173	0	14.7	120.9667
1169607	Muzaffarābād	Muzaffarabad	PK	725000	0	34.37002	73.47082
1854383	Okayama	Okayama	JP	724691	0	34.65	133.93333
3985606	San Luis Potosí	San Luis Potosi	MX	722772	0	22.15234	-100.97135
4019233	Aguascalientes	Aguascalientes	MX	722250	0	21.88262	-102.2843
1713022	General Santos	General Santos	PH	722059	0	6.11278	125.17167
1783873	Zhumadian	Zhumadian	CN	721670	0	32.98385	114.02586
1262801	Morādābād	Moradabad	IN	721139	0	28.83893	78.77684
11611609	Sagamihara	Sagamihara	JP	720780	0	35.56707	139.24167
6075357	Mississauga	Mississauga	CA	717961	0	43.5789	-79.6583
702550	Lviv	Lviv	UA	717273	0	49.83826	24.02324
1513157	Namangan	Namangan	UZ	713220	0	40.9983	71.67257
687700	Zaporizhzhya	Zaporizhzhya	UA	710052	0	47.85167	35.11714
148730	Zanzibar	Zanzibar	TZ	709809	0	-6.16394	39.19793
3988086	Saltillo	Saltillo	MX	709671	0	25.42595	-100.97963
173576	Latakia	Latakia	SY	709000	0	35.53125	35.79088
1252948	Warangal	Warangal	IN	704570	0	18	79.58333
1694781	Paranaque City	Paranaque City	PH	703245	0	14.48156	121.01749
482283	Tolyatti	Tolyatti	RU	702879	0	53.5303	49.3461
7874116	Santo Domingo Oeste	Santo Domingo Oeste	DO	701269	0	18.5	-70
8601412	Santo Domingo Este	Santo Domingo Este	DO	700000	0	18.48511	-69.84757
1183105	Battagram	Battagram	PK	700000	0	34.67719	73.02329
359796	Suez	Suez	EG	699541	0	29.97371	32.52627
1815463	Changzhi	Changzhi	CN	699514	0	35.20889	111.73861
3451328	Ribeirão Preto	Ribeirao Preto	BR	698642	0	-21.1775	-47.81028
2561668	Agadir	Agadir	MA	698310	0	30.42018	-9.59815
3191281	Sarajevo	Sarajevo	BA	696731	1	43.84864	18.35644
1650527	Balikpapan	Balikpapan	ID	695287	0	-1.26753	116.82887
1815611	Changning	Changning	CN	694900	0	31.21739	121.42105
2347470	Bauchi	Bauchi	NG	693700	0	10.31032	9.84388
1851717	Shizuoka	Shizuoka	JP	693389	0	34.98333	138.38333
2464470	Tunis	Tunis	TN	693210	1	36.81897	10.16579
2033196	Zhangjiakou	Zhangjiakou	CN	692602	0	40.78341	114.87139
4140963	Washington	Washington	US	689545	1	38.89511	-77.03637
4644585	Nashville	Nashville	US	689447	0	36.16589	-86.78444
2037346	Fuxin	Fuxin	CN	689050	0	42.01556	121.65889
107968	Ta’if	Ta'if	SA	688693	0	21.27028	40.41583
1796989	Changsha	Changsha	CN	688242	0	22.38124	112.68492
1807234	Huangshi	Huangshi	CN	688090	0	30.24706	115.04814
2036113	Liaoyang	Liaoyang	CN	687890	0	41.27194	123.17306
8740157	Hlaingthaya	Hlaingthaya	MM	687867	0	16.85	96.06667
1052373	Beira	Beira	MZ	687764	0	-19.84361	34.83889
1808090	Hongkou	Hongkou	CN	687500	0	31.25	121.48917
3104324	Zaragoza	Zaragoza	ES	686986	0	41.65606	-0.87734
2510911	Sevilla	Sevilla	ES	686741	0	37.38283	-5.97317
1816269	Baise	Baise	CN	686078	0	23.89013	106.62684
1630789	Pontianak	Pontianak	ID	686019	0	-0.03194	109.325
1626801	Situbondo	Situbondo	ID	685967	0	-7.70623	114.00976
2351943	Agege	Agege	NG	683600	0	6.61563	3.33337
1816336	Binzhou	Binzhou	CN	682717	0	37.36667	118.01667
4544349	Oklahoma City	Oklahoma City	US	681054	0	35.46756	-97.51643
1785738	Yuncheng	Yuncheng	CN	680036	0	35.02306	110.99278
1812955	Dezhou	Dezhou	CN	679535	0	37.44661	116.36706
1221874	Dushanbe	Dushanbe	TJ	679400	1	38.53575	68.77905
2394819	Cotonou	Cotonou	BJ	679012	0	6.36536	2.41833
5520993	El Paso	El Paso	US	678815	0	31.75872	-106.48693
1270927	Gorakhpur	Gorakhpur	IN	674246	0	26.76628	83.36889
4005492	Guadalupe	Guadalupe	MX	673616	0	25.67663	-100.25907
3081368	Wrocław	Wroclaw	PL	672545	0	51.10286	17.03006
1645528	Denpasar	Denpasar	ID	670210	0	-8.65	115.21667
1270668	Guntur	Guntur	IN	670073	0	16.29974	80.45729
2334802	Katsina	Katsina	NG	670000	0	12.99082	7.60177
1796669	Sanmenxia	Sanmenxia	CN	669307	0	34.78081	111.19287
6642286	E’zhou	E'zhou	CN	668727	0	30.39607	114.88655
2591957	Camama	Camama	AO	667094	0	-8.93611	13.26518
101628	Tabuk	Tabuk	SA	667000	0	28.3998	36.57151
911148	Kitwe	Kitwe	ZM	665961	0	-12.80243	28.21323
894701	Bulawayo	Bulawayo	ZW	665952	0	-20.15	28.58333
2035715	Mudanjiang	Mudanjiang	CN	665915	0	44.54804	129.62594
3471872	Aracaju	Aracaju	BR	664908	0	-10.91111	-37.07167
3459712	Joinville	Joinville	BR	664500	0	-26.30444	-48.84556
264371	Athens	Athens	GR	664046	1	37.98376	23.72784
3186886	Zagreb	Zagreb	HR	663592	1	45.81444	15.97798
1804153	Leshan	Leshan	CN	662814	0	29.56227	103.76386
3449701	Santo André	Santo Andre	BR	662373	0	-23.66389	-46.53833
6173331	Vancouver	Vancouver	CA	662248	0	49.24966	-123.11934
9072919	Rizhao	Rizhao	CN	661943	0	35.41414	119.52908
658225	Helsinki	Helsinki	FI	658864	1	60.16952	24.93545
1845759	Cheonan	Cheonan	KR	658831	0	36.8065	127.1522
3533462	Acapulco de Juárez	Acapulco de Juarez	MX	658609	0	16.84942	-99.90891
1812621	Dongcun	Dongcun	CN	658000	0	36.77667	121.15972
1650213	Banjarmasin	Banjarmasin	ID	657663	0	-3.31987	114.59075
1259425	Puducherry	Puducherry	IN	657209	0	11.93381	79.82979
1793900	Suining	Suining	CN	656760	0	30.50802	105.57332
5907364	Brampton	Brampton	CA	656480	0	43.68341	-79.76633
8307452	Huangpu	Huangpu	CN	656200	0	31.2378	121.4781
2591953	Golfe	Golfe	AO	655796	0	-8.86639	13.26173
9181182	Puyang	Puyang	CN	655674	0	35.75641	115.04363
3667905	Soacha	Soacha	CO	655025	0	4.57937	-74.21682
4930956	Boston	Boston	US	653833	0	42.35843	-71.05977
3515431	Tlalnepantla	Tlalnepantla	MX	653410	0	19.54005	-99.19538
5746545	Portland	Portland	US	652503	0	45.52345	-122.67621
2242906	Calumbo	Calumbo	AO	652270	0	-9.14692	13.41936
3981461	Tlaquepaque	Tlaquepaque	MX	650123	0	20.64121	-103.29342
2925533	Frankfurt am Main	Frankfurt am Main	DE	650000	0	50.11552	8.68417
1821274	Macau	Macau	MO	649335	1	22.20056	113.54611
2523920	Palermo	Palermo	IT	648260	0	38.1166	13.3636
554840	Izhevsk	Izhevsk	RU	648213	0	56.85225	53.19862
1248991	Colombo	Colombo	LK	648034	1	6.93548	79.84868
3778045	Maturín	Maturin	VE	647459	0	9.74569	-63.18323
1278718	Amravati	Amravati	IN	647057	0	20.93333	77.75
2036075	Lingyuan	Lingyuan	CN	646000	0	41.24	119.40111
4990729	Detroit	Detroit	US	645705	0	42.33143	-83.04575
1800519	Mingguang	Mingguang	CN	645000	0	32.78017	117.96378
2325590	Osogbo	Osogbo	NG	645000	0	7.77104	4.55698
1275665	Bikaner	Bikaner	IN	644406	0	28.01762	73.31495
6317344	Jaboatão dos Guararapes	Jaboatao dos Guararapes	BR	644037	0	-8.11278	-35.01472
13631351	Hoji ya Henda	Hoji ya Henda	AO	642050	0	-8.80523	13.2897
5506956	Las Vegas	Las Vegas	US	641903	0	36.17497	-115.13722
1843847	Hwaseong-si	Hwaseong-si	KR	640890	0	37.20682	126.8169
2165087	Gold Coast	Gold Coast	AU	640778	0	-28.00029	153.43088
3093133	Łódź	Lodz	PL	639890	0	51.77058	19.47395
1845457	Jeonju	Jeonju	KR	638421	0	35.82194	127.14889
13608003	Chongming	Chongming	CN	637921	0	31.61852	121.69621
285839	Al Aḩmadī	Al Ahmadi	KW	637411	0	29.07694	48.08389
3658666	Cuenca	Cuenca	EC	636996	0	-2.8953	-78.9963
618426	Chisinau	Chisinau	MD	635994	1	47.00902	28.85938
922741	Likasi	Likasi	CD	635768	0	-10.98303	26.7384
1642858	Jambi City	Jambi City	ID	635101	0	-1.6	103.61667
1808770	Hebi	Hebi	CN	634721	0	35.73231	114.28616
1185186	Comilla	Comilla	BD	634654	0	23.46186	91.18503
204953	Tshikapa	Tshikapa	CD	634529	0	-6.41621	20.79995
1180942	Chunian	Chunian	PK	634236	0	30.96621	73.97908
1273874	Kochi	Kochi	IN	633553	0	9.93988	76.26022
4641239	Memphis	Memphis	US	633104	0	35.14953	-90.04898
1805611	Jingmen	Jingmen	CN	632954	0	31.03361	112.20472
1510853	Barnaul	Barnaul	RU	632372	0	53.36199	83.72786
3693528	Piura	Piura	PE	630000	0	-5.18192	-80.65715
2034714	Siping	Siping	CN	627957	0	43.16143	124.37785
1275971	Bhilai	Bhilai	IN	627734	0	21.20919	81.4285
901344	Ndola	Ndola	ZM	627503	0	-12.95867	28.63659
3465624	Contagem	Contagem	BR	627123	0	-19.93167	-44.05361
479123	Ulyanovsk	Ulyanovsk	RU	626540	0	54.32824	48.38657
223817	Djibouti	Djibouti	DJ	626512	1	11.58901	43.14503
2648579	Glasgow	Glasgow	GB	626410	0	55.86515	-4.25763
2035513	Panshan	Panshan	CN	625040	0	41.18806	122.04944
4299276	Louisville	Louisville	US	624444	0	38.25424	-85.75941
2023469	Irkutsk	Irkutsk	RU	623869	0	52.29566	104.29076
1846918	Ansan-si	Ansan-si	KR	623256	0	37.32361	126.82194
360761	Al Mansurah	Al Mansurah	EG	621953	0	31.03637	31.38069
128226	Kermanshah	Kermanshah	IR	621100	0	34.31417	47.065
1806096	Jiaozhou	Jiaozhou	CN	619266	0	36.28389	120.00333
2934246	Düsseldorf	Duesseldorf	DE	618685	0	51.22319	6.77927
1793879	Suizhou	Suizhou	CN	618582	0	31.71111	113.36306
3587902	Villa Nueva	Villa Nueva	GT	618397	0	14.52512	-90.58544
2022890	Khabarovsk	Khabarovsk	RU	618150	0	48.46204	135.0971
3465038	Cuiabá	Cuiaba	BR	618124	0	-15.59611	-56.09667
161325	Arusha	Arusha	TZ	617631	0	-3.36667	36.68333
3463478	Feira de Santana	Feira de Santana	BR	616272	0	-12.26667	-38.96667
1707174	Las Piñas	Las Pinas	PH	615549	0	14.45056	120.98278
1814934	Chizhou	Chizhou	CN	615274	0	30.66134	117.47783
3530139	Coyoacán	Coyoacan	MX	614447	0	19.3467	-99.16174
2825297	Stuttgart	Stuttgart	DE	612663	0	48.78232	9.17702
1787816	Ya'an	Ya'an	CN	612056	0	29.98521	102.999
1273780	Cuttack	Cuttack	IN	610189	0	20.46497	85.87927
1275248	Borivli	Borivli	IN	609617	0	19.23496	72.85976
3698350	Chiclayo	Chiclayo	PE	609400	0	-6.77008	-79.85495
468902	Yaroslavl	Yaroslavl	RU	608722	0	57.62987	39.87368
2711537	Gothenburg	Gothenburg	SE	608462	0	57.70716	11.96679
1859730	Kawaguchi	Kawaguchi	JP	607373	0	35.80521	139.71072
13118225	Bukit Rahman Putra	Bukit Rahman Putra	MY	607000	0	3.21727	101.5608
1175892	Jhang Sadr	Jhang Sadr	PK	606533	0	31.26981	72.31687
106281	Ha'il	Ha'il	SA	605930	0	27.52188	41.69073
1276032	Bhavnagar	Bhavnagar	IN	605882	0	21.76287	72.15331
1020098	Benoni	Benoni	ZA	605344	0	-26.18848	28.32078
2013348	Vladivostok	Vladivostok	RU	604901	0	43.10562	131.87353
3515001	Tuxtla	Tuxtla	MX	604147	0	16.75357	-93.11578
703845	Kryvyy Rih	Kryvyy Rih	UA	603904	0	47.90572	33.39404
1796663	Sanming	Sanming	CN	602166	0	26.24861	117.61861
1176615	Islamabad	Islamabad	PK	601600	1	33.72148	73.04329
1257416	Sāngli	Sangli	IN	601214	0	16.85438	74.56417
1269317	Jamnagar	Jamnagar	IN	600943	0	22.47292	70.06673
3347762	Lubango	Lubango	AO	600751	0	-14.91717	13.4925
1282898	Pokhara	Pokhara	NP	600051	0	28.26689	83.96851
2034786	Shuangyashan	Shuangyashan	CN	600000	0	46.67686	131.13273
64021	Borama	Borama	SO	597842	0	9.93611	43.18278
1802204	Luancheng	Luancheng	CN	597130	0	37.88452	114.64629
532096	Makhachkala	Makhachkala	RU	596356	0	42.97782	47.50027
1846898	Anyang-si	Anyang-si	KR	595644	0	37.3925	126.92694
3348313	Huambo	Huambo	AO	595304	0	-12.77611	15.73917
1216265	Samarkand	Samarkand	UZ	595200	0	39.65456	66.96445
13512502	Mengzi	Mengzi	CN	595100	0	23.36779	103.38212
1860827	Kagoshima	Kagoshima	JP	595049	0	31.56667	130.55
78754	Mukalla	Mukalla	YE	594951	0	14.54248	49.12424
118743	Rasht	Rasht	IR	594590	0	37.27611	49.58862
3430863	Mar del Plata	Mar del Plata	AR	593337	0	-38.00042	-57.5562
2928810	Essen	Essen	DE	593085	0	51.45657	7.01228
360829	Al Maḩallah al Kubrá	Al Mahallah al Kubra	EG	592573	0	30.97063	31.1669
2514256	Málaga	Malaga	ES	592346	0	36.72016	-4.42034
1165221	Shekhupura	Shekhupura	PK	591424	0	31.71287	73.98556
2033370	Yingkou	Yingkou	CN	591159	0	40.66472	122.23176
1785018	Zhangzhou	Zhangzhou	CN	589831	0	24.51333	117.65556
3520339	Reynosa	Reynosa	MX	589466	0	26.08005	-98.28456
12382296	Thuận An	Thuan An	VN	588616	0	10.9239	106.71428
2935517	Dortmund	Dortmund	DE	588462	0	51.51494	7.466
4347778	Baltimore	Baltimore	US	585708	0	39.29038	-76.61219
1732747	Pelentong	Pelentong	MY	583640	0	1.5243	103.824
1646448	Cimahi	Cimahi	ID	581994	0	-6.87222	107.5425
3458449	Londrina	Londrina	BR	581382	0	-23.31028	-51.16278
3688465	Bucaramanga	Bucaramanga	CO	581130	0	7.125	-73.11895
3176219	Genoa	Genoa	IT	580097	0	44.40478	8.94439
1863440	Hachiōji	Hachioji	JP	579355	0	35.65583	139.32389
1734759	Malacca	Malacca	MY	579000	0	2.196	102.2405
1572151	Nha Trang	Nha Trang	VN	579000	0	12.24507	109.19432
128234	Kerman	Kerman	IR	577514	0	30.28321	57.07879
121801	Orūmīyeh	Orumiyeh	IR	577307	0	37.55274	45.07605
7627067	Bahçelievler	Bahcelievler	TR	576799	0	41.00231	28.8598
347497	Tanta	Tanta	EG	576648	0	30.78847	31.00192
1269321	Jammu	Jammu	IN	576198	0	32.73528	74.86167
10063567	Iskandar Puteri	Iskandar Puteri	MY	575977	0	1.39324	103.62322
1720681	Calamba	Calamba	PH	575046	0	14.21167	121.16528
3515428	Tlalpan	Tlalpan	MX	574577	0	19.29513	-99.16206
1140026	Herāt	Herat	AF	574300	0	34.34817	62.19967
1812256	Dongsheng	Dongsheng	CN	574242	0	39.81609	109.97763
1177654	Gujrat	Gujrat	PK	574240	0	32.5742	74.07542
1489425	Tomsk	Tomsk	RU	574002	0	56.50049	84.98216
738377	Umraniye	Umraniye	TR	573265	0	41.01643	29.12476
1529195	Shihezi	Shihezi	CN	572772	0	44.3023	86.03694
184622	Nakuru	Nakuru	KE	570674	0	-0.30719	36.07225
5969782	Hamilton	Hamilton	CA	569353	0	43.25011	-79.84963
248946	Irbid	Irbid	JO	569068	0	32.55556	35.85
2643123	Manchester	Manchester	GB	568996	0	53.48095	-2.23743
1736376	Kota Bharu	Kota Bharu	MY	568900	0	6.12361	102.24333
6159905	Surrey	Surrey	CA	568322	0	49.10635	-122.82509
2542715	Meknes	Meknes	MA	568295	0	33.89352	-5.54727
3875024	Puente Alto	Puente Alto	CL	568106	0	-33.61169	-70.57577
369004	Nyala	Nyala	SD	565734	0	12.04888	24.88069
2033675	Xinmin	Xinmin	CN	565634	0	41.99083	122.82528
2935022	Dresden	Dresden	DE	564904	0	51.05089	13.73832
515003	Orenburg	Orenburg	RU	564773	0	51.76712	55.09883
5454711	Albuquerque	Albuquerque	US	564559	0	35.08449	-106.65114
1275362	Bokāro	Bokaro	IN	564319	0	23.66934	86.15161
343300	Asmara	Asmara	ER	563930	1	15.33805	38.93184
1164408	Sukkur	Sukkur	PK	563851	0	27.70323	68.85889
5263045	Milwaukee	Milwaukee	US	563531	0	43.0389	-87.90647
1791544	Wenchang	Wenchang	CN	560894	0	19.55158	110.80279
2338900	Ile-Ife	Ile-Ife	NG	560000	0	7.4824	4.56032
2340451	Gombe	Gombe	NG	560000	0	10.28969	11.16729
1877449	Hamhŭng	Hamhung	KP	559056	0	39.91833	127.53639
1503901	Kemerovo	Kemerovo	RU	558973	0	55.35417	86.10435
98854	Nasiriyah	Nasiriyah	IQ	558400	0	31.05799	46.25726
1018725	Bloemfontein	Bloemfontein	ZA	556637	0	-29.12107	26.214
2638077	Sheffield	Sheffield	GB	556500	0	53.38297	-1.4659
3536729	Santiago de Cuba	Santiago de Cuba	CU	555865	0	20.02287	-75.82171
3515807	Cuautitlán Izcalli	Cuautitlan Izcalli	MX	555163	0	19.64388	-99.21598
3351663	Benguela	Benguela	AO	555124	0	-12.57674	13.40268
1814760	Chuxiong	Chuxiong	CN	555081	0	25.03639	101.54556
7648070	Balbala	Balbala	DJ	554350	0	11.56194	43.10666
1807689	Huaihua	Huaihua	CN	552622	0	27.56337	110.00404
1794140	Sishui	Sishui	CN	552300	0	35.64889	117.27583
1699076	Muntinlupa	Muntinlupa	PH	552225	0	14.39028	121.0475
1159301	Zahedan	Zahedan	IR	551980	0	29.4963	60.8629
1670029	Banqiao	Banqiao	TW	551221	0	25.01427	121.46719
1261977	Nanded	Nanded	IN	550564	0	19.16023	77.31497
1265873	Kozhikode	Kozhikode	IN	550440	0	11.24802	75.7804
8335361	Ulanqab	Ulanqab	CN	550231	0	40.993	113.133
2243271	Cabinda	Cabinda	AO	550000	0	-5.56198	12.19476
2566636	Ajegunle	Ajegunle	NG	550000	0	6.45197	3.33115
786714	Pristina	Pristina	XK	550000	1	42.67272	21.16688
2036581	Jiamusi	Jiamusi	CN	549549	0	46.79711	130.31118
1529376	Korla	Korla	CN	549324	0	41.76055	86.15231
1266285	Kolhāpur	Kolhapur	IN	549236	0	16.69563	74.23167
3662762	Porto Velho	Porto Velho	BR	548952	0	-8.76194	-63.90389
3836873	San Miguel de Tucumán	San Miguel de Tucuman	AR	548866	0	-26.81601	-65.21051
1735227	Kuantan	Kuantan	MY	548014	0	3.8077	103.326
694423	Sevastopol	Sevastopol	UA	547820	0	44.60795	33.52134
1261529	Nellore	Nellore	IN	547621	0	14.44992	79.98697
2944388	Bremen	Bremen	DE	546501	0	53.07582	8.80717
1791779	Wanning	Wanning	CN	545992	0	18.79931	110.3841
2325330	Owerri	Owerri	NG	545000	0	5.48363	7.03325
6847550	Kota Kuala Muda	Kota Kuala Muda	MY	544984	0	5.58822	100.37085
1735498	Sungai Petani	Sungai Petani	MY	544851	0	5.647	100.48772
1788450	Xinzhou	Xinzhou	CN	544683	0	38.40917	112.73333
11209896	Kotō	Koto	JP	543730	0	32.77856	130.74537
1270752	Kalaburagi	Kalaburagi	IN	543147	0	17.33583	76.83757
5318313	Tucson	Tucson	US	542629	0	32.22174	-110.92648
7795834	Selayang Baru Utara	Selayang Baru Utara	MY	542409	0	3.2549	101.6668
593116	Vilnius	Vilnius	LT	542366	1	54.68916	25.2798
1279159	Ajmer	Ajmer	IN	542321	0	26.4521	74.63867
1798821	Pingdu	Pingdu	CN	542234	0	36.78444	119.94639
5350937	Fresno	Fresno	US	542107	0	36.74773	-119.77237
154380	Mbeya	Mbeya	TZ	541603	0	-8.9	33.45
3459505	Juiz de Fora	Juiz de Fora	BR	540756	0	-21.76417	-43.35028
2346229	Calabar	Calabar	NG	540000	0	4.95893	8.32695
2540483	Oujda	Oujda	MA	539711	0	34.68139	-1.90858
1496990	Novokuznetsk	Novokuznetsk	RU	539616	0	53.75752	87.13599
500096	Ryazan’	Ryazan'	RU	538962	0	54.62696	39.70415
1806445	Ji’an	Ji'an	CN	538699	0	27.11716	114.97927
1166547	Sahiwal	Sahiwal	PK	538344	0	31.97386	72.33109
1166548	Sahiwal	Sahiwal	PK	538344	0	30.66595	73.10186
304531	Mersin	Mersin	TR	537842	0	36.81196	34.63886
10346824	Nilüfer	Niluefer	TR	536365	0	40.21401	28.91567
2644688	Leeds	Leeds	GB	536280	0	53.79648	-1.54785
3088171	Poznań	Poznan	PL	536151	0	52.40692	16.92993
1529660	Aqsu	Aqsu	CN	535657	0	41.18418	80.27921
2344082	Ebute Ikorodu	Ebute Ikorodu	NG	535619	0	6.60086	3.48818
3407669	Ananindeua	Ananindeua	BR	535547	0	-1.36556	-48.37222
1793424	Tanggu	Tanggu	CN	535298	0	39.02111	117.64694
1732722	Pasir Gudang	Pasir Gudang	MY	534659	0	1.462	103.9053
580497	Astrakhan	Astrakhan	RU	533925	0	46.34968	48.04076
1168718	Okara	Okara	PK	533693	0	30.81029	73.45155
10943053	Nansana	Nansana	UG	532800	0	0.36389	32.52861
1842943	Kimhae	Kimhae	KR	531966	0	35.23417	128.88111
172955	Ar Raqqah	Ar Raqqah	SY	531952	0	35.95283	39.00788
6325494	Québec	Quebec	CA	531902	0	46.81228	-71.21454
3827409	Cuauhtémoc	Cuauhtemoc	MX	531831	0	19.44506	-99.14612
1796068	Shangluo	Shangluo	CN	531696	0	33.86667	109.93056
1862627	Himeji	Himeji	JP	530495	0	34.81667	134.7
3680656	Ibagué	Ibague	CO	529635	0	4.43573	-75.20289
2803138	Antwerp	Antwerp	BE	529247	0	51.22047	4.40026
359783	Assiut	Assiut	EG	528669	0	27.18096	31.18368
132144	Hamadān	Hamadan	IR	528256	0	34.79922	48.51456
1806488	Qionghai	Qionghai	CN	528238	0	19.2425	110.46417
6316406	Aparecida de Goiânia	Aparecida de Goiania	BR	527796	0	-16.82333	-49.24389
1816080	Cangzhou	Cangzhou	CN	527681	0	38.31124	116.85334
1194041	Mohammadpur	Mohammadpur	BD	527571	0	24.89843	88.52844
1625812	Surakarta	Surakarta	ID	526870	0	-7.55611	110.83167
1786060	Yuanping	Yuanping	CN	526000	0	38.71528	112.7575
3583361	San Salvador	San Salvador	SV	525990	1	13.68935	-89.18718
1816705	Beihai	Beihai	CN	525329	0	21.48349	109.11549
298117	Van	Van	TR	525016	0	38.49457	43.38323
5389489	Sacramento	Sacramento	US	524943	0	38.58157	-121.4944
1565019	Thủ Đức	Thu GJuc	VN	524670	0	10.84863	106.77209
738329	Üsküdar	UEskuedar	TR	524452	0	41.02274	29.01366
511565	Penza	Penza	RU	523553	0	53.19568	45.01075
1133616	Mazār-e Sharīf	Mazar-e Sharif	AF	523300	0	36.70904	67.11087
1138336	Kandahār	Kandahar	AF	523300	0	31.61332	65.71013
1808392	Hengshui	Hengshui	CN	522147	0	37.73908	115.68348
1273313	Dehradun	Dehradun	IN	522081	0	30.32443	78.03392
1272013	Erode	Erode	IN	521891	0	11.3428	77.72741
2996944	Lyon	Lyon	FR	520774	0	45.74906	4.84789
3838233	Salta	Salta	AR	520683	0	-24.80645	-65.41999
3447779	Serra	Serra	BR	520653	0	-20.12861	-40.30778
747340	Esenler	Esenler	TR	520235	0	41.0435	28.87619
12446699	Daxing’anling	Daxing'anling	CN	520000	0	52.33385	124.71242
1568574	Qui Nhon	Qui Nhon	VN	519208	0	13.77648	109.22367
361320	Al Fayyum	Al Fayyum	EG	519047	0	29.30995	30.8418
1272175	Durgapur	Durgapur	IN	518872	0	23.51583	87.30801
1849053	Utsunomiya	Utsunomiya	JP	518757	0	36.56667	139.88333
4011743	Victoria de Durango	Victoria de Durango	MX	518709	0	24.02032	-104.65756
3470142	Belford Roxo	Belford Roxo	BR	518384	0	-22.76417	-43.39944
2267057	Lisbon	Lisbon	PT	517802	1	38.72509	-9.1498
1167460	Rahim Yar Khan	Rahim Yar Khan	PK	517000	0	28.41987	70.30345
1253894	Ulhasnagar	Ulhasnagar	IN	516584	0	19.21667	73.15
1806466	Guangyuan	Guangyuan	CN	516424	0	32.44201	105.823
1264773	Loni	Loni	IN	516082	0	28.75143	77.29023
1256525	Siliguri	Siliguri	IN	515574	0	26.71004	88.42851
2861650	Nuremberg	Nuremberg	DE	515543	0	49.45421	11.07752
3456283	Niterói	Niteroi	BR	515317	0	-22.88333	-43.10361
1253914	Ujjain	Ujjain	IN	515215	0	23.18239	75.77643
2910831	Hannover	Hannover	DE	515140	0	52.37052	9.73322
2650225	Edinburgh	Edinburgh	GB	514990	0	55.95206	-3.19648
3396016	Macapá	Macapa	BR	512902	0	0.03889	-51.06639
1790396	Xianning	Xianning	CN	512517	0	29.84347	114.32201
2972315	Toulouse	Toulouse	FR	511684	0	43.60426	1.44367
949880	Thembisa	Thembisa	ZA	511655	0	-25.99636	28.2268
6201369	Carrefour	Carrefour	HT	511345	0	18.53333	-72.4
1926099	Matsuyama	Matsuyama	JP	511192	0	33.83916	132.76574
1275610	Bilimora	Bilimora	IN	510879	0	20.76957	72.96134
1174625	Kasur	Kasur	PK	510875	0	31.11866	74.45025
4180439	Atlanta	Atlanta	US	510823	0	33.749	-84.38798
3523466	Heroica Matamoros	Heroica Matamoros	MX	510739	0	25.87972	-97.50417
1703417	Makati City	Makati City	PH	510383	0	14.55027	121.03269
2034414	Tonghua	Tonghua	CN	510000	0	41.71972	125.92639
12492662	Mianzhu, Deyang, Sichuan	Mianzhu, Deyang, Sichuan	CN	510000	0	31.33786	104.22057
523750	Naberezhnyye Chelny	Naberezhnyye Chelny	RU	509870	0	55.73718	52.41961
535121	Lipetsk	Lipetsk	RU	509735	0	52.5876	39.55151
2314705	Kikwit	Kikwit	CD	509367	0	-5.04098	18.81619
3463237	Florianópolis	Florianopolis	BR	508826	0	-27.59667	-48.54917
1909733	Banan	Banan	CN	508703	0	29.37861	106.54
2155472	Newcastle	Newcastle	AU	508437	0	-32.92953	151.7801
1818446	Tuen Mun	Tuen Mun	HK	507900	0	22.39175	113.97157
1785036	Zhangye	Zhangye	CN	507433	0	38.93417	100.45167
548408	Kirov	Kirov	RU	507155	0	58.59809	49.65783
1280849	Kashgar	Kashgar	CN	506640	0	39.46718	75.98675
12750654	Mukim Pulai	Mukim Pulai	MY	505661	0	1.53333	103.66667
103630	Najrān	Najran	SA	505652	0	17.49326	44.12766
1784130	Zhoukou	Zhoukou	CN	505171	0	33.63333	114.63333
2879139	Leipzig	Leipzig	DE	504971	0	51.33962	12.37129
1798760	Pingliang	Pingliang	CN	504848	0	35.53917	106.68611
2934691	Duisburg	Duisburg	DE	504358	0	51.43247	6.76516
1278314	Āsansol	Asansol	IN	504271	0	23.68333	86.98333
143127	Arāk	Arak	IR	503647	0	34.09493	49.69809
3880980	Maipú	Maipu	CL	503635	0	-33.51421	-70.7651
627907	Homyel'	Homyel'	BY	501193	0	52.4345	30.9754
610611	Aktobe	Aktobe	KZ	500757	0	50.27969	57.20718
1733432	Kota Kinabalu	Kota Kinabalu	MY	500421	0	5.9749	116.0724
2591976	Talatona	Talatona	AO	500000	0	-8.91783	13.18562
1732724	Kampung Larkin Lama	Kampung Larkin Lama	MY	500000	0	1.5024	103.744
12514556	Kota Damansara	Kota Damansara	MY	500000	0	3.15454	101.58022
1176358	Jalalpur Pirwala	Jalalpur Pirwala	PK	500000	0	29.5051	71.22202
1263780	Mangaluru	Mangaluru	IN	499487	0	12.91723	74.85603
1783988	Zhucheng	Zhucheng	CN	499285	0	35.99472	119.3975
3668605	Santa Marta	Santa Marta	CO	499192	0	11.23855	-74.19427
1857553	Matsudo	Matsudo	JP	498575	0	35.77995	139.90144
1462674	Hāthazāri	Hathazari	BD	498179	0	22.50515	91.81339
1707267	Lapu-Lapu City	Lapu-Lapu City	PH	497813	0	10.31028	123.94944
609655	Karagandy	Karagandy	KZ	497777	0	49.80187	73.10211
1802238	Loudi	Loudi	CN	497171	0	27.73444	111.99444
2644210	Liverpool	Liverpool	GB	496770	0	53.41058	-2.97794
1818920	Sha Tin	Sha Tin	HK	495200	0	22.38333	114.18333
1180289	Dera Ghazi Khan	Dera Ghazi Khan	PK	494464	0	30.04587	70.64029
1808747	Hecun	Hecun	CN	494412	0	36.53333	114.11111
1862752	Higashiosaka	Higashiosaka	JP	493940	0	34.66667	135.58333
1168021	Pindi Bhattian	Pindi Bhattian	PK	493222	0	31.89844	73.27339
569696	Cheboksary	Cheboksary	RU	492331	0	56.13218	47.246
1839071	Pohang	Pohang	KR	492041	0	36.02917	129.36481
1795928	Shanwei	Shanwei	CN	491766	0	22.78199	115.3475
3674453	Montería	Monteria	CO	490935	0	8.75081	-75.87823
181032	Ruiru	Ruiru	KE	490120	0	-1.14665	36.96087
3666304	Valledupar	Valledupar	CO	490075	0	10.46538	-73.2531
1276533	Belagavi	Belagavi	IN	490045	0	15.85212	74.50447
292932	Ajman	Ajman	AE	490035	0	25.40177	55.47878
9931406	Jianshui	Jianshui	CN	490000	0	24.2774	101.224
7628420	Sancaktepe	Sancaktepe	TR	489848	0	41.00244	29.23187
377039	Port Sudan	Port Sudan	SD	489725	0	19.61745	37.21644
3515302	Toluca	Toluca	MX	489333	0	19.28786	-99.65324
3532624	Ciudad López Mateos	Ciudad Lopez Mateos	MX	489160	0	19.55793	-99.25675
360890	Al Khuşūş	Al Khusus	EG	488904	0	30.15293	31.31501
1846266	Jeju City	Jeju City	KR	488844	0	33.50972	126.52194
3099434	Gdańsk	Gdansk	PL	487371	0	54.35227	18.64912
4164138	Miami	Miami	US	487014	0	25.77427	-80.19366
5074472	Omaha	Omaha	US	486051	0	41.25626	-95.94043
1855207	Nishinomiya	Nishinomiya	JP	485587	0	34.71562	135.33199
2593460	Masina	Masina	CD	485167	0	-4.38361	15.39139
1257806	Sahāranpur	Saharanpur	IN	484873	0	29.9679	77.54522
1253286	Vellore	Vellore	IN	484690	0	12.9184	79.13255
1858311	Kurashiki	Kurashiki	JP	483576	0	34.58333	133.76667
3467693	Campos dos Goytacazes	Campos dos Goytacazes	BR	483540	0	-21.75227	-41.33044
1730737	Angeles City	Angeles City	PH	483452	0	15.15	120.58333
1276058	Bhātpāra	Bhatpara	IN	483129	0	22.86643	88.40113
333795	Jijiga	Jijiga	ET	483000	0	9.35	42.8
480562	Tula	Tula	RU	482873	0	54.19609	37.61822
98860	Najaf	Najaf	IQ	482576	0	32.02594	44.34625
4487042	Raleigh	Raleigh	US	482295	0	35.7721	-78.63861
1710914	Imus	Imus	PH	481949	0	14.42972	120.93667
1789647	Xichang	Xichang	CN	481796	0	27.89642	102.26341
1264115	Malegaon	Malegaon	IN	481228	0	20.54966	74.53462
1785462	Zaoyang	Zaoyang	CN	481004	0	32.12722	112.75417
3448639	São José do Rio Preto	Sao Jose do Rio Preto	BR	480393	0	-20.81972	-49.37944
3466537	Caxias do Sul	Caxias do Sul	BR	479599	0	-29.16806	-51.17944
7701384	Karabağlar	Karabaglar	TR	479338	0	38.382	27.132
2327220	Okene	Okene	NG	479178	0	7.55122	6.23589
1833788	Uijeongbu-si	Uijeongbu-si	KR	479141	0	37.7415	127.0474
2654675	Bristol	Bristol	GB	479024	0	51.45523	-2.59665
1006984	East London	East London	ZA	478676	0	-33.01529	27.91162
13527052	Chéngguān Qū	Chengguan Qu	CN	478275	0	29.63842	91.04441
111822	Yazd	Yazd	IR	477905	0	31.89722	54.3675
57289	Hargeysa	Hargeysa	SO	477876	0	9.56	44.065
1854487	Ōita	Oita	JP	477715	0	33.23333	131.6
1805741	Jincheng	Jincheng	CN	476945	0	35.50222	112.83278
1808106	Hongjiang	Hongjiang	CN	476000	0	27.11	109.99556
8440756	Modīnagar	Modinagar	IN	475843	0	28.83059	77.57295
6696918	Taoyuan	Taoyuan	TW	475798	0	24.99368	121.29696
198629	Eldoret	Eldoret	KE	475716	0	0.52036	35.26993
4393217	Kansas City	Kansas City	US	475378	0	39.09973	-94.57857
1787765	Yan’an	Yan'an	CN	475234	0	36.59889	109.49167
554234	Kaliningrad	Kaliningrad	RU	475056	0	54.70639	20.51102
785842	Skopje	Skopje	MK	474889	1	41.99646	21.43141
2057087	Kupang	Kupang	ID	474801	0	-10.17083	123.60694
944385	Vereeniging	Vereeniging	ZA	474681	0	-26.67313	27.92615
2747373	The Hague	The Hague	NL	474292	0	52.07667	4.29861
5367929	Long Beach	Long Beach	US	474140	0	33.76696	-118.18923
1271439	Gaya	Gaya	IN	474093	0	24.79686	85.00385
1711005	Iloilo	Iloilo	PH	473728	0	10.69694	122.56444
1794794	Shouguang	Shouguang	CN	473620	0	36.88	118.7375
1805680	Jingdezhen	Jingdezhen	CN	473561	0	29.2947	117.20789
2513416	Murcia	Murcia	ES	471982	0	37.98704	-1.13004
5304391	Mesa	Mesa	US	471825	0	33.42227	-111.82264
6324729	Halifax	Halifax	CA	471559	0	44.64269	-63.57688
153220	Morogoro	Morogoro	TZ	471409	0	-6.82102	37.66122
1700925	Marikina City	Marikina City	PH	471323	0	14.6481	121.1133
2544571	Kenitra	Kenitra	MA	470949	0	34.26101	-6.5802
288967	Seeb	Seeb	OM	470878	0	23.67027	58.18911
1646511	Cilegon	Cilegon	ID	470378	0	-6.0144	106.0542
700569	Mykolayiv	Mykolayiv	UA	470011	0	46.97625	31.99296
1863917	Fukuyama	Fukuyama	JP	468812	0	34.48333	133.36667
5139568	Staten Island	Staten Island	US	468730	0	40.56233	-74.13986
1799846	Nanping	Nanping	CN	467875	0	26.645	118.17361
3672486	Pereira	Pereira	CO	467269	0	4.81428	-75.69488
4018390	Ciudad Apodaca	Ciudad Apodaca	MX	467157	0	25.78143	-100.18911
3448877	São João de Meriti	Sao Joao de Meriti	BR	466536	0	-22.80389	-43.37222
1278840	Ambattur	Ambattur	IN	466205	0	13.09818	80.16152
1860243	Kanazawa	Kanazawa	JP	466029	0	36.6	136.61667
336014	Gonder	Gonder	ET	466000	0	12.6	37.46667
1701966	Mandaluyong City	Mandaluyong City	PH	465902	0	14.5832	121.0409
3592519	Mixco	Mixco	GT	465773	0	14.63077	-90.60711
2036109	Longshan	Longshan	CN	465249	0	42.88545	125.1367
2338325	Ikare	Ikare	NG	465000	0	7.52591	5.75342
11592397	Nova Vida	Nova Vida	AO	464985	0	-8.90552	13.22213
1562414	Vũng Tàu	Vung Tau	VN	464860	0	10.34599	107.08426
3632998	Maracay	Maracay	VE	464700	0	10.24972	-67.59475
2294877	Tamale	Tamale	GH	464316	0	9.40079	-0.8393
1786112	Heyuan	Heyuan	CN	463907	0	23.73333	114.68333
1583518	Dĩ An	Di An	VN	463023	0	10.90682	106.7694
231165	Kira	Kira	UG	462900	0	0.4	32.63333
355449	Esna	Esna	EG	462787	0	25.29336	32.55402
1792359	Huangshan	Huangshan	CN	460786	0	29.71139	118.3125
170017	Ḩamāh	Hamah	SY	460602	0	35.13179	36.75783
1269407	Jalgaon	Jalgaon	IN	460228	0	21.00292	75.56602
1265491	Kurnool	Kurnool	IN	460184	0	15.82887	78.03602
2318044	Yola	Yola	NG	460000	0	9.20839	12.48146
2034439	Tieling	Tieling	CN	459985	0	42.29306	123.84139
1568510	Rạch Giá	Rach Gia	VN	459860	0	10.01245	105.08091
1865387	Amagasaki	Amagasaki	JP	459593	0	34.71667	135.41667
1636544	Manado	Manado	ID	458582	0	1.48218	124.84892
3651297	Santo Domingo de los Colorados	Santo Domingo de los Colorados	EC	458580	0	-0.25368	-79.17628
163345	Ţarţūs	Tartus	SY	458327	0	34.88902	35.88659
331180	Mek'ele	Mek'ele	ET	457900	0	13.49667	39.47528
330186	Nazrēt	Nazret	ET	456900	0	8.55	39.26667
5417598	Colorado Springs	Colorado Springs	US	456568	0	38.83388	-104.82136
3939459	Huancayo	Huancayo	PE	456250	0	-12.06866	-75.21027
99347	Al Hillah	Al Hillah	IQ	455700	0	32.46367	44.41963
2312895	Mbandaka	Mbandaka	CD	455011	0	0.04865	18.26034
2239862	Malanje	Malanje	AO	455000	0	-9.54015	16.34096
1873757	Namp’o	Namp'o	KP	455000	0	38.7375	125.40778
4005867	Ciudad General Escobedo	Ciudad General Escobedo	MX	454967	0	25.79663	-100.31767
1729564	Bacolod City	Bacolod City	PH	454898	0	10.66667	122.95
4791259	Virginia Beach	Virginia Beach	US	454808	0	36.85293	-75.97799
1792260	Wafangdian	Wafangdian	CN	454338	0	39.61833	122.00806
1701500	Mansilingan	Mansilingan	PH	454150	0	10.63111	122.97889
158597	Kahama	Kahama	TZ	453654	0	-3.83333	32.6
1675151	Hsinchu	Hsinchu	TW	453536	0	24.80361	120.96861
8469284	Katsushika	Katsushika	JP	453093	0	35.73333	139.85
320857	Bornova	Bornova	TR	452479	0	38.47921	27.2399
1258662	Rāmgundam	Ramgundam	IN	452261	0	18.80084	79.45206
321836	Batman	Batman	TR	452157	0	37.88738	41.13221
1784818	Yongji	Yongji	CN	452000	0	34.86611	110.44028
1803245	Lishui	Lishui	CN	451418	0	28.46042	119.91029
1253986	Udaipur	Udaipur	IN	451100	0	24.58584	73.71346
326282	Warder	Warder	ET	450400	0	6.97444	45.34083
8505006	Wenshan City	Wenshan City	CN	450000	0	23.36306	104.25047
449504	Eslamshahr	Eslamshahr	IR	450000	0	35.55222	51.23504
373303	Juba	Juba	SS	450000	1	4.85165	31.58247
8074174	Muratpaşa	Muratpasa	TR	450000	0	36.89157	30.76498
1591527	Bắc Giang	Bac Giang	VN	450000	0	21.27307	106.1946
298333	Şanlıurfa	Sanliurfa	TR	449549	0	37.16708	38.79392
538560	Kursk	Kursk	RU	448733	0	51.72689	36.18457
1348843	Maheshtala	Maheshtala	IN	448317	0	22.50862	88.25322
1573517	Nam Định	Nam GJinh	VN	448225	0	20.43389	106.17729
2501152	Constantine	Constantine	DZ	448028	0	36.365	6.61472
1260107	Patiāla	Patiala	IN	446246	0	30.33625	76.3922
1017780	Boksburg	Boksburg	ZA	445168	0	-26.21197	28.25958
1816858	Basuo	Basuo	CN	444458	0	19.10267	108.66565
3403642	Campina Grande	Campina Grande	BR	443911	0	-7.23056	-35.88111
4006702	Ensenada	Ensenada	MX	443807	0	31.87149	-116.60071
315808	Elazığ	Elazig	TR	443363	0	38.67431	39.22321
3459462	Jundiaí	Jundiai	BR	443221	0	-23.18639	-46.88417
3514450	Xochimilco	Xochimilco	MX	442178	0	19.25465	-99.10356
1256409	Shyamnagar	Shyamnagar	IN	441956	0	22.83333	88.36667
1715430	Dasmariñas	Dasmarinas	PH	441876	0	14.32944	120.93667
1813171	Zhangjiajie	Zhangjiajie	CN	441804	0	29.12944	110.47833
1635882	Mataram	Mataram	ID	441147	0	-8.58333	116.11667
2286304	Korhogo	Korhogo	CI	440926	0	9.45803	-5.62961
3453643	Piracicaba	Piracicaba	BR	440835	0	-22.72528	-47.64917
1864092	Fujisawa	Fujisawa	JP	439728	0	35.34926	139.47666
2374775	Bissau	Bissau	GW	439704	1	11.86357	-15.59767
1786546	Zhongxiang	Zhongxiang	CN	439394	0	31.16611	112.58306
1734052	Sandakan	Sandakan	MY	439050	0	5.8402	118.1179
1308465	Mawlamyine	Mawlamyine	MM	438861	0	16.49051	97.62825
6050610	Laval	Laval	CA	438366	0	45.56995	-73.692
2512989	Palma	Palma	ES	438234	0	39.56939	2.65024
3456814	Montes Claros	Montes Claros	BR	437601	0	-16.735	-43.86167
1869012	Sunch’ŏn	Sunch'on	KP	437000	0	39.43167	125.93278
7628416	Sultangazi	Sultangazi	TR	436935	0	41.10652	28.86847
2319480	Uyo	Uyo	NG	436606	0	5.05127	7.9335
2038365	Bei’an	Bei'an	CN	436444	0	48.26667	126.6
1273368	Davangere	Davangere	IN	435128	0	14.46693	75.92694
1801582	Macheng	Macheng	CN	435076	0	31.18013	115.02213
2352379	Ado-Ekiti	Ado-Ekiti	NG	435000	0	7.62329	5.22087
3675443	Manizales	Manizales	CO	434403	0	5.0668	-75.50684
1841246	Masan	Masan	KR	434371	0	35.12725	126.83149
1586896	Buôn Ma Thuột	Buon Ma Thuot	VN	434256	0	12.66747	108.03775
487846	Stavropol	Stavropol	RU	433931	0	45.03442	41.9642
1794328	Shuozhou	Shuozhou	CN	433700	0	39.31583	112.4225
1859924	Kashiwa	Kashiwa	JP	433436	0	35.86224	139.97732
2327735	Ogbomoso	Ogbomoso	NG	433030	0	8.13373	4.24014
293397	Tel Aviv	Tel Aviv	IL	432892	0	32.08088	34.78057
3688452	Buenaventura	Buenaventura	CO	432385	0	3.58333	-77
940909	Welkom	Welkom	ZA	431944	0	-27.97742	26.73506
1818953	Sham Shui Po	Sham Shui Po	HK	431090	0	22.33023	114.15945
1857871	Machida	Machida	JP	431079	0	35.54028	139.45083
359493	Zagazig	Zagazig	EG	430445	0	30.58768	31.502
689558	Vinnytsya	Vinnytsya	UA	430091	0	49.2322	28.46871
361055	Ismailia	Ismailia	EG	429465	0	30.60427	32.27225
1806097	Ningde	Ningde	CN	429260	0	26.66167	119.52278
1279105	Akola	Akola	IN	428857	0	20.70957	76.9981
13608165	Kima Kieza	Kima Kieza	AO	428855	0	-8.83411	13.29517
3941584	Cusco	Cusco	PE	428450	0	-13.53188	-71.96701
1279945	Jiuquan	Jiuquan	CN	428346	0	39.74318	98.51736
3514783	Veracruz	Veracruz	MX	428323	0	19.18095	-96.1429
571476	Bryansk	Bryansk	RU	427236	0	53.27096	34.32143
741763	Maltepe	Maltepe	TR	427040	0	40.93567	29.15507
584923	Sumgayit	Sumgayit	AZ	427000	0	40.58972	49.66861
1163964	Tando Bago	Tando Bago	PK	426535	0	24.78914	68.96535
1734705	Kuala Terengganu	Kuala Terengganu	MY	426500	0	5.3302	103.1408
1849814	Toyota	Toyota	JP	426162	0	35.08333	137.15
2313002	Matadi	Matadi	CD	425662	0	-5.83861	13.46306
109353	Al Kharj	Al Kharj	SA	425300	0	24.15541	47.33457
1818304	Wong Tai Sin	Wong Tai Sin	HK	425235	0	22.35	114.18333
2330100	Minna	Minna	NG	425000	0	9.61524	6.54776
13118244	Mandaluyong	Mandaluyong	PH	425000	0	14.57837	121.03522
3526617	Xalapa de Enríquez	Xalapa de Enriquez	MX	424755	0	19.53124	-96.91589
1255783	Rajpur Sonarpur	Rajpur Sonarpur	IN	424368	0	22.4382	88.43205
3060972	Bratislava	Bratislava	SK	423737	1	48.14816	17.10674
12557764	Taman Petaling	Taman Petaling	MY	423062	0	3.19916	101.64983
1852139	Shinagawa	Shinagawa	JP	422488	0	33.63627	133.00572
173811	Al Ḩasakah	Al Hasakah	SY	422445	0	36.50237	40.74772
360502	Luxor	Luxor	EG	422407	0	25.69893	32.6421
6058560	London	London	CA	422324	0	42.98339	-81.23304
343137	Awasa	Awasa	ET	422200	0	7.06205	38.47635
1049261	Chimoio	Chimoio	MZ	422046	0	-19.11639	33.48333
1163965	Tando Allahyar	Tando Allahyar	PK	421923	0	25.4605	68.71745
2290486	Daloa	Daloa	CI	421871	0	6.87735	-6.45022
7290718	Barra da Tijuca	Barra da Tijuca	BR	421438	0	-22.99835	-43.36545
1812749	Dingxi	Dingxi	CN	420614	0	35.57088	104.62303
2234974	Bamenda	Bamenda	CM	420445	0	5.9597	10.14597
480060	Tver	Tver	RU	420065	0	56.85836	35.90057
1566319	Thái Nguyên	Thai Nguyen	VN	420000	0	21.59422	105.84817
3664980	Boa Vista	Boa Vista	BR	419652	0	2.81972	-60.67333
3662574	Rio Branco	Rio Branco	BR	419452	0	-9.97472	-67.81
5378538	Oakland	Oakland	US	419267	0	37.80437	-122.2708
2192362	Christchurch	Christchurch	NZ	419200	0	-43.53333	172.63333
1266122	Korba	Korba	IN	419146	0	22.3458	82.69633
1851100	Takamatsu	Takamatsu	JP	418994	0	34.33333	134.05
1819607	Kowloon City	Kowloon City	HK	418732	0	22.33047	114.19222
3449433	Santos	Santos	BR	418608	0	-23.96083	-46.33361
3183875	Tirana	Tirana	AL	418495	1	41.32744	19.81866
3392242	Petrolina	Petrolina	BR	418444	0	-9.39861	-40.50083
3457381	Mauá	Maua	BR	418261	0	-23.66778	-46.46139
4568127	San Juan	San Juan	PR	418140	1	18.46633	-66.10572
1736309	Alor Setar	Alor Setar	MY	417800	0	6.12104	100.36014
7064006	Tongchuan	Tongchuan	CN	417740	0	34.8988	108.95056
1694611	Pasay	Pasay	PH	416522	0	14.53748	121.00144
3522551	Nuevo Laredo	Nuevo Laredo	MX	416055	0	27.47629	-99.51639
1849876	Toyama	Toyama	JP	415844	0	36.7	137.21667
2528910	Tétouan	Tetouan	MA	415810	0	35.57845	-5.36837
2657896	Zürich	Zuerich	CH	415367	0	47.36667	8.55
6947640	Beylikdüzü	Beylikduezue	TR	415290	0	40.982	28.6399
1562820	Việt Trì	Viet Tri	VN	415280	0	21.32274	105.40198
3532497	Azcapotzalco	Azcapotzalco	MX	414711	0	19.48698	-99.18594
4174757	Tampa	Tampa	US	414547	0	27.94752	-82.45843
234179	Bunamwaya	Bunamwaya	UG	413400	0	0.25344	32.55723
532288	Magnitogorsk	Magnitogorsk	RU	413351	0	53.39808	59.0066
4553433	Tulsa	Tulsa	US	413066	0	36.15398	-95.99277
1269006	Jhānsi	Jhansi	IN	412927	0	25.45887	78.57994
1818506	Tseung Kwan O	Tseung Kwan O	HK	412900	0	22.32789	114.24992
3645532	Ciudad Bolívar	Ciudad Bolivar	VE	412619	0	8.12366	-63.54694
1762110	Kampung Kangkar Teberau	Kampung Kangkar Teberau	MY	412373	0	1.532	103.7549
2285853	Koumassi	Koumassi	CI	412282	0	5.29716	-3.96753
3985241	San Nicolás de los Garza	San Nicolas de los Garza	MX	412199	0	25.74167	-100.30222
1809152	Guyuan	Guyuan	CN	411854	0	36.00667	106.28083
5037649	Minneapolis	Minneapolis	US	410939	0	44.97997	-93.26384
2082600	Jayapura	Jayapura	ID	410852	0	-2.53371	140.71813
8629640	Thoothukudi	Thoothukudi	IN	410760	0	8.76735	78.13425
143083	Ardabīl	Ardabil	IR	410753	0	38.2498	48.2933
1276509	Ballari	Ballari	IN	410445	0	15.14205	76.92398
2038120	Chaoyang	Chaoyang	CN	410005	0	41.57028	120.45861
281133	Gaza	Gaza	PS	410000	0	31.50161	34.46672
3457671	Maringá	Maringa	BR	409657	0	-23.42528	-51.93861
1848313	Yokosuka	Yokosuka	JP	409478	0	35.28361	139.66722
353802	Kom Ombo	Kom Ombo	EG	409311	0	24.47669	32.94626
1856177	Nagasaki	Nagasaki	JP	409118	0	32.75	129.88333
1281019	Gujangbagh	Gujangbagh	CN	408894	0	37.10927	79.93433
3981369	Tonalá	Tonala	MX	408759	0	20.62263	-103.24168
1801455	Zhijiang	Zhijiang	CN	408487	0	30.42139	111.75333
3703443	Panama City	Panama City	PA	408168	1	8.9936	-79.51973
204405	Uvira	Uvira	CD	407092	0	-3.39534	29.13779
1862540	Hirakata	Hirakata	JP	406331	0	34.81352	135.64914
555312	Ivanovo	Ivanovo	RU	406113	0	56.99988	40.97257
3644768	Cumaná	Cumana	VE	405626	0	10.4639	-64.17859
971421	Newcastle	Newcastle	ZA	404838	0	-27.75796	29.9318
1842225	Gumi	Gumi	KR	404691	0	36.1136	128.336
3078610	Brno	Brno	CZ	404296	0	49.19522	16.60796
2036389	Jixi	Jixi	CN	403759	0	45.29322	130.96217
3464739	Diadema	Diadema	BR	403579	0	-23.68611	-46.62278
1735634	Kuching	Kuching	MY	402738	0	1.55	110.33333
1863641	Gifu	Gifu	JP	402557	0	35.42291	136.76039
3402655	Caruaru	Caruaru	BR	402290	0	-8.28333	-35.97611
1792621	Tongling	Tongling	CN	402062	0	30.95	117.78333
1682812	Tarlac City	Tarlac City	PH	401892	0	15.48017	120.59794
1849837	Toyonaka	Toyonaka	JP	401558	0	34.78244	135.46932
372753	Kassala	Kassala	SD	401477	0	15.45099	36.39998
1856717	Miyazaki	Miyazaki	JP	401339	0	31.91667	131.41667
7732748	Lekki	Lekki	NG	401272	0	6.44632	3.47717
3899539	Antofagasta	Antofagasta	CL	401096	0	-23.65094	-70.39752
1276300	Bhāgalpur	Bhagalpur	IN	400146	0	25.24446	86.97183
1279290	Agartala	Agartala	IN	400004	0	23.83605	91.27939
2347209	Bida	Bida	NG	400000	0	9.08044	6.0099
217695	Bunia	Bunia	CD	399282	0	1.55941	30.25224
323779	Antakya	Antakya	TR	399045	0	36.20655	36.15722
9645085	Quận Mười	Quan Muoi	VN	399000	0	10.76823	106.66632
10630449	Sunshine Coast	Sunshine Coast	AU	398840	0	-26.65682	153.07955
191245	Kisumu	Kisumu	KE	397957	0	-0.10221	34.76171
702658	Luhansk	Luhansk	UA	397677	0	48.56814	39.30553
1649150	Bengkulu	Bengkulu	ID	397321	0	-3.80044	102.26554
3648546	Barinas	Barinas	VE	397279	0	8.62064	-70.23105
1808981	Hancheng	Hancheng	CN	397020	0	35.46028	110.42917
3444914	Vitória da Conquista	Vitoria da Conquista	BR	396613	0	-14.86611	-40.83944
4281730	Wichita	Wichita	US	396119	0	37.69224	-97.33754
2558545	Al Hoceïma	Al Hoceima	MA	395644	0	35.25165	-3.93723
3083829	Szczecin	Szczecin	PL	395513	0	53.42894	14.55302
3726786	Delmas	Delmas	HT	395260	0	18.54478	-72.30036
2036106	Liaozhong	Liaozhong	CN	395017	0	41.50611	122.72417
3445026	Vila Velha	Vila Velha	BR	394930	0	-20.32972	-40.2925
3181928	Bologna	Bologna	IT	394843	0	44.49381	11.33875
11523293	Sejong	Sejong	KR	394630	0	36.59245	127.29223
2591949	Cazenga	Cazenga	AO	394170	0	-8.83796	13.28399
740264	Samsun	Samsun	TR	394050	0	41.27976	36.3361
588409	Tallinn	Tallinn	EE	394024	1	59.43696	24.75353
149606	Tanga	Tanga	TZ	393429	0	-5.06893	39.09875
379003	El Obeid	El Obeid	SD	393311	0	13.18421	30.21669
3347939	Lobito	Lobito	AO	393079	0	-12.3644	13.53601
145531	Saurimo	Saurimo	AO	393000	0	-9.66078	20.39155
3470279	Bauru	Bauru	BR	392947	0	-22.31472	-49.06056
3688928	Bello	Bello	CO	392939	0	6.33732	-75.55795
3672778	Pasto	Pasto	CO	392930	0	1.21456	-77.27846
1810458	Gaomi	Gaomi	CN	391986	0	36.38333	119.75278
3836277	Santa Fe	Santa Fe	AR	391164	0	-31.64881	-60.70868
2282006	San-Pédro	San-Pedro	CI	390654	0	4.74851	-6.6363
2331140	Makurdi	Makurdi	NG	390000	0	7.73375	8.52139
1633034	Palu	Palu	ID	389959	0	-0.90833	119.87083
2294915	Takoradi	Takoradi	GH	389114	0	4.89816	-1.76029
1606590	Samut Prakan	Samut Prakan	TH	388920	0	13.5976	100.5972
4671240	Arlington	Arlington	US	388125	0	32.73569	-97.10807
105072	Khamis Mushait	Khamis Mushait	SA	387553	0	18.3	42.73333
3660689	Ambato	Ambato	EC	387309	0	-1.24908	-78.61675
3466998	Carapicuíba	Carapicuiba	BR	386984	0	-23.52272	-46.835
3827598	Ojo de Agua	Ojo de Agua	MX	386290	0	19.68028	-99.01
3352136	Windhoek	Windhoek	NA	386219	1	-22.55941	17.08323
2395914	Abomey-Calavi	Abomey-Calavi	BJ	385755	0	6.44852	2.35566
2947416	Bochum	Bochum	DE	385729	0	51.48165	7.21648
1851483	Suita	Suita	JP	385567	0	34.76143	135.51567
1175748	Chak Jhumra	Chak Jhumra	PK	385169	0	31.56808	73.18317
310859	Kahramanmaraş	Kahramanmaras	TR	384953	0	37.5847	36.92641
12159964	Chongzuo	Chongzuo	CN	384905	0	22.38161	107.3683
1854376	Okazaki	Okazaki	JP	384654	0	34.95	137.16667
3514519	Xico	Xico	MX	384327	0	19.27032	-98.95088
3526700	Iztacalco	Iztacalco	MX	384326	0	19.39528	-99.09778
1268561	Kākināda	Kakinada	IN	384182	0	16.96036	82.23809
3470044	Betim	Betim	BR	384000	0	-19.96778	-44.19833
2515270	Las Palmas de Gran Canaria	Las Palmas de Gran Canaria	ES	383516	0	28.10178	-15.41573
1716771	Cotabato	Cotabato	PH	383383	0	7.22361	124.24639
288764	Bawshar	Bawshar	OM	383257	0	23.57769	58.39982
1265014	Latur	Latur	IN	382940	0	18.39721	76.56784
1913154	Tanzhou	Tanzhou	CN	382445	0	22.25503	113.46692
2179537	Wellington	Wellington	NZ	381900	1	-41.28664	174.77557
3996322	Mazatlán	Mazatlan	MX	381583	0	23.22163	-106.41885
520494	Nizhny Tagil	Nizhny Tagil	RU	381116	0	57.91944	59.965
4004330	Irapuato	Irapuato	MX	380941	0	20.671	-101.35577
1861949	Ichinomiya	Ichinomiya	JP	380073	0	35.3	136.8
359792	Aswān	Aswan	EG	379774	0	24.09082	32.89942
675810	Iaşi	Iasi	RO	378954	0	47.16667	27.6
986822	Krugersdorp	Krugersdorp	ZA	378821	0	-26.08577	27.77515
1260482	Pānihāti	Panihati	IN	378705	0	22.69089	88.37404
1185107	Shibganj	Shibganj	BD	378701	0	25.00146	89.32266
3402429	Caucaia	Caucaia	BR	378406	0	-3.73611	-38.65306
3696183	Iquitos	Iquitos	PE	377609	0	-3.74814	-73.2529
1849846	Toyohashi	Toyohashi	JP	377453	0	34.76667	137.38333
1808212	Hechuan	Hechuan	CN	377213	0	29.99228	106.26461
3719028	Pétionville	Petionville	HT	376834	0	18.5125	-72.28528
2745912	Utrecht	Utrecht	NL	376435	0	52.09083	5.12222
1258932	Rajamahendravaram	Rajamahendravaram	IN	376333	0	17.00517	81.77784
3466954	Cariacica	Cariacica	BR	376200	0	-20.26389	-40.42
1621177	Yogyakarta	Yogyakarta	ID	375699	0	-7.80139	110.36472
1272691	Dhule	Dhule	IN	375559	0	20.9013	74.77737
1787031	Yanzhou	Yanzhou	CN	375500	0	35.55278	116.82861
1852383	Minato	Minato	JP	375339	0	34.2152	135.1501
1749822	Puchong	Puchong	MY	375181	0	3	101.61667
2326171	Ondo	Ondo	NG	375000	0	7.09316	4.83528
1798632	Pingyin	Pingyin	CN	374900	0	36.28306	116.44528
1258076	Rohtak	Rohtak	IN	374292	0	28.89447	76.58917
1182682	Bhawana	Bhawana	PK	373841	0	31.56884	72.64917
958724	Rustenburg	Rustenburg	ZA	373695	0	-25.66756	27.24208
5325738	Bakersfield	Bakersfield	US	373640	0	35.37329	-119.01871
2033574	Xuanhua	Xuanhua	CN	373422	0	40.61205	115.06463
939270	Emalahleni	Emalahleni	ZA	373403	0	-25.87133	29.23323
2235189	Bafoussam	Bafoussam	CM	373268	0	5.47775	10.41759
1565022	Thủ Dầu Một	Thu Dau Mot	VN	373105	0	10.9804	106.6519
1851002	Takasaki	Takasaki	JP	372973	0	36.33333	139.01667
1734810	Seremban	Seremban	MY	372917	0	2.7297	101.9381
3827408	Miguel Hidalgo	Miguel Hidalgo	MX	372889	0	19.43411	-99.20024
1856215	Nagano	Nagano	JP	372760	0	36.65	138.18333
1734199	Tawau	Tawau	MY	372615	0	4.24482	117.89115
2653822	Cardiff	Cardiff	GB	372089	0	51.48	-3.18
1814544	Dachang	Dachang	CN	371856	0	31.30873	121.41526
8616121	Đống Đa	GJong GJa	VN	371606	0	21.013	105.825
1106542	Chitungwiza	Chitungwiza	ZW	371246	0	-18.01274	31.07555
7304020	Fenghuang	Fenghuang	CN	370000	0	27.93557	109.59961
2320576	Umuahia	Umuahia	NG	370000	0	5.52491	7.49461
3629672	Puerto La Cruz	Puerto La Cruz	VE	370000	0	10.21382	-64.6328
298299	Uşak	Usak	TR	369433	0	38.67351	29.4058
1283613	Bharatpur	Bharatpur	NP	369377	0	27.68027	84.43647
3460644	Itaquaquecetuba	Itaquaquecetuba	BR	369275	0	-23.48611	-46.34833
7483813	Natore	Natore	BD	369138	0	24.41112	88.98673
353219	6th of October City	6th of October City	EG	368650	0	29.81667	31.05
2644668	Leicester	Leicester	GB	368600	0	52.6386	-1.13169
3466779	Cascavel	Cascavel	BR	368195	0	-24.95583	-53.45528
2172517	Canberra	Canberra	AU	367752	1	-35.28346	149.12807
7535637	Avellaneda	Avellaneda	AR	367554	0	-34.66018	-58.36744
3452465	Praia Grande	Praia Grande	BR	367400	0	-24.00583	-46.40278
1855612	Nara-shi	Nara-shi	JP	367353	0	34.68505	135.80485
3176959	Florence	Florence	IT	367150	0	43.77925	11.24626
1279228	Ahilyanagar	Ahilyanagar	IN	367140	0	19.09457	74.73843
1259091	Kollam	Kollam	IN	367107	0	8.88113	76.58469
8537264	Huanggang	Huanggang	CN	366769	0	30.45143	114.87035
2654993	Bradford	Bradford	GB	366187	0	53.79391	-1.75206
1626381	Sukabumi	Sukabumi	ID	365735	0	-6.91806	106.92667
1275637	Bilāspur	Bilaspur	IN	365579	0	22.08005	82.15543
1703320	Malabon	Malabon	PH	365525	0	14.67333	120.93972
3463011	Franca	Franca	BR	365494	0	-20.53861	-47.40083
5150529	Cleveland	Cleveland	US	365379	0	41.4995	-81.69541
2337181	Iseyin	Iseyin	NG	365300	0	7.97022	3.59626
5950268	Etobicoke	Etobicoke	CA	365000	0	43.64415	-79.56985
2318123	Yenagoa	Yenagoa	NG	365000	0	4.92675	6.26764
2341374	Gboko	Gboko	NG	365000	0	7.32275	9.00108
13546342	Samba	Samba	AO	364986	0	-8.88001	13.19617
3393536	Olinda	Olinda	BR	364717	0	-8.00889	-34.85528
1838343	Pyeongtaek	Pyeongtaek	KR	364694	0	36.99472	127.08889
3630297	Petare	Petare	VE	364684	0	10.47679	-66.80786
1588060	Bến Cát	Ben Cat	VN	364578	0	11.15	106.6
1817990	Anqiu	Anqiu	CN	364208	0	36.43417	119.1925
324190	Alanya	Alanya	TR	364180	0	36.54375	31.99982
1172128	Larkana	Larkana	PK	364033	0	27.55898	68.21204
379062	Al Qadarif	Al Qadarif	SD	363945	0	14.03493	35.38344
627904	Hrodna	Hrodna	BY	363718	0	53.6758	23.82887
1647003	Cibinong	Cibinong	ID	363424	0	-6.48167	106.85417
1169116	Nawabshah	Nawabshah	PK	363138	0	26.23939	68.40369
4335045	New Orleans	New Orleans	US	362701	0	29.95465	-90.07507
1678228	Keelung	Keelung	TW	362487	0	25.13089	121.74094
2692969	Malmö	Malmoe	SE	362133	0	55.60587	13.00073
1805029	Jizhou	Jizhou	CN	362013	0	37.55054	115.56871
2187404	Manukau City	Manukau City	NZ	362000	0	-36.99282	174.87986
2441291	Maradi	Maradi	NE	361702	0	13.5	7.10174
1182092	Burewala	Burewala	PK	361664	0	30.16667	72.65
6947637	Ataşehir	Atasehir	TR	361615	0	40.9833	29.1167
3469968	Blumenau	Blumenau	BR	361261	0	-26.91944	-49.06611
1799823	Nanqiao	Nanqiao	CN	361185	0	30.91611	121.44944
1170395	Mingora	Mingora	PK	361112	0	34.7795	72.36265
3389353	Santarém	Santarem	BR	360871	0	-2.44306	-54.70833
2805753	Wuppertal	Wuppertal	DE	360797	0	51.25627	7.14816
2014407	Ulan-Ude	Ulan-Ude	RU	360278	0	51.82648	107.59979
11694038	Huocheng	Huocheng	CN	360000	0	44.05305	80.87173
2338400	Ijebu Ode	Ijebu Ode	NG	360000	0	6.81944	3.91731
932505	Maseru	Maseru	LS	359753	1	-29.31667	27.48333
1275960	Bhilwara	Bhilwara	IN	359483	0	25.34707	74.64081
5412347	Aurora	Aurora	US	359407	0	39.72943	-104.83192
620127	Vitebsk	Vitebsk	BY	358927	0	55.1904	30.2049
7628419	Sultanbeyli	Sultanbeyli	TR	358201	0	40.96072	29.27067
1516905	Taraz	Taraz	KZ	358153	0	42.89799	71.37334
1832828	Yangsan	Yangsan	KR	358074	0	35.34199	129.03358
1689395	San Jose del Monte	San Jose del Monte	PH	357828	0	14.81389	121.04528
13631407	Abū al-Kahṣīb	Abu al-Kahsib	IQ	357771	0	30.4431	47.87802
1948005	Gwangmyeong	Gwangmyeong	KR	357545	0	37.47722	126.86639
111453	Zanjan	Zanjan	IR	357471	0	36.67642	48.49628
3673899	Neiva	Neiva	CO	357392	0	2.93001	-75.27973
2112539	Iwaki	Iwaki	JP	357309	0	37.05	140.88333
473247	Vladimir	Vladimir	RU	357024	0	56.13854	40.39976
1026014	Tete	Tete	MZ	357000	0	-16.15639	33.58667
1729524	Bacoor	Bacoor	PH	356974	0	14.45896	120.93851
3445839	Uberaba	Uberaba	BR	356781	0	-19.74833	-47.93194
1926004	Wakayama	Wakayama	JP	356729	0	34.23333	135.16667
1275198	Brahmapur	Brahmapur	IN	356598	0	19.31151	84.7929
1673816	Fengshan	Fengshan	TW	356463	0	22.62659	120.36126
747158	Fatih	Fatih	TR	356025	0	41.0225	28.94083
2214846	Misratah	Misratah	LY	355657	0	32.37535	15.09254
3348078	Cuíto	Cuito	AO	355423	0	-12.38333	16.93333
3827406	Benito Juarez	Benito Juarez	MX	355017	0	19.3984	-99.15766
1519922	Kyzylorda	Kyzylorda	KZ	354800	0	44.85278	65.50917
1164776	Sinjhoro	Sinjhoro	PK	354709	0	26.03008	68.80867
1859740	Kawagoe	Kawagoe	JP	354571	0	35.90861	139.48528
1850910	Takatsuki	Takatsuki	JP	354468	0	34.84833	135.61678
1262330	Muzaffarpur	Muzaffarpur	IN	354462	0	26.12259	85.39055
3516266	Tapachula	Tapachula	MX	353706	0	14.90541	-92.25891
8067345	Lhoka	Lhoka	CN	353700	0	29.24301	91.77239
3514670	Villahermosa	Villahermosa	MX	353577	0	17.98625	-92.93928
1735162	Setapak	Setapak	MY	353268	0	3.207	101.727
625665	Mahilyow	Mahilyow	BY	352896	0	53.90876	30.34044
141681	Bandar Abbas	Bandar Abbas	IR	352173	0	27.1865	56.2808
291074	Ras Al Khaimah	Ras Al Khaimah	AE	351943	0	25.78953	55.9432
3647651	Cabimas	Cabimas	VE	351736	0	10.39907	-71.45206
1640344	Kendari	Kendari	ID	351085	0	-3.9778	122.51507
5856195	Honolulu	Honolulu	US	350964	0	21.30694	-157.85833
5323810	Anaheim	Anaheim	US	350742	0	33.83529	-117.9145
299817	Tarsus	Tarsus	TR	350732	0	36.91766	34.89277
1798900	Pengze	Pengze	CN	350000	0	29.89885	116.54572
342884	Bahir Dar	Bahir Dar	ET	350000	0	11.59364	37.39077
1259239	Punāsa	Punasa	IN	350000	0	22.23507	76.39335
99100	Al Maḩmūdīyah	Al Mahmudiyah	IQ	350000	0	33.06221	44.36564
8054802	Xilinhot	Xilinhot	CN	349953	0	43.93889	116.07021
3448632	São José dos Pinhais	Sao Jose dos Pinhais	BR	349880	0	-25.5302	-49.20836
1028434	Quelimane	Quelimane	MZ	349842	0	-17.87861	36.88833
581049	Arkhangel’sk	Arkhangel'sk	RU	349742	0	64.5461	40.55183
1262332	Muzaffarnagar	Muzaffarnagar	IN	349706	0	29.47091	77.70332
12548253	Hulunbuir	Hulunbuir	CN	349400	0	49.21141	119.75582
1645133	Dumai	Dumai	ID	349389	0	1.66711	101.44316
2451185	Sikasso	Sikasso	ML	349324	0	11.31755	-5.66654
117574	Sanandaj	Sanandaj	IR	349176	0	35.31495	46.99883
2025339	Chita	Chita	RU	349005	0	52.04311	113.49171
1688749	San Pedro	San Pedro	PH	348968	0	14.3595	121.0473
2521978	Alicante	Alicante	ES	348901	0	38.34517	-0.48149
2388873	Bimbo	Bimbo	CF	348802	0	4.25671	18.41583
1321218	Kalemyo	Kalemyo	MM	348573	0	23.19014	94.06405
2655984	Belfast	Belfast	GB	348005	0	54.59682	-5.92541
1564064	Long Bien	Long Bien	VN	347829	0	21.03333	105.9
3566067	Camagüey	Camagueey	CU	347562	0	21.38083	-77.91694
3128026	Bilbao	Bilbao	ES	347342	0	43.26271	-2.92528
1651531	Ambon	Ambon	ID	347288	0	-3.69583	128.18333
629634	Brest	Brest	BY	347138	0	52.10894	23.71749
3451353	Ribeirão das Neves	Ribeirao das Neves	BR	346971	0	-19.76694	-44.08667
2038067	Chifeng	Chifeng	CN	346654	0	42.26833	118.96361
8310663	Central Coast	Central Coast	AU	346596	0	-33.42979	151.37144
3435217	Corrientes	Corrientes	AR	346334	0	-27.46784	-58.8344
1877030	Hŭngnam	Hungnam	KP	346082	0	39.84198	127.63206
1278130	Avadi	Avadi	IN	345996	0	13.1147	80.10981
12277239	Yunlong	Yunlong	CN	345393	0	34.25281	117.25167
1858729	Koshigaya	Koshigaya	JP	345353	0	35.89035	139.78916
2652221	Coventry	Coventry	GB	345324	0	52.40656	-1.51217
578072	Belgorod	Belgorod	RU	345289	0	50.60343	36.58091
1053384	Toamasina	Toamasina	MG	345107	0	-18.1492	49.40234
7281838	Logan City	Logan City	AU	345098	0	-27.63917	153.10944
1853574	Ōtsu	Otsu	JP	345070	0	35	135.86667
371760	Kosti	Kosti	SD	345068	0	13.1629	32.66347
2035261	Qitaihe	Qitaihe	CN	345033	0	45.768	130.9953
290030	Doha	Doha	QA	344939	1	25.28545	51.53096
1273800	Kadapa	Kadapa	IN	344893	0	14.47995	78.82346
8715035	Nakano	Nakano	JP	344880	0	35.70449	139.66946
1646170	Cirebon	Cirebon	ID	344851	0	-6.7063	108.557
3625829	Turmero	Turmero	VE	344700	0	10.22856	-67.47421
1850181	Tokorozawa	Tokorozawa	JP	344194	0	35.79916	139.46903
1721906	Cabanatuan City	Cabanatuan City	PH	343672	0	15.48586	120.96648
1785716	Pizhou	Pizhou	CN	343421	0	34.31139	117.95028
338832	Dire Dawa	Dire Dawa	ET	343000	0	9.59306	41.86611
2506999	Annaba	Annaba	DZ	342703	0	36.9	7.76667
2990440	Nice	Nice	FR	342669	0	43.70313	7.26608
1711084	Iligan	Iligan	PH	342618	0	8.2289	124.24344
3667849	Soledad	Soledad	CO	342556	0	10.91843	-74.76459
2529013	Temara	Temara	MA	342345	0	33.92866	-6.90656
3392740	Paulista	Paulista	BR	342167	0	-7.94083	-34.87306
2566633	Obalende	Obalende	NG	342000	0	6.44694	3.41528
1265767	Kukatpally	Kukatpally	IN	341709	0	17.48486	78.41376
1794479	Laixi	Laixi	CN	341470	0	36.85917	120.52694
96994	Dihok	Dihok	IQ	340900	0	36.86608	42.9879
553915	Kaluga	Kaluga	RU	340851	0	54.53063	36.27
13405933	Bắc Từ Liêm	Bac Tu Liem	VN	340605	0	21.06532	105.74661
4014875	Celaya	Celaya	MX	340387	0	20.52181	-100.81399
2411989	Serekunda	Serekunda	GM	340000	0	13.43833	-16.67806
1199503	Kafrul	Kafrul	BD	339734	0	23.78822	90.37359
308988	Karşıyaka	Karsiyaka	TR	339624	0	38.45772	27.1142
702320	Makiyivka	Makiyivka	UA	338968	0	48.04782	37.92576
3529947	Cuernavaca	Cuernavaca	MX	338650	0	18.9261	-99.23075
6066513	Markham	Markham	CA	338503	0	43.86682	-79.2663
3448136	São Vicente	Sao Vicente	BR	338326	0	-23.96306	-46.39194
1876373	Kaesŏng	Kaesong	KP	338155	0	37.97083	126.55444
1185098	Tungi	Tungi	BD	337579	0	23.89154	90.40232
963241	Randburg	Randburg	ZA	337053	0	-26.0941	28.00123
2537881	Safi	Safi	MA	336883	0	32.29939	-9.23718
693805	Simferopol	Simferopol	UA	336460	0	44.95719	34.11079
765876	Lublin	Lublin	PL	336339	0	51.25058	22.57009
3454244	Pelotas	Pelotas	BR	336150	0	-31.76997	-52.34101
3621849	San José	San Jose	CR	335007	1	9.93388	-84.08489
4167147	Orlando	Orlando	US	334854	0	28.53834	-81.37924
3868121	Viña del Mar	Vina del Mar	CL	334248	0	-33.02457	-71.55183
119505	Qazvin	Qazvin	IR	333635	0	36.26877	50.0041
2130629	Asahikawa	Asahikawa	JP	333530	0	43.77063	142.36489
1268257	Kāmārhāti	Kamarhati	IN	332965	0	22.67111	88.37472
3981941	Tepic	Tepic	MX	332863	0	21.50733	-104.89332
1833105	Wŏnju	Wonju	KR	332849	0	37.35139	127.94528
364103	Wad Medani	Wad Medani	SD	332714	0	14.40118	33.51989
9645084	Quận Mười Một	Quan Muoi Mot	VN	332536	0	10.76383	106.64355
601294	Nukus	Nukus	UZ	332500	0	42.45861	59.60576
306641	Konak	Konak	TR	332277	0	38.4	27.1
1857843	Maebashi	Maebashi	JP	332149	0	36.4	139.08333
8469285	Kita	Kita	JP	332140	0	35.75264	139.73348
3530580	Ciudad Victoria	Ciudad Victoria	MX	332100	0	23.74061	-99.14364
3982912	Soledad de Graciano Sánchez	Soledad de Graciano Sanchez	MX	332072	0	22.18912	-100.93792
1859146	Kochi	Kochi	JP	332059	0	33.55	133.53333
2949186	Bielefeld	Bielefeld	DE	331906	0	52.03333	8.53333
2503769	Blida	Blida	DZ	331779	0	36.47004	2.8277
1819595	Kwai Chung	Kwai Chung	HK	331600	0	22.36828	114.13877
1701947	Mandaue City	Mandaue City	PH	331320	0	10.32361	123.92222
586523	Ganja	Ganja	AZ	330663	0	40.68157	46.36134
127319	Khorramshahr	Khorramshahr	IR	330606	0	30.44079	48.18428
2946447	Bonn	Bonn	DE	330579	0	50.73438	7.09549
1263364	Mathura	Mathura	IN	330511	0	27.5035	77.67215
12358476	Hechi	Hechi	CN	330131	0	24.69285	108.08376
3102014	Bydgoszcz	Bydgoszcz	PL	330038	0	53.1235	18.00762
491687	Smolensk	Smolensk	RU	330025	0	54.77826	32.05088
608668	Oral	Oral	KZ	330000	0	51.24601	51.42558
127349	Khorramabad	Khorramabad	IR	329825	0	33.48778	48.35583
3583096	Soyapango	Soyapango	SV	329708	0	13.71024	-89.13989
1787824	Tongshan	Tongshan	CN	329661	0	34.18045	117.15707
2595778	Guédiawaye	Guediawaye	SN	329659	0	14.77446	-17.40212
728193	Plovdiv	Plovdiv	BG	329489	0	42.15387	24.75001
4013704	Ciudad Obregón	Ciudad Obregon	MX	329404	0	27.48642	-109.94079
1866923	Wŏnsan	Wonsan	KP	329207	0	39.15278	127.44361
1520240	Pavlodar	Pavlodar	KZ	329002	0	52.27601	76.96881
1274693	Chānda	Chanda	IN	328351	0	19.95076	79.29523
3467467	Canoas	Canoas	BR	328291	0	-29.91778	-51.18361
2112141	Kōriyama	Koriyama	JP	327692	0	37.4	140.38333
491422	Sochi	Sochi	RU	327608	0	43.59699	39.72477
324496	Aksaray	Aksaray	TR	327575	0	38.37255	34.02537
1275701	Vijayapura	Vijayapura	IN	327427	0	16.82442	75.71537
918702	Chipata	Chipata	ZM	327059	0	-13.63333	32.65
2044757	Chongjin	Chongjin	KP	327000	0	41.79556	129.77583
2033467	Yanji	Yanji	CN	326957	0	42.88825	129.50241
936374	Roodepoort	Roodepoort	ZA	326416	0	-26.1625	27.8725
3693345	Pucallpa	Pucallpa	PE	326040	0	-8.37915	-74.55387
3457001	Mogi das Cruzes	Mogi das Cruzes	BR	325746	0	-23.52278	-46.18833
2519240	Córdoba	Cordoba	ES	325708	0	37.89155	-4.77275
2655613	Birkenhead	Birkenhead	GB	325264	0	53.39337	-3.01479
2990969	Nantes	Nantes	FR	325070	0	47.21725	-1.55336
2337704	Ilesa	Ilesa	NG	325000	0	7.62789	4.74161
1631766	Pekalongan	Pekalongan	ID	324564	0	-6.8886	109.6753
1209106	Bhatara	Bhatara	BD	324300	0	23.8	90.45
660158	Espoo	Espoo	FI	323910	0	60.2052	24.6522
192126	Kikuyu	Kikuyu	KE	323881	0	-1.24627	36.66291
1732811	Kluang	Kluang	MY	323762	0	2.03046	103.31689
1803590	Lincang	Lincang	CN	323708	0	23.87972	100.09455
2641170	Nottingham	Nottingham	GB	323632	0	52.9536	-1.15047
13631350	Ramiros	Ramiros	AO	323576	0	-9.06259	13.0456
99608	Al ‘Amārah	Al 'Amarah	IQ	323302	0	31.83561	47.14483
472231	Volzhsky	Volzhsky	RU	323293	0	48.78583	44.77973
6173577	Vaughan	Vaughan	CA	323103	0	43.8361	-79.49827
1807566	Xingyi	Xingyi	CN	322890	0	25.09617	104.90639
1256515	Shivamogga	Shivamogga	IN	322650	0	13.93157	75.56791
1278946	Alwar	Alwar	IN	322568	0	27.56246	76.625
2236568	Uíge	Uige	AO	322531	0	-7.60874	15.06131
3446682	Taubaté	Taubate	BR	322397	0	-23.02639	-45.55528
3526682	Ixtapaluca	Ixtapaluca	MX	322271	0	19.31556	-98.88284
1527534	Osh	Osh	KG	322164	0	40.52828	72.7985
3652941	Portoviejo	Portoviejo	EC	321800	0	-1.05764	-80.45145
3665900	Villavicencio	Villavicencio	CO	321717	0	4.13238	-73.62564
1874533	Man’gyŏngdae-ri	Man'gyongdae-ri	KP	321690	0	38.99182	125.65871
3468031	Camaçari	Camacari	BR	321636	0	-12.6975	-38.32417
3701329	San Miguelito	San Miguelito	PA	321501	0	9.05032	-79.47068
1256728	Shāhjānpur	Shahjanpur	IN	320434	0	27.88165	79.90918
4297983	Lexington	Lexington	US	320347	0	37.98869	-84.47772
6958518	Tantou	Tantou	CN	320304	0	22.75121	113.83496
3447212	Suzano	Suzano	BR	320261	0	-23.5425	-46.31083
3472287	Anápolis	Anapolis	BR	319587	0	-16.32667	-48.95278
1876401	Kaech’ŏn	Kaech'on	KP	319554	0	39.70056	125.89333
1268773	Jūnāgadh	Junagadh	IN	319462	0	21.51966	70.45981
2646003	Islington	Islington	GB	319143	0	51.53622	-0.10304
1571968	Hoa Lư	Hoa Lu	VN	319125	0	20.25809	105.97965
3556969	Holguín	Holguin	CU	319102	0	20.88722	-76.26306
1520316	Ust-Kamenogorsk	Ust-Kamenogorsk	KZ	319067	0	49.97143	82.60586
1818209	Tsuen Wan	Tsuen Wan	HK	318916	0	22.37137	114.11329
2437798	Zinder	Zinder	NE	318874	0	13.80716	8.9881
498698	Saransk	Saransk	RU	318841	0	54.18485	45.17166
99762	Al Diwaniyah	Al Diwaniyah	IQ	318801	0	31.99289	44.92552
726050	Varna	Varna	BG	318737	0	43.21912	27.91024
1177384	Hafizabad	Hafizabad	PK	318621	0	32.07095	73.68802
12278193	Marne La Vallée	Marne La Vallee	FR	318325	0	48.83584	2.64241
1633118	Palangkaraya	Palangkaraya	ID	318247	0	-2.20833	113.91667
358448	Damanhur	Damanhur	EG	318207	0	31.03408	30.46823
1181096	Chiniot	Chiniot	PK	318165	0	31.72091	72.97836
3671916	Popayán	Popayan	CO	318059	0	2.43823	-76.61316
2639577	Reading	Reading	GB	318014	0	51.45625	-0.97113
159908	Geita	Geita	TZ	318006	0	-2.8725	32.2325
680963	Constanţa	Constanta	RO	317832	0	44.18073	28.63432
1261481	New Delhi	New Delhi	IN	317797	1	28.62137	77.2148
734077	Thessaloníki	Thessaloniki	GR	317778	0	40.64072	22.93493
2244802	Thiès	Thies	SN	317763	0	14.78944	-16.92602
1856035	Naha	Naha	JP	317625	0	26.213	127.67851
5387877	Riverside	Riverside	US	317261	0	33.95335	-117.39616
2038569	Baicheng	Baicheng	CN	316970	0	45.61751	122.83302
3698304	Chimbote	Chimbote	PE	316966	0	-9.07508	-78.59373
3182351	Bari	Bari	IT	316491	0	41.12066	16.86982
3470353	Barueri	Barueri	BR	316473	0	-23.51056	-46.87611
4683416	Corpus Christi	Corpus Christi	US	316239	0	27.80058	-97.39638
1254187	Thrissur	Thrissur	IN	315957	0	10.51667	76.21667
569223	Cherepovets	Cherepovets	RU	315738	0	59.13333	37.9
3658192	Eloy Alfaro	Eloy Alfaro	EC	315724	0	-2.16919	-79.83987
99131	Al-Kut	Al-Kut	IQ	315162	0	32.5128	45.81817
1732869	Muar	Muar	MY	314776	0	2.0442	102.5689
739549	Şişli	Sisli	TR	314684	0	41.06046	28.98717
4297999	Lexington-Fayette	Lexington-Fayette	US	314488	0	38.0498	-84.45855
2228373	Maroua	Maroua	CM	314122	0	10.59095	14.31593
2645425	Kingston upon Hull	Kingston upon Hull	GB	314018	0	53.7446	-0.33525
2639912	Preston	Preston	GB	313332	0	53.76282	-2.70452
2036434	Lianshan	Lianshan	CN	313247	0	40.76432	120.85327
317109	Denizli	Denizli	TR	313238	0	37.77417	29.0875
2338313	Ikeja	Ikeja	NG	313196	0	6.59651	3.34205
7799991	New Cairo	New Cairo	EG	313139	0	30.03	31.47
3444924	Vitória	Vitoria	BR	312656	0	-20.31944	-40.33778
3673164	Palmira	Palmira	CO	312519	0	3.53479	-76.29774
472459	Vologda	Vologda	RU	312420	0	59.2239	39.88398
1711082	Iligan City	Iligan City	PH	312323	0	8.25	124.4
2525068	Catania	Catania	IT	311584	0	37.49223	15.07041
1261258	Nizāmābād	Nizamabad	IN	311152	0	18.67154	78.0988
4508722	Cincinnati	Cincinnati	US	311097	0	39.12711	-84.51439
1214189	Percut	Percut	ID	311063	0	3.6253	98.864
3530517	Coatzacoalcos	Coatzacoalcos	MX	310698	0	18.14905	-94.4447
5392900	Santa Ana	Santa Ana	US	310227	0	33.74557	-117.86783
1870883	Sariwŏn-si	Sariwon-si	KP	310100	0	38.50722	125.75583
1016670	Botshabelo	Botshabelo	ZA	309714	0	-29.26737	26.72595
1722186	Butuan	Butuan	PH	309709	0	8.94917	125.54361
143860	Shahrīār	Shahriar	IR	309607	0	35.65884	51.05775
120292	Qods	Qods	IR	309605	0	35.7214	51.109
9871722	Gia Lâm	Gia Lam	VN	309353	0	21.02	105.939
1501321	Kurgan	Kurgan	RU	309285	0	55.44905	65.34344
3516355	Tampico	Tampico	MX	309003	0	22.28519	-97.87777
2566696	Akowonjo	Akowonjo	NG	308900	0	6.61012	3.30968
1721281	Cabuyao	Cabuyao	PH	308745	0	14.2726	121.1262
149658	Tabora	Tabora	TZ	308741	0	-5.01622	32.82663
1859891	Kasugai	Kasugai	JP	308681	0	35.24762	136.97229
1594308	An Nhơn	An Nhon	VN	308396	0	13.88579	109.10823
2566676	Alimosho	Alimosho	NG	308290	0	6.60656	3.30235
4003757	Ciudad Benito Juárez	Ciudad Benito Juarez	MX	308285	0	25.6466	-100.09142
2867543	Münster	Muenster	DE	308258	0	51.96236	7.62571
2873891	Mannheim	Mannheim	DE	307960	0	49.4891	8.46694
1641134	Karawang	Karawang	ID	307880	0	-6.30525	107.3197
2113126	Akita	Akita	JP	307672	0	39.71667	140.11667
1254089	Tumkūr	Tumkur	IN	307359	0	13.34136	77.1022
1846052	Chinju	Chinju	KR	307242	0	35.19278	128.08472
1260341	Parbhani	Parbhani	IN	307170	0	19.26855	76.77081
1270022	Hisar	Hisar	IN	307024	0	29.15394	75.72294
1843491	Iksan	Iksan	KR	307000	0	35.94389	126.95444
1271885	Fīrozābād	Firozabad	IN	306409	0	27.15092	78.39781
3474574	Palmas	Palmas	BR	306296	0	-10.16745	-48.32766
473249	Vladikavkaz	Vladikavkaz	RU	306258	0	43.04101	44.66986
3718420	Port-de-Paix	Port-de-Paix	HT	306217	0	19.93984	-72.83037
358048	Damietta	Damietta	EG	305920	0	31.41648	31.81332
3429886	Posadas	Posadas	AR	305874	0	-27.39184	-55.92379
6317872	Parauapebas	Parauapebas	BR	305771	0	-6.0675	-49.90222
1016181	Brakpan	Brakpan	ZA	305692	0	-26.23656	28.36938
5399020	Stockton	Stockton	US	305658	0	37.9577	-121.29078
3397147	Juazeiro do Norte	Juazeiro do Norte	BR	305531	0	-7.21306	-39.31528
1848373	Yokkaichi	Yokkaichi	JP	305424	0	34.96667	136.61667
1265711	Kulti	Kulti	IN	305405	0	23.73166	86.84372
3515463	Tláhuac	Tlahuac	MX	305076	0	19.28689	-99.00507
2323675	Sapele	Sapele	NG	305000	0	5.89405	5.67666
128476	Kashan	Kashan	IR	304487	0	33.98237	51.42769
6861211	Kāshān	Kashan	IR	304487	0	34.00228	51.43879
5206379	Pittsburgh	Pittsburgh	US	304391	0	40.44062	-79.99589
3689560	Armenia	Armenia	CO	304314	0	4.53656	-75.67263
3984583	Santa Catarina	Santa Catarina	MX	304052	0	25.67325	-100.45813
149703	Sumbawanga	Sumbawanga	TZ	303986	0	-7.96667	31.61667
515012	Orël	Orel	RU	303696	0	52.96879	36.0791
1847966	Akashi	Akashi	JP	303601	0	34.65524	135.00687
8616127	Hai Bà Trưng	Hai Ba Trung	VN	303586	0	21.01341	105.84772
1858088	Kurume	Kurume	JP	303579	0	33.31667	130.51667
2778067	Graz	Graz	AT	303270	0	47.06733	15.44197
5045360	Saint Paul	Saint Paul	US	303176	0	44.94441	-93.09327
1572532	Nghi Sơn	Nghi Son	VN	302210	0	19.32746	105.82145
1267708	Karnāl	Karnal	IN	302140	0	29.69197	76.98448
1815482	Changyi	Changyi	CN	302072	0	36.85361	119.39083
3439101	Ciudad del Este	Ciudad del Este	PY	301815	0	-25.5036	-54.65067
350203	Rosetta	Rosetta	EG	301795	0	31.39951	30.41718
1277029	Barddhamān	Barddhaman	IN	301725	0	23.25572	87.85691
1640660	Kediri	Kediri	ID	301424	0	-7.81667	112.01667
897045	Solwezi	Solwezi	ZM	301370	0	-12.1688	26.38938
2954172	Augsburg	Augsburg	DE	301105	0	48.37154	10.89851
3106672	Valladolid	Valladolid	ES	300618	0	41.65541	-4.72353
1738050	Miri	Miri	MY	300543	0	4.39928	113.99163
1789262	Xinyi	Xinyi	CN	300511	0	34.38424	118.34617
1170880	Mardan	Mardan	PK	300424	0	34.19794	72.04965
1490624	Surgut	Surgut	RU	300367	0	61.25757	73.41775
2636432	Swansea	Swansea	GB	300352	0	51.62079	-3.94323
1688830	San Pablo	San Pablo	PH	300166	0	14.0683	121.3256
2641673	Newcastle upon Tyne	Newcastle upon Tyne	GB	300125	0	54.97328	-1.61396
11679708	Gundupālaiyam	Gundupalaiyam	IN	300104	0	11.94096	79.80294
3445451	Várzea Grande	Varzea Grande	BR	300078	0	-15.64667	-56.1325
5959974	Gatineau	Gatineau	CA	300045	0	45.47723	-75.70164
1787323	Yangshuo	Yangshuo	CN	300000	0	24.78081	110.48967
1725115	Biñan	Binan	PH	300000	0	14.34267	121.08071
363807	Winejok	Winejok	SS	300000	0	9.01222	27.57081
3632308	Mérida	Merida	VE	300000	0	8.57899	-71.16922
1803364	Linqu	Linqu	CN	299646	0	36.51556	118.53972
3980760	Uruapan	Uruapan	MX	299523	0	19.41677	-102.05842
1282931	Pātan	Patan	NP	299283	0	27.67658	85.31417
1514019	Fergana	Fergana	UZ	299200	0	40.38421	71.78432
3865086	Bahía Blanca	Bahia Blanca	AR	299101	0	-38.7176	-62.26545
1687687	Santol	Santol	PH	298976	0	15.16222	120.5675
2250805	Kaolack	Kaolack	SN	298904	0	14.15197	-16.07259
1642588	Jember	Jember	ID	298585	0	-8.17211	113.69953
2130658	Aomori	Aomori	JP	298394	0	40.81667	140.73333
1277065	Bārāsat	Barasat	IN	298127	0	22.72154	88.48198
12165955	Mulugu	Mulugu	IN	297671	0	18.191	79.943
3463030	Foz do Iguaçu	Foz do Iguacu	BR	297352	0	-25.54778	-54.58806
1275716	Bihār Sharīf	Bihar Sharif	IN	297268	0	25.20084	85.52389
1624494	Tegal	Tegal	ID	297173	0	-6.8694	109.1402
558418	Grozny	Grozny	RU	297137	0	43.31195	45.68895
2316702	Boma	Boma	CD	297009	0	-5.85098	13.05364
1277539	Bāli	Bali	IN	296973	0	22.64859	88.34115
1794209	Pu'er	Pu'er	CN	296565	0	22.78863	100.97481
1258599	Rāmpur	Rampur	IN	296418	0	28.81014	79.02699
1273491	Darbhanga	Darbhanga	IN	296039	0	26.15216	85.89707
1260476	Panipat	Panipat	IN	295970	0	29.38747	76.96825
8461573	Mwene	Mwene	CD	295683	0	-9.81697	22.87023
776069	Białystok	Bialystok	PL	295683	0	53.13333	23.16433
3448744	São José	Sao Jose	BR	295658	0	-27.61528	-48.6275
2246512	Rufisque	Rufisque	SN	295459	0	14.71542	-17.27334
524305	Murmansk	Murmansk	RU	295374	0	68.96778	33.09922
1254360	Tirupati	Tirupati	IN	295323	0	13.63551	79.41989
2637433	Southend-on-Sea	Southend-on-Sea	GB	295310	0	51.53782	0.71433
3454031	Petrópolis	Petropolis	BR	294926	0	-22.505	-43.17861
3461789	Guarujá	Guaruja	BR	294871	0	-23.99306	-46.25639
3460845	Itajaí	Itajai	BR	294850	0	-26.90778	-48.66194
5072006	Lincoln	Lincoln	US	294757	0	40.8	-96.66696
8531735	Phu Quoc	Phu Quoc	VN	294419	0	10.22409	103.97156
1817240	Baiyin	Baiyin	CN	294400	0	36.54696	104.17023
2112923	Fukushima	Fukushima	JP	294237	0	37.75	140.46667
3161732	Bergen	Bergen	NO	294029	0	60.39299	5.32415
6954929	Greater Noida	Greater Noida	IN	293908	0	28.49615	77.53601
7279746	Noida	Noida	IN	293908	0	28.58	77.33
484646	Tambov	Tambov	RU	293661	0	52.73632	41.44102
3105976	Vigo	Vigo	ES	293642	0	42.23282	-8.72264
1279186	Aizawl	Aizawl	IN	293416	0	23.72894	92.71791
1650217	Banjarbaru	Banjarbaru	ID	293332	0	-3.4406	114.8365
8616118	Thanh Xuân	Thanh Xuan	VN	293292	0	20.99472	105.79977
109571	Al Hufūf	Al Hufuf	SA	293179	0	25.36467	49.58764
3530757	Cholula	Cholula	MX	292881	0	19.06406	-98.30352
1271715	Gandhinagar	Gandhinagar	IN	292797	0	23.21667	72.68333
1519422	Semey	Semey	KZ	292780	0	50.42064	80.25025
8616113	Cầu Giấy	Cau Giay	VN	292536	0	21.03228	105.80073
1272543	Dindigul	Dindigul	IN	292512	0	10.36896	77.98036
3453186	Ponta Grossa	Ponta Grossa	BR	292177	0	-25.095	-50.16194
1810295	Gaozhou	Gaozhou	CN	292164	0	21.91965	110.85678
1175088	Kamoke	Kamoke	PK	292023	0	31.97526	74.22304
3458575	Limeira	Limeira	BR	291869	0	-22.56472	-47.40167
1254649	Thanjavur	Thanjavur	IN	291067	0	10.78523	79.13909
946877	Kariega	Kariega	ZA	291052	0	-33.75562	25.40074
325330	Adıyaman	Adiyaman	TR	290883	0	37.76441	38.27629
109101	Al Mubarraz	Al Mubarraz	SA	290802	0	25.40768	49.59028
3429577	Resistencia	Resistencia	AR	290793	0	-27.46363	-58.98665
2111834	Morioka	Morioka	JP	290700	0	39.7	141.15
610529	Atyrau	Atyrau	KZ	290700	0	47.1048	51.88427
1788245	Xiuying	Xiuying	CN	290000	0	20.00073	110.29359
3628473	San Cristóbal	San Cristobal	VE	289852	0	7.76593	-72.23576
1646494	Cileungsir	Cileungsir	ID	289833	0	-6.39472	106.95917
1267755	Karīmnagar	Karimnagar	IN	289821	0	18.43915	79.12856
6174041	Victoria	Victoria	CA	289625	0	48.4359	-123.35155
5879400	Anchorage	Anchorage	US	289600	0	61.21806	-149.90028
1273066	Dewas	Dewas	IN	289550	0	22.96585	76.05526
2505572	Batna	Batna	DZ	289504	0	35.55597	6.17414
598316	Kaunas	Kaunas	LT	289380	0	54.90156	23.90909
1255744	Sonīpat	Sonipat	IN	289333	0	28.99478	77.01937
3654533	Machala	Machala	EC	289141	0	-3.25886	-79.95876
2809346	Wiesbaden	Wiesbaden	DE	288850	0	50.08601	8.24435
4300488	Meads	Meads	US	288649	0	38.41258	-82.70905
916095	Kabwe	Kabwe	ZM	288598	0	-14.4469	28.44644
2040893	Sinŭiju	Sinuiju	KP	288112	0	40.10056	124.39806
1862033	Ibaraki	Ibaraki	JP	287730	0	34.81641	135.56828
1591449	Bắc Ninh	Bac Ninh	VN	287658	0	21.18608	106.07631
1269834	Ichalkaranji	Ichalkaranji	IN	287353	0	16.69117	74.46054
1570357	Phú Mỹ	Phu My	VN	287055	0	10.63333	107.06667
3466489	Ceilândia	Ceilandia	BR	287023	0	-15.8091	-48.13096
3096472	Katowice	Katowice	PL	286960	0	50.2597	19.02173
752850	Adapazarı	Adapazari	TR	286787	0	40.78056	30.40333
681290	Cluj-Napoca	Cluj-Napoca	RO	286598	0	46.76667	23.6
1842030	Gunpo	Gunpo	KR	286485	0	37.3675	126.94694
877401	Songea	Songea	TZ	286285	0	-10.68333	35.65
217562	Butembo	Butembo	CD	286242	0	0.14164	29.29117
3928128	Tacna	Tacna	PE	286240	0	-18.01465	-70.25362
1818558	Tin Shui Wai	Tin Shui Wai	HK	286232	0	22.45679	114.00234
1575627	Long Xuyên	Long Xuyen	VN	286140	0	10.38639	105.43518
1349452	Savar	Savar	BD	286008	0	23.84858	90.25002
1276070	Bathinda	Bathinda	IN	285788	0	30.20747	74.93893
5505411	Henderson	Henderson	US	285667	0	36.0397	-114.98194
1269395	Jālna	Jalna	IN	285577	0	19.84102	75.88636
11808941	Sekondi	Sekondi	GH	285506	0	4.93422	-1.71454
3449072	São Gonçalo	Sao Goncalo	BR	285439	0	-22.82694	-43.05389
10858926	Kyengera	Kyengera	UG	285400	0	0.29517	32.50159
4469146	Greensboro	Greensboro	US	285342	0	36.07264	-79.79198
294801	Haifa	Haifa	IL	285316	0	32.81303	34.99928
2624652	Århus	Arhus	DK	285273	0	56.15674	10.21076
1812990	Dengzhou	Dengzhou	CN	285032	0	32.68273	112.08873
1281743	Artux	Artux	CN	285000	0	39.70842	76.17971
1845136	Chuncheon	Chuncheon	KR	284855	0	37.87472	127.73417
3487903	Alto Barinas	Alto Barinas	VE	284289	0	8.5931	-70.2261
2248477	Mbour	Mbour	SN	284189	0	14.42196	-16.96375
2654710	Brighton	Brighton	GB	283870	0	50.82838	-0.13947
2892794	Karlsruhe	Karlsruhe	DE	283799	0	49.00937	8.40444
2088122	Port Moresby	Port Moresby	PG	283733	1	-9.47723	147.15089
360686	Minya	Minya	EG	283605	0	28.09193	30.75813
4719457	Plano	Plano	US	283558	0	33.01984	-96.69889
3395503	Marabá	Maraba	BR	283542	0	-5.38146	-49.13232
2112664	Ichihara	Ichihara	JP	283531	0	35.51667	140.08333
1798097	Qibao	Qibao	CN	283352	0	31.15267	121.35688
10263153	Kirāri Sulemānnagar	Kirari Sulemannagar	IN	283211	0	28.69736	77.0648
1720840	Cainta	Cainta	PH	283172	0	14.5786	121.1222
1257022	Satna	Satna	IN	282977	0	24.57726	80.82719
2165798	Geelong	Geelong	AU	282809	0	-38.14711	144.36069
710735	Chernihiv	Chernihiv	UA	282747	0	51.50541	31.28656
1529046	Xinyuan	Xinyuan	CN	282718	0	43.42649	83.24959
3466296	Chapecó	Chapeco	BR	282648	0	-27.09639	-52.61833
1588129	Ba Vì	Ba Vi	VN	282600	0	21.08333	105.38333
3868626	Valparaíso	Valparaiso	CL	282448	0	-33.036	-71.62963
3938527	Ica	Ica	PE	282407	0	-14.07538	-75.73422
1259166	Purnia	Purnia	IN	282248	0	25.77895	87.47422
5101798	Newark	Newark	US	281944	0	40.73566	-74.17237
3680450	Itagüí	Itaguei	CO	281853	0	6.18461	-75.59913
3522732	Nicolás Romero	Nicolas Romero	MX	281799	0	19.64177	-99.3068
747014	Gebze	Gebze	TR	281436	0	40.80276	29.43068
1043893	Lichinga	Lichinga	MZ	281341	0	-13.31278	35.24056
1185117	Narsingdi	Narsingdi	BD	281080	0	23.92298	90.71768
737071	Zeytinburnu	Zeytinburnu	TR	280896	0	40.99441	28.90417
3068799	Ostrava	Ostrava	CZ	280853	0	49.83465	18.28204
2467454	Sfax	Sfax	TN	280566	0	34.74056	10.76028
3513966	Zumpango	Zumpango	MX	280455	0	19.7967	-99.09946
11238838	Merkezefendi	Merkezefendi	TR	280341	0	37.80544	29.04236
5261457	Madison	Madison	US	280305	0	43.07305	-89.40123
1217662	Bukhara	Bukhara	UZ	280187	0	39.77026	64.43069
2171507	Wollongong	Wollongong	AU	280153	0	-34.424	150.89345
3444876	Volta Redonda	Volta Redonda	BR	279971	0	-22.52306	-44.10417
4407066	St. Louis	St. Louis	US	279695	0	38.62727	-90.19789
696643	Poltava	Poltava	UA	279593	0	49.58925	34.55367
3447259	Sumaré	Sumare	BR	279545	0	-22.82194	-47.26694
2343983	Efon-Alaaye	Efon-Alaaye	NG	279319	0	7.65649	4.92235
1215355	Binjai	Binjai	ID	279302	0	3.6001	98.4854
1214204	Pematangsiantar	Pematangsiantar	ID	279198	0	2.9595	99.0687
509820	Petrozavodsk	Petrozavodsk	RU	279190	0	61.78491	34.34691
1811720	Enshi	Enshi	CN	279185	0	30.3	109.48333
484907	Taganrog	Taganrog	RU	279056	0	47.23627	38.9053
3627047	Santa Teresa del Tuy	Santa Teresa del Tuy	VE	278890	0	10.23291	-66.66474
1568770	Quảng Ngãi	Quang Ngai	VN	278496	0	15.12047	108.79232
1216311	Qarshi	Qarshi	UZ	278300	0	38.86056	65.78905
1793419	Tanghe	Tanghe	CN	278055	0	32.68545	112.83234
3530569	Coacalco	Coacalco	MX	277959	0	19.62923	-99.10689
3667983	Sincelejo	Sincelejo	CO	277773	0	9.3045	-75.3905
418710	Khomeynī Shahr	Khomeyni Shahr	IR	277334	0	32.6856	51.53609
543878	Kostroma	Kostroma	RU	277280	0	57.76638	40.92828
1269771	Imphal	Imphal	IN	277196	0	24.80805	93.9442
2288829	Gagnoa	Gagnoa	CI	277044	0	6.13193	-5.9506
1880159	Ulu Bedok	Ulu Bedok	SG	276990	0	1.33333	103.93333
1884382	Bedok New Town	Bedok New Town	SG	276990	0	1.32639	103.94167
2325314	Owo	Owo	NG	276574	0	7.1962	5.58681
1835648	Suncheon	Suncheon	KR	276375	0	34.9505	127.48784
12269572	Fangchenggang	Fangchenggang	CN	276315	0	21.76945	108.35661
2021851	Komsomolsk-on-Amur	Komsomolsk-on-Amur	RU	275908	0	50.55034	137.00995
1185056	Abbottabad	Abbottabad	PK	275890	0	34.1463	73.21168
1804866	Kaili	Kaili	CN	275745	0	26.58583	107.97972
2130188	Hakodate	Hakodate	JP	275730	0	41.77583	140.73667
2279755	Yamoussoukro	Yamoussoukro	CI	275686	1	6.82055	-5.27674
2505854	Bab Ezzouar	Bab Ezzouar	DZ	275630	0	36.72615	3.18291
2973783	Strasbourg	Strasbourg	FR	274845	0	48.58392	7.74553
1257845	Saugor	Saugor	IN	274556	0	23.83877	78.73874
1671467	Neihu	Neihu	TW	274538	0	25.0815	121.58809
1849796	Tsu	Tsu	JP	274537	0	34.73333	136.51667
8594670	Xingning	Xingning	CN	274499	0	24.1483	115.72272
1803331	Linxia Chengguanzhen	Linxia Chengguanzhen	CN	274466	0	35.60028	103.20639
706369	Khmelnytskyi	Khmelnytskyi	UA	274452	0	49.41835	26.97936
12032137	Kushinagar	Kushinagar	IN	274403	0	26.74134	83.88689
1166652	Saddiqabad	Saddiqabad	PK	274210	0	28.3091	70.12652
3654667	Loja	Loja	EC	274112	0	-3.99313	-79.20422
1818673	Tai Po	Tai Po	HK	274100	0	22.45007	114.16877
1514896	Isfara	Isfara	TJ	274000	0	40.12649	70.62526
3347719	Luena	Luena	AO	273675	0	-11.78333	19.91667
3447186	Taboão da Serra	Taboao da Serra	BR	273542	0	-23.62611	-46.79167
1220253	Istaravshan	Istaravshan	TJ	273500	0	39.9142	69.00328
1529114	Turpan	Turpan	CN	273385	0	42.94769	89.17886
1258315	Rourkela	Rourkela	IN	273317	0	22.22496	84.86414
1848522	Yao	Yao	JP	273213	0	34.61667	135.6
359173	Banī Suwayf	Bani Suwayf	EG	273151	0	29.07441	31.09785
3398269	Imperatriz	Imperatriz	BR	273110	0	-5.52639	-47.49167
1193745	Nagar Naluākot	Nagar Naluakot	BD	273000	0	24.15608	90.7728
3557689	Guantánamo	Guantanamo	CU	272801	0	20.14444	-75.20917
1728930	Baguio	Baguio	PH	272714	0	16.41639	120.59306
289888	Ar Rayyān	Ar Rayyan	QA	272465	0	25.29194	51.42444
965289	Polokwane	Polokwane	ZA	272461	0	-23.90449	29.46885
3196359	Ljubljana	Ljubljana	SI	272220	1	46.05108	14.50513
1139715	Jalālābād	Jalalabad	AF	271900	0	34.42647	70.45153
170794	Deir ez-Zor	Deir ez-Zor	SY	271800	0	35.33588	40.14084
3121424	Gijón	Gijon	ES	271780	0	43.53573	-5.66152
3450083	Santa Maria	Santa Maria	BR	271735	0	-29.68417	-53.80694
3392998	Parnamirim	Parnamirim	BR	271713	0	-5.91556	-35.26278
106297	Hafar Al-Batin	Hafar Al-Batin	SA	271642	0	28.43279	45.97077
1860704	Kakogawachō-honmachi	Kakogawacho-honmachi	JP	271634	0	34.76943	134.82905
9645072	Quận Sáu	Quan Sau	VN	271050	0	10.7468	106.64903
1574023	Mỹ Tho	My Tho	VN	270700	0	10.36004	106.35996
2111901	Mito	Mito	JP	270685	0	36.35	140.45
2651347	Derby	Derby	GB	270468	0	52.92277	-1.47663
339219	Dessie	Dessie	ET	270400	0	11.13333	39.63333
1580410	Hạ Long	Ha Long	VN	270054	0	20.95045	107.07336
2921466	Gelsenkirchen	Gelsenkirchen	DE	270028	0	51.50508	7.09654
12492660	Longling County	Longling County	CN	270000	0	24.58663	98.68934
710791	Cherkasy	Cherkasy	UA	269836	0	49.44452	32.05738
1702540	Malolos	Malolos	PH	269809	0	14.8443	120.81039
2637487	Southampton	Southampton	GB	269781	0	50.90395	-1.40428
1732901	Kapar	Kapar	MY	269627	0	3.13333	101.38333
748879	Çorum	Corum	TR	269595	0	40.54889	34.95333
1529435	Ghulja	Ghulja	CN	269158	0	43.91515	81.32151
3430697	Merlo	Merlo	AR	268961	0	-34.66536	-58.72744
1884138	Yeosu	Yeosu	KR	268823	0	34.76062	127.66215
1272181	Durg	Durg	IN	268806	0	21.19147	81.27619
1810979	Fuling	Fuling	CN	268658	0	29.70997	107.39391
1841066	Mokpo	Mokpo	KR	268402	0	34.81282	126.39181
1283581	Birgañj	Birganj	NP	268273	0	27.01736	84.88047
466806	Yoshkar-Ola	Yoshkar-Ola	RU	268272	0	56.63877	47.89078
7838895	Russeifa	Russeifa	JO	268237	0	32.01778	36.04639
1215502	Banda Aceh	Banda Aceh	ID	267962	0	5.54167	95.33333
349158	Shibīn al Kawm	Shibin al Kawm	EG	267945	0	30.55258	31.00904
1170295	Mirpur Khas	Mirpur Khas	PK	267833	0	25.5276	69.01255
7289760	Sengkang New Town	Sengkang New Town	SG	267600	0	1.39167	103.89444
3682385	Floridablanca	Floridablanca	CO	267591	0	7.06222	-73.08644
1850158	Tokushima	Tokushima	JP	267345	0	34.06667	134.56667
487495	Sterlitamak	Sterlitamak	RU	267231	0	53.63793	55.9533
1278672	Anantapur	Anantapur	IN	267161	0	14.67784	77.60813
1841598	Gyeongsan-si	Gyeongsan-si	KR	266951	0	35.82333	128.73778
347796	Sohag	Sohag	EG	266944	0	26.55695	31.69478
1856199	Nagaoka	Nagaoka	JP	266936	0	37.45	138.85
3717588	Saint-Marc	Saint-Marc	HT	266642	0	19.11136	-72.70078
3462315	Governador Valadares	Governador Valadares	BR	266561	0	-18.85111	-41.94944
3449319	São Carlos	Sao Carlos	BR	266427	0	-22.0175	-47.89083
1185281	Bagerhat	Bagerhat	BD	266388	0	22.65657	89.79123
13680149	Az-Zuhūr	Az-Zuhur	EG	266381	0	31.26504	32.26405
1581047	Hà Tĩnh	Ha Tinh	VN	266321	0	18.34282	105.90569
6141256	Saskatoon	Saskatoon	CA	266141	0	52.13238	-106.66892
1786640	Chengzhong	Chengzhong	CN	265886	0	30.94454	113.55284
2500017	Djelfa	Djelfa	DZ	265833	0	34.67279	3.263
5336899	Chula Vista	Chula Vista	US	265757	0	32.64005	-117.0842
1852225	Shimonoseki	Shimonoseki	JP	265684	0	33.95548	130.93713
5174035	Toledo	Toledo	US	265638	0	41.66394	-83.55521
2034312	Ulanhot	Ulanhot	CN	265600	0	46.08333	122.08333
158027	Kibaha	Kibaha	TZ	265360	0	-6.76667	38.91667
2036670	Hulan Ergi	Hulan Ergi	CN	265344	0	47.20417	123.63333
3031582	Bordeaux	Bordeaux	FR	265328	0	44.84124	-0.58046
3247449	Aachen	Aachen	DE	265208	0	50.77664	6.08342
2797656	Gent	Gent	BE	265086	0	51.05	3.71667
3462089	Gravataí	Gravatai	BR	265074	0	-29.94218	-50.99278
3740007	Cité Soleil	Cite Soleil	HT	265072	0	18.58028	-72.33806
1701472	Mantampay	Mantampay	PH	265032	0	8.16667	124.21667
1258342	Ratlām	Ratlam	IN	264914	0	23.33033	75.04032
4004886	Nogales	Nogales	MX	264782	0	31.30862	-110.94217
380148	El Daein	El Daein	SD	264734	0	11.46186	26.12583
1812521	Donghai	Donghai	CN	264709	0	22.94593	115.64204
136256	Dezful	Dezful	IR	264709	0	32.38114	48.40581
1842025	Gunsan	Gunsan	KR	264656	0	35.97861	126.71139
3394682	Mossoró	Mossoro	BR	264577	0	-5.1875	-37.34417
3458266	Macaé	Macae	BR	264439	0	-22.38484	-41.78324
1258451	Rānipet	Ranipet	IN	264330	0	12.92471	79.33331
1336142	Brāhmanbāria	Brahmanbaria	BD	264326	0	23.97464	91.11228
2392087	Porto-Novo	Porto-Novo	BJ	264320	1	6.49646	2.60359
710719	Chernivtsi	Chernivtsi	UA	264298	0	48.29045	25.93241
5099836	Jersey City	Jersey City	US	264290	0	40.72816	-74.07764
3654410	Manta	Manta	EC	264281	0	-0.94937	-80.73137
5511077	Reno	Reno	US	264165	0	39.52963	-119.8138
2389422	Bégoua	Begoua	CF	264067	0	4.45437	18.53475
3652350	Riobamba	Riobamba	EC	264048	0	-1.66506	-78.65887
300619	Sivas	Sivas	TR	264022	0	39.74833	37.01611
3464460	Dourados	Dourados	BR	264017	0	-22.22111	-54.80556
3450909	Rondonópolis	Rondonopolis	BR	263708	0	-16.47083	-54.63556
2633691	Wolverhampton	Wolverhampton	GB	263700	0	52.58547	-2.12296
1806988	Huayin	Huayin	CN	263352	0	34.56528	110.06639
1632228	Pasarkemis	Pasarkemis	ID	263289	0	-6.17028	106.53028
1819873	Fanling	Fanling	HK	263200	0	22.49487	114.13949
1678836	Chiayi City	Chiayi City	TW	263188	0	23.47917	120.44889
1812228	Dongtai	Dongtai	CN	262873	0	32.85231	120.30947
11611632	Fuchū	Fuchu	JP	262790	0	35.67452	139.48216
1881953	Jurong Town	Jurong Town	SG	262730	0	1.33417	103.72278
124877	Marāgheh	Maragheh	IR	262604	0	37.39206	46.23909
124878	Marāgheh	Maragheh	IR	262604	0	35.82916	59.63324
3429652	Quilmes	Quilmes	AR	262379	0	-34.72065	-58.25454
1863985	Fukui-shi	Fukui-shi	JP	262328	0	36.06443	136.22257
7302826	Lal Bahadur Nagar	Lal Bahadur Nagar	IN	261987	0	17.34769	78.55757
2869894	Mönchengladbach	Moenchengladbach	DE	261742	0	51.18539	6.44172
13060482	Bagong Silang	Bagong Silang	PH	261729	0	14.7783	121.04487
686967	Zhytomyr	Zhytomyr	UA	261624	0	50.26235	28.67913
1529401	Karamay	Karamay	CN	261445	0	45.58473	84.88724
1278483	Arrah	Arrah	IN	261430	0	25.55629	84.66335
2034400	Tongliao	Tongliao	CN	261110	0	43.6125	122.26528
161218	Bariadi	Bariadi	TZ	260927	0	-2.8	33.98333
1069166	Antsirabe	Antsirabe	MG	260907	0	-19.86586	47.03333
5289282	Chandler	Chandler	US	260828	0	33.30616	-111.84125
363619	Yei	Yei	SS	260720	0	4.09444	30.67639
634963	Tampere	Tampere	FI	260646	0	61.49911	23.78712
1062663	Mahajanga	Mahajanga	MG	260556	0	-15.71667	46.31667
13353696	Minato City	Minato City	JP	260486	0	35.6581	139.7515
4920423	Fort Wayne	Fort Wayne	US	260326	0	41.1306	-85.12886
2640194	Plymouth	Plymouth	GB	260203	0	50.37153	-4.14305
1799471	Nianbo	Nianbo	CN	260184	0	36.48	102.41639
1164709	Skardu	Skardu	PK	260000	0	35.29787	75.63372
1701053	Marawi City	Marawi City	PH	259993	0	8.0034	124.28395
3464305	Embu das Artes	Embu das Artes	BR	259788	0	-23.64889	-46.85222
1512979	Qo‘qon	Qo'qon	UZ	259700	0	40.52861	70.9425
1684712	Tacloban	Tacloban	PH	259353	0	11.24333	125.00472
3388441	São José de Ribamar	Sao Jose de Ribamar	BR	259164	0	-2.55572	-44.05992
1815669	Changle	Changle	CN	259161	0	36.70583	118.8275
7302833	Gajuwaka	Gajuwaka	IN	258944	0	17.7	83.21667
2036458	Jining	Jining	CN	258757	0	41.0275	113.10583
293703	Rishon LeTsiyyon	Rishon LeTsiyyon	IL	258535	0	31.97102	34.78939
1862462	Hiratsuka	Hiratsuka	JP	258422	0	35.32785	139.33735
2636841	Stoke-on-Trent	Stoke-on-Trent	GB	258366	0	53.00415	-2.18538
5110629	Buffalo	Buffalo	US	258071	0	42.88645	-78.87837
3164527	Verona	Verona	IT	258031	0	45.43854	10.9938
1584071	Ðà Lạt	Da Lat	VN	258014	0	11.94646	108.44193
3836564	San Salvador de Jujuy	San Salvador de Jujuy	AR	257970	0	-24.1928	-65.29342
4464368	Durham	Durham	US	257636	0	35.99403	-78.89862
1271987	Etāwah	Etawah	IN	257448	0	26.77615	79.02133
3104499	Gasteiz / Vitoria	Gasteiz / Vitoria	ES	257407	0	42.84998	-2.67268
10942183	Rugao	Rugao	CN	257400	0	32.37035	120.57649
4005775	Gómez Palacio	Gomez Palacio	MX	257352	0	25.56871	-103.4996
4171563	St. Petersburg	St. Petersburg	US	257083	0	27.77086	-82.67927
3120619	L'Hospitalet de Llobregat	L'Hospitalet de Llobregat	ES	257038	0	41.35967	2.10028
3099424	Gdynia	Gdynia	PL	257000	0	54.51889	18.53188
1646559	Cilacap	Cilacap	ID	256996	0	-7.72639	109.00944
5359777	Irvine	Irvine	US	256927	0	33.66946	-117.82311
5992996	Kitchener	Kitchener	CA	256885	0	43.42537	-80.5112
1793899	Suicheng	Suicheng	CN	256665	0	33.8963	117.93307
1800234	Nada	Nada	CN	256652	0	19.52134	109.57895
3997479	Los Mochis	Los Mochis	MX	256613	0	25.79097	-108.99825
2051523	Bratsk	Bratsk	RU	256600	0	56.1325	101.61417
3522210	Pachuca de Soto	Pachuca de Soto	MX	256584	0	20.11697	-98.73329
919009	Chingola	Chingola	ZM	256560	0	-12.52897	27.88382
692194	Sumy	Sumy	UA	256474	0	50.91741	34.79906
2642465	Milton Keynes	Milton Keynes	GB	256385	0	52.04172	-0.75583
3461311	Indaiatuba	Indaiatuba	BR	256223	0	-23.08842	-47.2119
4705349	Laredo	Laredo	US	256153	0	27.50641	-99.50754
3397154	Juazeiro	Juazeiro	BR	256122	0	-9.41167	-40.49861
12170526	Vila Flor	Vila Flor	AO	256066	0	-8.98007	13.30781
1002108	Germiston	Germiston	ZA	255863	0	-26.215	28.164
2392204	Parakou	Parakou	BJ	255478	0	9.33716	2.63031
215771	Isiro	Isiro	CD	255409	0	2.77391	27.61603
116996	Sari	Sari	IR	255396	0	36.56332	53.06009
1624725	Tarakan	Tarakan	ID	255310	0	3.31332	117.59152
2407790	Kenema	Kenema	SL	255110	0	7.87687	-11.19025
3522507	Oaxaca	Oaxaca	MX	255029	0	17.06025	-96.72544
3347019	Mossamedes	Mossamedes	AO	255000	0	-15.19611	12.15222
99106	Al Madīnah	Al Madinah	IQ	255000	0	30.96324	47.26998
2163355	Hobart	Hobart	AU	254930	0	-42.87936	147.32941
2338106	Ikot Ekpene	Ikot Ekpene	NG	254806	0	5.18194	7.71481
1882316	Woodlands	Woodlands	SG	254440	0	1.43801	103.78877
1897007	Hanam	Hanam	KR	254415	0	37.54	127.20556
1608133	Mueang Nonthaburi	Mueang Nonthaburi	TH	254375	0	13.86075	100.51477
1169692	Muridke	Muridke	PK	254291	0	31.80258	74.25772
2246452	Saint-Louis	Saint-Louis	SN	254171	0	16.01793	-16.48962
1735166	Batu Caves	Batu Caves	MY	254083	0	3.238	101.682
3456068	Novo Hamburgo	Novo Hamburgo	BR	253841	0	-29.67833	-51.13056
1881955	Jurong West	Jurong West	SG	253840	0	1.35028	103.72278
1626916	Singkawang	Singkawang	ID	253812	0	0.90925	108.98463
1336134	Cox’s Bāzār	Cox's Bazar	BD	253788	0	21.43973	92.00955
3465284	Cotia	Cotia	BR	253608	0	-23.60389	-46.91917
293918	Petaẖ Tiqva	Petah Tiqva	IL	253529	0	32.0888	34.88666
1513243	Marg‘ilon	Marg'ilon	UZ	253500	0	40.47237	71.72463
1278903	Ambarnath	Ambarnath	IN	253475	0	19.2	73.16667
2394092	Godomè	Godome	BJ	253262	0	6.38948	2.34581
1262131	Naihāti	Naihati	IN	253221	0	22.89396	88.41521
683844	Braşov	Brasov	RO	253200	0	45.64861	25.60613
1560565	Xuân Lộc	Xuan Loc	VN	253140	0	10.93333	107.23333
962367	Richards Bay	Richards Bay	ZA	252968	0	-28.78301	32.03768
350550	Qina	Qina	EG	252883	0	26.16418	32.72671
1276128	Bharatpur	Bharatpur	IN	252838	0	27.21731	77.49009
632453	Vantaa	Vantaa	FI	252724	0	60.29414	25.04099
2735943	Porto	Porto	PT	252687	0	41.1485	-8.61097
2891122	Kiel	Kiel	DE	252668	0	54.32133	10.13489
379555	El Fasher	El Fasher	SD	252609	0	13.62793	25.34936
2244799	Thiès Nones	Thies Nones	SN	252320	0	14.78333	-16.96667
2034655	Suihua	Suihua	CN	252245	0	46.64814	126.96656
3633622	Los Teques	Los Teques	VE	252242	0	10.34954	-67.04266
3835869	Santiago del Estero	Santiago del Estero	AR	252192	0	-27.80047	-64.26285
2481700	Sétif	Setif	DZ	252127	0	36.19112	5.41373
1276609	Begusarai	Begusarai	IN	252008	0	25.41853	86.13389
140044	Borūjerd	Borujerd	IR	251958	0	33.8973	48.7516
32767	Qarchak	Qarchak	IR	251834	0	35.42873	51.57757
325303	Afyonkarahisar	Afyonkarahisar	TR	251799	0	38.75667	30.54333
311111	İskenderun	Iskenderun	TR	251682	0	36.58718	36.17347
3395473	Maracanaú	Maracanau	BR	251613	0	-3.87667	-38.62556
2325457	Ota	Ota	NG	251546	0	6.68867	3.23202
179330	Thika	Thika	KE	251407	0	-1.03326	37.06933
1690039	San Fernando	San Fernando	PH	251248	0	15.03425	120.68445
3347353	Menongue	Menongue	AO	251178	0	-14.6585	17.69099
3460370	Jacareí	Jacarei	BR	250952	0	-23.30528	-45.96583
333772	Jimma	Jimma	ET	250900	0	7.67344	36.83441
665087	Timişoara	Timisoara	RO	250849	0	45.75372	21.22571
3537906	Santa Clara	Santa Clara	CU	250512	0	22.40711	-79.96581
2336905	Iwo	Iwo	NG	250443	0	7.63527	4.18156
3119841	A Coruña	A Coruna	ES	250438	0	43.37135	-8.396
1706684	Libertad	Libertad	PH	250353	0	8.94417	125.50194
4000900	La Paz	La Paz	MX	250141	0	24.14231	-110.31316
95005	Kelar	Kelar	IQ	250000	0	34.62805	45.31852
787657	Niš	Nis	RS	250000	0	43.32472	21.90333
366847	Singa	Singa	SD	250000	0	13.1483	33.93117
933773	Gaborone	Gaborone	BW	246325	1	-24.65451	25.90859
3193044	Podgorica	Podgorica	ME	236852	1	42.44124	19.26309
3378644	Georgetown	Georgetown	GY	235017	1	6.80448	-58.15527
3571824	Nassau	Nassau	BS	227940	1	25.05823	-77.34306
3903987	Sucre	Sucre	BO	224838	1	-19.03332	-65.26274
3383330	Paramaribo	Paramaribo	SR	223757	1	5.86638	-55.16682
146268	Nicosia	Nicosia	CY	200452	1	35.17284	33.35397
934154	Port Louis	Port Louis	MU	155226	1	-20.16194	57.49889
935264	Saint-Denis	Saint-Denis	RE	154765	1	-20.88231	55.4504
1645457	Dili	Dili	TL	150000	1	-8.55861	125.57361
290340	Manama	Manama	BH	147074	1	26.22787	50.58565
3374333	Praia	Praia	CV	137868	1	14.93152	-23.51254
3513090	Willemstad	Willemstad	CW	125000	1	12.12246	-68.88641
2661552	Bern	Bern	CH	121631	1	46.94809	7.44744
3413829	Reykjavík	Reykjavik	IS	118918	1	64.13548	-21.89541
1282027	Male	Male	MV	103693	1	4.17521	73.50916
1252416	Thimphu	Thimphu	BT	98676	1	27.46609	89.64191
3374036	Bridgetown	Bridgetown	BB	98511	1	13.10732	-59.62021
2139521	Nouméa	Noumea	NC	93060	1	-22.27407	166.44884
3570675	Fort-de-France	Fort-de-France	MQ	89995	1	14.60365	-61.07418
2198148	Suva	Suva	FJ	77366	1	-18.13683	178.42531
2960316	Luxembourg	Luxembourg	LU	76684	1	49.60982	6.13268
934985	Mbabane	Mbabane	SZ	76218	1	-26.31667	31.13333
921772	Moroni	Moroni	KM	74749	1	-11.70216	43.25506
426272	Gitega	Gitega	BI	64904	1	-3.42708	29.92463
1820906	Bandar Seri Begawan	Bandar Seri Begawan	BN	64409	1	4.89035	114.94006
3382160	Cayenne	Cayenne	GF	61550	1	4.9381	-52.33455
285787	Kuwait City	Kuwait City	KW	60064	1	29.367	47.97429
2108502	Honiara	Honiara	SB	56298	1	-9.43333	159.95
921815	Mamoudzou	Mamoudzou	YT	54831	1	-12.78234	45.22878
2410763	São Tomé	Sao Tome	ST	53300	1	0.33756	6.7299
3576022	Saint John’s	Saint John's	AG	51737	1	17.12096	-61.84329
3573890	Port of Spain	Port of Spain	TT	49031	1	10.66668	-61.51889
7828758	Saipan	Saipan	MP	48220	1	15.21233	145.7545
4035413	Apia	Apia	WS	40407	1	-13.83333	-171.76666
2110257	Tarawa	Tarawa	KI	40311	1	1.3278	172.97696
2413876	Banjul	Banjul	GM	37274	1	13.45274	-16.57803
2135171	Port-Vila	Port-Vila	VU	35901	1	-17.73648	168.31366
2993458	Monaco	Monaco	MC	32965	1	43.73718	7.42145
3577154	Oranjestad	Oranjestad	AW	29998	1	12.52398	-70.02703
3580661	George Town	George Town	KY	29370	1	19.2866	-81.37436
3042091	Saint Helier	Saint Helier	JE	28000	1	49.18804	-2.10491
2411585	Gibraltar	Gibraltar	GI	26544	1	36.14474	-5.35257
4033936	Papeete	Papeete	PF	26357	1	-17.5347	-149.56843
3042237	Douglas	Douglas	IM	26218	1	54.15	-4.48333
2113779	Majuro	Majuro	MH	25400	1	7.08971	171.38027
3577887	Kingstown	Kingstown	VC	24518	1	13.15527	-61.22742
241131	Victoria	Victoria	SC	22881	1	-4.62001	55.45501
4032402	Nuku‘alofa	Nuku'alofa	TO	22400	1	-21.13683	-175.20114
3041563	Andorra la Vella	Andorra la Vella	AD	20430	1	42.50779	1.52109
3576812	Castries	Castries	LC	20000	1	13.9957	-61.00614
4795467	Charlotte Amalie	Charlotte Amalie	VI	20000	1	18.3419	-64.9307
3575635	Roseau	Roseau	DM	16571	1	15.30174	-61.38808
3042287	Saint Peter Port	Saint Peter Port	GG	16488	1	49.45981	-2.53527
3421319	Nuuk	Nuuk	GL	14798	1	64.18347	-51.72157
3582672	Belmopan	Belmopan	BZ	13381	1	17.25376	-88.76401
4035715	Avarua	Avarua	CK	13373	1	-21.2075	-159.77546
2611396	Tórshavn	Torshavn	FO	13200	1	62.00973	-6.77164
3575551	Basseterre	Basseterre	KN	12920	1	17.2955	-62.72499
5881576	Pago Pago	Pago Pago	AS	11500	1	-14.27806	-170.7025
3579732	Basse-Terre	Basse-Terre	GP	11472	1	15.99714	-61.73214
3041732	Mariehamn	Mariehamn	AX	10682	1	60.09726	19.93481
3513563	Kralendijk	Kralendijk	BQ	10620	1	12.15	-68.26667
3577430	Road Town	Road Town	VG	8449	1	18.42693	-64.62079
3579925	Saint George's	Saint George's	GD	7500	1	12.05288	-61.75226
2081986	Palikir	Palikir	FM	6942	1	6.92477	158.16109
2562305	Valletta	Valletta	MT	6794	1	35.89968	14.5148
2110394	Funafuti	Funafuti	TV	6320	1	-8.52425	179.19417
3424934	Saint-Pierre	Saint-Pierre	PM	6200	1	46.77914	-56.1773
3579132	Gustavia	Gustavia	BL	5988	1	17.89618	-62.84978
3578851	Marigot	Marigot	MF	5700	1	18.06819	-63.08302
3042030	Vaduz	Vaduz	LI	5197	1	47.14151	9.52154
3168070	San Marino	San Marino	SM	4500	1	43.93667	12.44639
3576994	Cockburn Town	Cockburn Town	TC	3720	1	21.46122	-71.14188
2729907	Longyearbyen	Longyearbyen	SJ	2368	1	78.22334	15.64689
3426691	Stanley	Stanley	FK	2213	1	-51.69382	-57.85701
3573374	The Valley	The Valley	AI	2035	1	18.21704	-63.05783
12226438	Ciudad de la Paz	Ciudad de la Paz	GQ	2000	1	1.5925	10.82361
3513392	Philipsburg	Philipsburg	SX	1400	1	18.026	-63.04582
2078127	Flying Fish Cove	Flying Fish Cove	CX	1355	1	-10.42172	105.67912
4034821	Mata-Utu	Mata-Utu	WF	1200	1	-13.28163	-176.17453
7626461	Yaren	Yaren	NR	1100	1	-0.55085	166.9252
4044012	Hagåtña	Hagatna	GU	1051	1	13.47567	144.74886
3573197	Hamilton	Hamilton	BM	902	1	32.2949	-64.78303
2161314	Kingston	Kingston	NF	880	1	-29.05459	167.96628
6691831	Vatican City	Vatican City	VA	829	1	41.90268	12.45414
3370903	Jamestown	Jamestown	SH	637	1	-15.92488	-5.71816
4036284	Alofi	Alofi	NU	624	1	-19.05294	-169.91957
7304591	West Island	West Island	CC	120	1	-12.15681	96.82251
4030723	Adamstown	Adamstown	PN	46	1	-25.06597	-130.10147
1546102	Port-aux-Français	Port-aux-Francais	TF	45	1	-49.34916	70.21937
3426466	Grytviken	Grytviken	GS	2	1	-54.28111	-36.5092
3578069	Plymouth	Plymouth	MS	0	1	16.70555	-62.21292
8063361	Ngerulmud	Ngerulmud	PW	0	1	7.50077	134.6238
