geonameid	name	asciiname	country	population	lat	lon
3530597	Mexico City	Mexico City	MX	12294193	19.4285	-99.1277
3981609	Tijuana	Tijuana	MX	1922523	32.5027	-117.0037
3526683	Iztapalapa	Iztapalapa	MX	1835486	19.3553	-99.0622
3521081	Puebla	Puebla	MX	1692181	19.0478	-98.2072
5308655	Phoenix	Phoenix	US	1650070	33.4484	-112.0740
3529612	Ecatepec de Morelos	Ecatepec de Morelos	MX	1645352	19.6049	-99.0606
3991164	Santiago de Querétaro	Santiago de Queretaro	MX	1594212	20.5881	-100.3881
3998655	León de los Aldama	Leon de los Aldama	MX	1579803	21.1218	-101.6825
4726206	San Antonio	San Antonio	US	1526656	29.4241	-98.4936
4013708	Ciudad Juárez	Ciudad Juarez	MX	1512450	31.7202	-106.4608
3979770	Zapopan	Zapopan	MX	1476491	20.7211	-103.3874
5391811	San Diego	San Diego	US	1404452	32.7157	-117.1647
4005539	Guadalajara	Guadalajara	MX	1385629	20.6774	-103.3475
4684888	Dallas	Dallas	US	1326087	32.7831	-96.8067
3523349	Mérida	Merida	MX	1201000	20.9670	-89.6232
3514674	Gustavo Adolfo Madero	Gustavo Adolfo Madero	MX	1185772	19.4939	-99.1107
3995465	Monterrey	Monterrey	MX	1135512	25.6843	-100.3172
3530589	Ciudad Nezahualcoyotl	Ciudad Nezahualcoyotl	MX	1077208	19.4006	-99.0148
3996069	Mexicali	Mexicali	MX	1032686	32.6278	-115.4545
4691930	Fort Worth	Fort Worth	US	1008106	32.7254	-97.3208
3598132	Guatemala City	Guatemala City	GT	994938	14.6407	-90.5133
4671654	Austin	Austin	US	974447	30.2672	-97.7431
3617763	Managua	Managua	NI	973087	12.1328	-86.2504
4014338	Chihuahua	Chihuahua	MX	925762	28.6353	-106.0889
3531673	Cancún	Cancun	MX	888797	21.1743	-86.8466
3600949	Tegucigalpa	Tegucigalpa	HN	850848	14.0818	-87.2068
3522790	Naucalpan de Juárez	Naucalpan de Juarez	MX	834434	19.4785	-99.2396
4004898	Hermosillo	Hermosillo	MX	812229	29.0887	-110.9668
4012176	Culiacán	Culiacan	MX	808416	24.8021	-107.3942
3601782	San Pedro Sula	San Pedro Sula	HN	801259	15.5059	-88.0259
3995402	Morelia	Morelia	MX	743275	19.7008	-101.1844
3981254	Torreón	Torreon	MX	735340	25.5439	-103.4190
3985606	San Luis Potosí	San Luis Potosi	MX	722772	22.1523	-100.9714
4019233	Aguascalientes	Aguascalientes	MX	722250	21.8826	-102.2843
3988086	Saltillo	Saltillo	MX	709671	25.4260	-100.9796
5520993	El Paso	El Paso	US	678815	31.7587	-106.4869
4005492	Guadalupe	Guadalupe	MX	673616	25.6766	-100.2591
3533462	Acapulco de Juárez	Acapulco de Juarez	MX	658609	16.8494	-99.9089
3515431	Tlalnepantla	Tlalnepantla	MX	653410	19.5401	-99.1954
3981461	Tlaquepaque	Tlaquepaque	MX	650123	20.6412	-103.2934
3587902	Villa Nueva	Villa Nueva	GT	618397	14.5251	-90.5854
3530139	Coyoacán	Coyoacan	MX	614447	19.3467	-99.1617
3515001	Tuxtla	Tuxtla	MX	604147	16.7536	-93.1158
3520339	Reynosa	Reynosa	MX	589466	26.0800	-98.2846
3515428	Tlalpan	Tlalpan	MX	574577	19.2951	-99.1621
3515807	Cuautitlán Izcalli	Cuautitlan Izcalli	MX	555163	19.6439	-99.2160
5318313	Tucson	Tucson	US	542629	32.2217	-110.9265
3827409	Cuauhtémoc	Cuauhtemoc	MX	531831	19.4451	-99.1461
3583361	San Salvador	San Salvador	SV	525990	13.6893	-89.1872
4011743	Victoria de Durango	Victoria de Durango	MX	518709	24.0203	-104.6576
3523466	Heroica Matamoros	Heroica Matamoros	MX	510739	25.8797	-97.5042
3674453	Montería	Monteria	CO	490935	8.7508	-75.8782
3515302	Toluca	Toluca	MX	489333	19.2879	-99.6532
3532624	Ciudad López Mateos	Ciudad Lopez Mateos	MX	489160	19.5579	-99.2567
5304391	Mesa	Mesa	US	471825	33.4223	-111.8226
4018390	Ciudad Apodaca	Ciudad Apodaca	MX	467157	25.7814	-100.1891
3592519	Mixco	Mixco	GT	465773	14.6308	-90.6071
4005867	Ciudad General Escobedo	Ciudad General Escobedo	MX	454967	25.7966	-100.3177
4006702	Ensenada	Ensenada	MX	443807	31.8715	-116.6007
3514450	Xochimilco	Xochimilco	MX	442178	19.2547	-99.1036
3514783	Veracruz	Veracruz	MX	428323	19.1809	-96.1429
3526617	Xalapa de Enríquez	Xalapa de Enriquez	MX	424755	19.5312	-96.9159
3522551	Nuevo Laredo	Nuevo Laredo	MX	416055	27.4763	-99.5164
3532497	Azcapotzalco	Azcapotzalco	MX	414711	19.4870	-99.1859
3985241	San Nicolás de los Garza	San Nicolas de los Garza	MX	412199	25.7417	-100.3022
3981369	Tonalá	Tonala	MX	408759	20.6226	-103.2417
3703443	Panama City	Panama City	PA	408168	8.9936	-79.5197
4671240	Arlington	Arlington	US	388125	32.7357	-97.1081
3827598	Ojo de Agua	Ojo de Agua	MX	386290	19.6803	-99.0100
3514519	Xico	Xico	MX	384327	19.2703	-98.9509
3526700	Iztacalco	Iztacalco	MX	384326	19.3953	-99.0978
3996322	Mazatlán	Mazatlan	MX	381583	23.2216	-106.4189
4004330	Irapuato	Irapuato	MX	380941	20.6710	-101.3558
3827408	Miguel Hidalgo	Miguel Hidalgo	MX	372889	19.4341	-99.2002
3827406	Benito Juarez	Benito Juarez	MX	355017	19.3984	-99.1577
3516266	Tapachula	Tapachula	MX	353706	14.9054	-92.2589
3514670	Villahermosa	Villahermosa	MX	353577	17.9862	-92.9393
4014875	Celaya	Celaya	MX	340387	20.5218	-100.8140
3529947	Cuernavaca	Cuernavaca	MX	338650	18.9261	-99.2308
3621849	San José	San Jose	CR	335007	9.9339	-84.0849
3981941	Tepic	Tepic	MX	332863	21.5073	-104.8933
3530580	Ciudad Victoria	Ciudad Victoria	MX	332100	23.7406	-99.1436
3982912	Soledad de Graciano Sánchez	Soledad de Graciano Sanchez	MX	332072	22.1891	-100.9379
3583096	Soyapango	Soyapango	SV	329708	13.7102	-89.1399
4013704	Ciudad Obregón	Ciudad Obregon	MX	329404	27.4864	-109.9408
3526682	Ixtapaluca	Ixtapaluca	MX	322271	19.3156	-98.8828
3701329	San Miguelito	San Miguelito	PA	321501	9.0503	-79.4707
4683416	Corpus Christi	Corpus Christi	US	316239	27.8006	-97.3964
3530517	Coatzacoalcos	Coatzacoalcos	MX	310698	18.1490	-94.4447
3516355	Tampico	Tampico	MX	309003	22.2852	-97.8778
4003757	Ciudad Benito Juárez	Ciudad Benito Juarez	MX	308285	25.6466	-100.0914
3515463	Tláhuac	Tlahuac	MX	305076	19.2869	-99.0051
3984583	Santa Catarina	Santa Catarina	MX	304052	25.6732	-100.4581
3980760	Uruapan	Uruapan	MX	299523	19.4168	-102.0584
3530757	Cholula	Cholula	MX	292881	19.0641	-98.3035
4719457	Plano	Plano	US	283558	33.0198	-96.6989
3522732	Nicolás Romero	Nicolas Romero	MX	281799	19.6418	-99.3068
3513966	Zumpango	Zumpango	MX	280455	19.7967	-99.0995
3530569	Coacalco	Coacalco	MX	277959	19.6292	-99.1069
3667983	Sincelejo	Sincelejo	CO	277773	9.3045	-75.3905
5336899	Chula Vista	Chula Vista	US	265757	32.6401	-117.0842
4004886	Nogales	Nogales	MX	264782	31.3086	-110.9422
5289282	Chandler	Chandler	US	260828	33.3062	-111.8413
4005775	Gómez Palacio	Gomez Palacio	MX	257352	25.5687	-103.4996
3997479	Los Mochis	Los Mochis	MX	256613	25.7910	-108.9982
3522210	Pachuca de Soto	Pachuca de Soto	MX	256584	20.1170	-98.7333
4705349	Laredo	Laredo	US	256153	27.5064	-99.5075
3522507	Oaxaca	Oaxaca	MX	255029	17.0602	-96.7254
4000900	La Paz	La Paz	MX	250141	24.1423	-110.3132
5525577	Lubbock	Lubbock	US	249042	33.5779	-101.8552
3516109	Tehuacán	Tehuacan	MX	248716	18.4642	-97.3974
5295903	Gilbert	Gilbert	US	247542	33.3528	-111.7890
3583446	San Miguel	San Miguel	SV	247126	13.4826	-88.1821
5295985	Glendale	Glendale	US	240126	33.5386	-112.1860
3523760	Magdalena Contreras	Magdalena Contreras	MX	238431	19.3321	-99.2112
4693003	Garland	Garland	US	236897	32.9126	-96.6389
5313457	Scottsdale	Scottsdale	US	236839	33.5092	-111.8990
4700168	Irving	Irving	US	236607	32.8140	-96.9489
3612907	Danlí	Danli	HN	233789	14.0333	-86.5833
3991328	Puerto Vallarta	Puerto Vallarta	MX	224166	20.6170	-105.2302
3608248	La Ceiba	La Ceiba	HN	222055	15.7597	-86.7822
3531732	Campeche	Campeche	MX	220389	19.8407	-90.5168
3827606	Buenavista	Buenavista	MX	216776	19.6083	-99.1694
4013728	Ciudad Acuña	Ciudad Acuna	MX	216099	29.3232	-100.9522
8556321	La Ceiba	La Ceiba	HN	215973	15.7667	-86.8333
3519537	San Cristóbal de las Casas	San Cristobal de las Casas	MX	215874	16.7301	-92.6382
3526485	Jiutepec	Jiutepec	MX	215357	18.8814	-99.1778
3995523	Monclova	Monclova	MX	215271	26.9069	-101.4206
3598119	Cobán	Coban	GT	212047	15.4703	-90.3745
3530240	Córdoba	Cordoba	MX	204721	18.8842	-96.9256
3985710	Cabo San Lucas	Cabo San Lucas	MX	202694	22.8909	-109.9124
3530594	Ciudad Madero	Ciudad Madero	MX	197216	22.2475	-97.8367
4026082	Ciudad Lázaro Cárdenas	Ciudad Lazaro Cardenas	MX	196003	17.9626	-102.1989
3530599	Ciudad del Carmen	Ciudad del Carmen	MX	191238	18.6459	-91.8299
5308480	Peoria	Peoria	US	190985	33.5806	-112.2374
4694482	Grand Prairie	Grand Prairie	US	187809	32.7460	-96.9978
3530870	Chilpancingo	Chilpancingo	MX	187251	17.5523	-99.5012
4676740	Brownsville	Brownsville	US	186738	25.9017	-97.4975
3979802	Zamora de Hidalgo	Zamora de Hidalgo	MX	186102	19.9840	-102.2863
3521168	Poza Rica de Hidalgo	Poza Rica de Hidalgo	MX	185242	20.5331	-97.4595
3590979	Quetzaltenango	Quetzaltenango	GT	180706	14.8446	-91.5232
3529986	Cuautitlán	Cuautitlan	MX	178847	19.6705	-99.1799
3985604	San Luis Río Colorado	San Luis Rio Colorado	MX	176685	32.4555	-114.7704
3583334	Santa Ana	Santa Ana	SV	176661	13.9883	-89.5568
5317058	Tempe	Tempe	US	175826	33.4148	-111.9093
5378771	Oceanside	Oceanside	US	175691	33.1959	-117.3795
3985344	San Miguel de Allende	San Miguel de Allende	MX	174615	20.9153	-100.7439
3530937	Chicoloapan	Chicoloapan	MX	172919	19.4169	-98.9020
4005509	Guadalupe	Guadalupe	MX	170029	22.7468	-102.5188
3531023	Chetumal	Chetumal	MX	169028	18.5196	-88.3040
3531200	Chalco	Chalco	MX	168720	19.2617	-98.8978
4012406	Cuauhtémoc	Cuauhtemoc	MX	168482	28.4063	-106.8667
3530367	Comitán	Comitan	MX	166178	16.2400	-92.1367
4710178	McKinney	McKinney	US	162898	33.1976	-96.6153
3988214	Salamanca	Salamanca	MX	160682	20.5698	-101.1977
3530049	Delegación Cuajimalpa de Morelos	Delegacion Cuajimalpa de Morelos	MX	160491	19.3692	-99.2909
3584399	Mejicanos	Mejicanos	SV	160317	13.7240	-89.1880
3996663	Manzanillo	Manzanillo	MX	159853	19.1169	-104.3421
3595237	Jalapa	Jalapa	GT	159840	14.6354	-89.9911
3518723	Tuxtepec	Tuxtepec	MX	159452	18.0883	-96.1253
5317071	Tempe Junction	Tempe Junction	US	158368	33.4142	-111.9435
3529982	Cuautla	Cuautla	MX	157336	18.8130	-98.9551
3595803	Escuintla	Escuintla	GT	156313	14.3010	-90.7882
3518135	San Pablo de las Salinas	San Pablo de las Salinas	MX	156191	19.6666	-99.0948
3518407	San Martin Texmelucan de Labastida	San Martin Texmelucan de Labastida	MX	155738	19.2843	-98.4389
3587923	Villa Canales	Villa Canales	GT	155423	14.4828	-90.5343
4692559	Frisco	Frisco	US	154407	33.1507	-96.8236
5346827	Escondido	Escondido	US	151038	33.1192	-117.0864
3992619	Piedras Negras	Piedras Negras	MX	150178	28.7001	-100.5235
3521342	Playa del Carmen	Playa del Carmen	MX	149923	20.6274	-87.0799
4013720	Ciudad Delicias	Ciudad Delicias	MX	148045	28.1901	-105.4701
4013516	Colima	Colima	MX	146965	19.2447	-103.7127
3595069	Jutiapa	Jutiapa	GT	145880	14.2849	-89.8880
4710826	Mesquite	Mesquite	US	144788	32.7668	-96.5992
3618030	León	Leon	NI	144538	12.4353	-86.8786
4006163	Fresnillo	Fresnillo	MX	143281	23.1749	-102.8679
3600026	Puerto Cortez	Puerto Cortez	HN	142311	15.8256	-87.9297
3598655	Chichicastenango	Chichicastenango	GT	141567	14.9433	-91.1112
4703223	Killeen	Killeen	US	140806	31.1171	-97.7278
3613974	Catacamas	Catacamas	HN	140548	14.8511	-85.8941
4709796	McAllen	McAllen	US	140269	26.2034	-98.2300
3613533	Choloma	Choloma	HN	139100	15.6144	-87.9530
3518692	San Juan del Río	San Juan del Rio	MX	138878	20.3890	-99.9964
3589885	San Juan Sacatepéquez	San Juan Sacatepequez	GT	136886	14.7189	-90.6442
3986172	San José del Cabo	San Jose del Cabo	MX	136285	23.0541	-109.7037
3591415	Petapa	Petapa	GT	135447	14.5019	-90.5620
4679195	Carrollton	Carrollton	US	133168	32.9537	-96.8903
5526337	Midland	Midland	US	132524	31.9974	-102.0779
4739526	Waco	Waco	US	132356	31.5493	-97.1467
4005937	San Pedro Garza García	San Pedro Garza Garcia	MX	132128	25.6616	-100.4034
4685907	Denton	Denton	US	131044	33.2148	-97.1331
3617723	Masaya	Masaya	NI	130113	11.9732	-86.0959
3979844	Zacatecas	Zacatecas	MX	129011	22.7684	-102.5814
3601311	Siguatepeque	Siguatepeque	HN	127468	14.5969	-87.8310
3620381	Chinandega	Chinandega	NI	126387	12.6295	-87.1313
4669635	Abilene	Abilene	US	125182	32.4487	-99.7331
3827414	Huixquilucan	Huixquilucan	MX	124846	19.3599	-99.3502
3584257	Santa Tecla	Santa Tecla	SV	124694	13.6774	-89.2833
3483849	Ciudad Valles	Ciudad Valles	MX	124644	21.9963	-99.0109
3604251	Olanchito	Olanchito	HN	124286	15.4813	-86.5742
3675692	Magangué	Magangue	CO	123982	9.2420	-74.7547
3522307	Orizaba	Orizaba	MX	123182	18.8519	-97.0996
3523149	Miramar	Miramar	MX	118614	22.3609	-97.9000
3526798	Iguala de la Independencia	Iguala de la Independencia	MX	118468	18.3448	-99.5377
3980194	Ciudad de Villa de Álvarez	Ciudad de Villa de Alvarez	MX	117600	19.2672	-103.7378
4005143	Heroica Guaymas	Heroica Guaymas	MX	117253	27.9199	-110.8989
4724129	Round Rock	Round Rock	US	115997	30.5083	-97.6789
5334223	Carlsbad	Carlsbad	US	114746	33.1581	-117.3506
5527554	Odessa	Odessa	US	114428	31.8457	-102.3676
3995019	Navojoa	Navojoa	MX	113836	27.0706	-109.4434
3589289	Santa Lucía Cotzumalguapa	Santa Lucia Cotzumalguapa	GT	112780	14.3351	-91.0234
3587345	Apopa	Apopa	SV	112158	13.8072	-89.1792
3523183	Minatitlán	Minatitlan	MX	112046	18.0001	-94.5569
4013714	Ciudad Guzmán	Ciudad Guzman	MX	111975	19.7041	-103.4638
3600704	Tocoa	Tocoa	HN	111972	15.6833	-86.0000
3598465	Chiquimula	Chiquimula	GT	111505	14.8009	-89.5464
4722625	Richardson	Richardson	US	110815	32.9482	-96.7297
5401395	Temecula	Temecula	US	110003	33.4936	-117.1484
5375911	Murrieta	Murrieta	US	109830	33.5539	-117.2139
3617708	Matagalpa	Matagalpa	NI	109089	12.9279	-85.9191
3514321	Yautepec	Yautepec	MX	105780	18.8819	-99.0671
3598122	Coatepeque	Coatepeque	GT	105415	14.7041	-91.8643
3515715	Texcoco de Mora	Texcoco de Mora	MX	105165	19.5119	-98.8829
3598529	Chinautla	Chinautla	GT	104972	14.7029	-90.4998
4004867	Hidalgo del Parral	Hidalgo del Parral	MX	104836	26.9299	-105.6662
4706057	Lewisville	Lewisville	US	104039	33.0462	-96.9942
3588258	Totonicapán	Totonicapan	GT	103952	14.9119	-91.3605
5345529	El Cajon	El Cajon	US	103679	32.7948	-116.9625
3515696	Teziutlan	Teziutlan	MX	103583	19.8173	-97.3599
3817746	Tepexpan	Tepexpan	MX	102667	19.6139	-98.9364
3515062	Tulancingo	Tulancingo	MX	102406	20.0805	-98.3683
4018400	Apatzingán	Apatzingan	MX	102362	19.0886	-102.3570
5475352	Las Cruces	Las Cruces	US	101643	32.3123	-106.7783
5406602	Vista	Vista	US	100890	33.2000	-117.2425
3610613	El Progreso	El Progreso	HN	100810	15.4000	-87.8000
3988392	Rosarito	Rosarito	MX	100660	32.3604	-117.0464
3708306	Juan Díaz	Juan Diaz	PA	100636	9.0406	-79.4408
3591062	Puerto Barrios	Puerto Barrios	GT	100593	15.7272	-88.5979
5530022	San Angelo	San Angelo	US	99893	31.4638	-100.4370
4002224	Lagos de Moreno	Lagos de Moreno	MX	98206	21.3588	-101.9331
4670300	Allen	Allen	US	98143	33.1032	-96.6706
3601627	Santa Cruz de Yojoa	Santa Cruz de Yojoa	HN	97848	14.9809	-87.8909
3516035	Temixco	Temixco	MX	97788	18.8458	-99.2237
3598572	Chimaltenango	Chimaltenango	GT	96985	14.6588	-90.8216
3619194	Estelí	Esteli	NI	96422	13.0929	-86.3559
3520271	Ciudad Río Bravo	Ciudad Rio Bravo	MX	95647	25.9851	-98.0896
5322053	Yuma	Yuma	US	95548	32.7253	-114.6244
3532881	Amozoc de Mota	Amozoc de Mota	MX	95322	19.0461	-98.0450
3686922	Cereté	Cerete	CO	94935	8.8848	-75.7905
3980190	García	Garcia	MX	93641	25.8009	-100.5861
5392368	San Marcos	San Marcos	US	92931	33.1434	-117.1661
3592753	Malacatán	Malacatan	GT	92816	14.9113	-92.0579
3981984	Tepatitlán de Morelos	Tepatitlan de Morelos	MX	91959	20.8169	-102.7635
3531576	Cárdenas	Cardenas	MX	91558	18.0013	-93.3756
3590858	Retalhuleu	Retalhuleu	GT	90505	14.5358	-91.6785
3674470	Montelíbano	Montelibano	CO	90450	7.9792	-75.4202
3619136	Granada	Granada	NI	89409	11.9306	-85.9537
3526357	Heroica Ciudad de Juchitán de Zaragoza	Heroica Ciudad de Juchitan de Zaragoza	MX	88280	16.4337	-95.0218
8858085	Hacienda Santa Fe	Hacienda Santa Fe	MX	86935	20.5181	-103.3806
3532592	Atlixco	Atlixco	MX	86690	18.9081	-98.4361
3521912	Paraiso	Paraiso	MX	86632	18.4012	-93.2141
3689798	Apartadó	Apartado	CO	86438	7.8830	-76.6259
3686636	Chigorodó	Chigorodo	CO	86239	7.6664	-76.6811
3982213	Tecomán	Tecoman	MX	85689	18.9161	-103.8771
3523908	Los Reyes Acaquilpan	Los Reyes Acaquilpan	MX	85359	19.3636	-98.9771
3528756	Ciudad Mante	Ciudad Mante	MX	84787	22.7428	-98.9717
3515011	Túxpam de Rodríguez Cano	Tuxpam de Rodriguez Cano	MX	84750	20.9578	-97.4081
3815415	Tlaxcala	Tlaxcala	MX	84670	19.3178	-98.2385
4688275	Edinburg	Edinburg	US	84497	26.3017	-98.1633
3520064	Salina Cruz	Salina Cruz	MX	84438	16.1754	-95.1942
4004885	Heróica Zitácuaro	Heroica Zitacuaro	MX	84307	19.4366	-100.3564
3994489	Ocotlán	Ocotlan	MX	83769	20.3512	-102.7683
4000821	La Piedad de Cabadas	La Piedad de Cabadas	MX	83323	20.3411	-102.0225
4711725	Mission	Mission	US	83298	26.2159	-98.3253
3711668	David	David	PA	82907	8.4273	-82.4309
7310164	San Tan Valley	San Tan Valley	US	81321	33.1911	-111.5280
5552301	Avondale	Avondale	US	80684	33.4356	-112.3496
3515887	Tepeji del Río de Ocampo	Tepeji del Rio de Ocampo	MX	80612	19.9055	-99.3423
3589452	Santa Catarina Pinula	Santa Catarina Pinula	GT	80582	14.5705	-90.4993
3589977	San José Pinula	San Jose Pinula	GT	79844	14.5460	-90.4129
4013706	Lerdo	Lerdo	MX	79669	25.5361	-103.5249
3595416	Huehuetenango	Huehuetenango	GT	79426	15.3210	-91.4700
5296266	Goodyear	Goodyear	US	79003	33.4353	-112.3582
3589404	Santa Cruz del Quiché	Santa Cruz del Quiche	GT	78279	15.0299	-91.1488
3712076	Colón	Colon	PA	78000	9.3603	-79.9002
3592609	Mazatenango	Mazatenango	GT	77431	14.5341	-91.5031
3996387	Matehuala	Matehuala	MX	77328	23.6482	-100.6433
4019260	Agua Prieta	Agua Prieta	MX	77254	31.3224	-109.5425
3526323	Kanasín	Kanasin	MX	77240	20.9349	-89.5582
3530103	Cozumel	Cozumel	MX	77236	20.5004	-86.9427
3714637	Arraiján	Arraijan	PA	76815	8.9398	-79.6404
4718721	Pharr	Pharr	US	76538	26.1948	-98.1836
3613528	Ciudad Choluteca	Ciudad Choluteca	HN	75872	13.3057	-87.1788
3983058	Silao de la Victoria	Silao de la Victoria	MX	74242	20.9436	-101.4270
8858086	Fuentes del Valle	Fuentes del Valle	MX	74087	19.6325	-99.1386
4005297	Guamúchil	Guamuchil	MX	72500	25.4587	-108.0773
4735966	Temple	Temple	US	72277	31.0982	-97.3428
4005270	Guanajuato	Guanajuato	MX	72237	21.0186	-101.2591
3591676	Panzos	Panzos	GT	71846	15.3986	-89.6415
3599735	Amatitlán	Amatitlan	GT	71836	14.4774	-90.6349
3586814	Delgado	Delgado	SV	71594	13.7217	-89.1687
3980187	El Pueblito	El Pueblito	MX	71254	20.5401	-100.4409
4691585	Flower Mound	Flower Mound	US	71253	33.0146	-97.0970
4005219	Guasave	Guasave	MX	71196	25.5679	-108.4695
3986984	San Francisco del Rincón	San Francisco del Rincon	MX	71139	21.0189	-101.8584
4714131	New Braunfels	New Braunfels	US	70543	29.7030	-98.1244
3517270	Santa María Chimalhuacán	Santa Maria Chimalhuacan	MX	70519	19.4215	-98.9504
3524348	Linares	Linares	MX	70378	24.8580	-99.5677
3672068	Planeta Rica	Planeta Rica	CO	69708	8.4115	-75.5851
3980180	Frontera	Frontera	MX	69462	26.9281	-101.4521
4715292	North Richland Hills	North Richland Hills	US	69204	32.8343	-97.2289
3531862	Cadereyta Jiménez	Cadereyta Jimenez	MX	68111	25.5905	-100.0010
3980605	Valle de Santiago	Valle de Santiago	MX	68058	20.3915	-101.1910
3531865	Cadereyta	Cadereyta	MX	67994	25.5833	-99.9833
3518387	San Mateo Atenco	San Mateo Atenco	MX	67890	19.2676	-99.5321
3516843	Santo Domingo Tehuantepec	Santo Domingo Tehuantepec	MX	67739	16.3246	-95.2410
4739157	Victoria	Victoria	US	67574	28.8053	-97.0036
3523011	Montemorelos	Montemorelos	MX	67428	25.1890	-99.8293
3979673	Ixtapa-Zihuatanejo	Ixtapa-Zihuatanejo	MX	67408	17.6434	-101.5521
4023117	Dolores Hidalgo	Dolores Hidalgo	MX	67101	21.1561	-100.9325
3517517	Santa Cruz Xoxocotlán	Santa Cruz Xoxocotlan	MX	67086	17.0296	-96.7352
5288661	Casas Adobes	Casas Adobes	US	66795	32.3234	-110.9951
3991043	Ramos Arizpe	Ramos Arizpe	MX	66554	25.5393	-100.9474
4679867	Cedar Park	Cedar Park	US	65945	30.5052	-97.8203
3591833	Palín	Palin	GT	65873	14.4036	-90.6966
5364329	Laguna Niguel	Laguna Niguel	US	65806	33.5225	-117.7075
4696233	Harlingen	Harlingen	US	65774	26.1906	-97.6961
5391791	San Clemente	San Clemente	US	65526	33.4270	-117.6120
3515044	Tultepec	Tultepec	MX	65338	19.6850	-99.1281
3590616	Salamá	Salama	GT	65275	15.1021	-90.3191
3582677	Belize City	Belize City	BZ	65222	17.4995	-88.1976
3982266	Tecate	Tecate	MX	64764	32.5660	-116.6319
3988258	Sahuayo de Morelos	Sahuayo de Morelos	MX	64431	20.0570	-102.7164
4679944	Celina	Celina	US	64427	33.3246	-96.7844
4709013	Mansfield	Mansfield	US	64274	32.5632	-97.1417
3601787	San Pedro de Copán	San Pedro de Copan	HN	63829	14.6167	-88.8667
4693342	Georgetown	Georgetown	US	63716	30.6327	-97.6772
3622247	Limón	Limon	CR	63081	9.9907	-83.0360
5346646	Encinitas	Encinitas	US	62930	33.0370	-117.2920
3991347	Puerto Peñasco	Puerto Penasco	MX	62689	31.3172	-113.5380
3519907	San Andrés Tuxtla	San Andres Tuxtla	MX	61769	18.4487	-95.2133
4012721	Cortazar	Cortazar	MX	61658	20.4830	-100.9635
8858087	San Salvador Tizatlalli	San Salvador Tizatlalli	MX	61367	19.2603	-99.5908
3617697	Mateare	Mateare	NI	61234	12.2351	-86.4281
3707961	La Chorrera	La Chorrera	PA	61232	8.8776	-79.7801
5376200	National City	National City	US	61060	32.6781	-117.0992
3669346	San Marcos	San Marcos	CO	60735	8.6597	-75.1281
3598678	Chicacao	Chicacao	GT	60735	14.5429	-91.3264
4726491	San Marcos	San Marcos	US	60684	29.8833	-97.9414
4013712	Ciudad Hidalgo	Ciudad Hidalgo	MX	60542	19.6896	-100.5550
3587587	Zacapa	Zacapa	GT	60424	14.9687	-89.5273
4724194	Rowlett	Rowlett	US	60236	32.9029	-96.5639
5363990	La Mesa	La Mesa	US	60089	32.7678	-117.0231
3523513	Martínez de la Torre	Martinez de la Torre	MX	60074	20.0708	-97.0608
3815453	Villa Vicente Guerrero	Villa Vicente Guerrero	MX	60001	19.1212	-98.1657
4004887	Heroica Caborca	Heroica Caborca	MX	59922	30.7183	-112.1584
3533005	Altamira	Altamira	MX	59536	22.3931	-97.9386
3598025	Comitancillo	Comitancillo	GT	59489	15.0894	-91.7497
3583102	Sonsonate	Sonsonate	SV	59468	13.7173	-89.7230
4705708	Leander	Leander	US	59202	30.5788	-97.8531
3670419	Sahagún	Sahagun	CO	59188	8.9462	-75.4428
3595714	Fraijanes	Fraijanes	GT	58922	14.4653	-90.4408
3613321	Comayagua	Comayagua	HN	58784	14.4558	-87.6397
3589646	San Pedro Ayampuc	San Pedro Ayampuc	GT	58609	14.7794	-90.4532
3591512	Patzún	Patzun	GT	58240	14.6819	-91.0140
3604229	Omoa	Omoa	HN	58172	15.7760	-88.0383
3687025	Caucasia	Caucasia	CO	58034	7.9865	-75.1935
4019827	Acámbaro	Acambaro	MX	57972	20.0325	-100.7243
3590219	San Francisco El Alto	San Francisco El Alto	GT	57894	14.9449	-91.4431
5393429	Santee	Santee	US	57787	32.8384	-116.9739
4718711	Pflugerville	Pflugerville	US	57122	30.4394	-97.6200
3526992	Huauchinango	Huauchinango	MX	56206	20.1738	-98.0549
3689381	Ayapel	Ayapel	CO	56082	8.3137	-75.1398
3994616	Nuevo Casas Grandes	Nuevo Casas Grandes	MX	55553	30.4155	-107.9117
3993179	Pátzcuaro	Patzcuaro	MX	55298	19.5132	-101.6099
3618929	Jinotega	Jinotega	NI	55000	13.0910	-86.0023
3988333	Sabinas	Sabinas	MX	54905	27.8559	-101.1174
3583480	San Marcos	San Marcos	SV	54615	13.6611	-89.1825
3515358	San Bernardino Tlaxcalancingo	San Bernardino Tlaxcalancingo	MX	54517	19.0287	-98.2770
3518221	Zinacantepec	Zinacantepec	MX	54220	19.2843	-99.7339
4689550	Euless	Euless	US	54219	32.8371	-97.0820
4004198	Jacona de Plancarte	Jacona de Plancarte	MX	53860	19.9563	-102.3056
8858088	Jardines de la Silla	Jardines de la Silla	MX	53742	25.6294	-100.1878
3827596	Santiago Teyahualco	Santiago Teyahualco	MX	53684	19.6598	-99.1249
3530531	Coatepec	Coatepec	MX	53621	19.4523	-96.9615
3521922	Papantla de Olarte	Papantla de Olarte	MX	53546	20.4465	-97.3249
3619267	El Viejo	El Viejo	NI	53504	12.6635	-87.1666
3520235	Rioverde	Rioverde	MX	53128	21.9311	-99.9949
3527023	Ciudad de Huajuapan de León	Ciudad de Huajuapan de Leon	MX	53043	17.8079	-97.7796
3617459	Nueva Guinea	Nueva Guinea	NI	52929	11.6876	-84.4562
4685524	DeSoto	DeSoto	US	52486	32.5899	-96.8569
3996426	Matamoros	Matamoros	MX	52233	25.5270	-103.2285
4018348	Arandas	Arandas	MX	52175	20.7055	-102.3451
3815324	Huamantla	Huamantla	MX	51996	19.3145	-97.9252
3582883	Usulután	Usulutan	SV	51910	13.3447	-88.4399
3591997	Ostuncalco	Ostuncalco	GT	51828	14.8690	-91.6214
5288636	Casa Grande	Casa Grande	US	51460	32.8795	-111.7574
4694568	Grapevine	Grapevine	US	51404	32.9343	-97.0781
3980777	Uriangato	Uriangato	MX	51382	20.1416	-101.1787
3515942	Teoloyucan	Teoloyucan	MX	51255	19.7442	-99.1811
3684945	El Bagre	El Bagre	CO	51150	7.6035	-74.8095
13561794	The Trails of Frisco	The Trails of Frisco	US	51059	33.1609	-96.8718
3533426	Acayucan	Acayucan	MX	50934	17.9498	-94.9139
5287262	Buckeye	Buckeye	US	50876	33.3703	-112.5838
3700563	Tocumen	Tocumen	PA	50844	9.0894	-79.3831
5288786	Catalina Foothills	Catalina Foothills	US	50796	32.2978	-110.9187
3686540	Chinú	Chinu	CO	50743	9.1057	-75.3981
3611150	El Negrito	El Negrito	HN	50550	15.3167	-87.7000
3666570	Turbo	Turbo	CO	50508	8.0926	-76.7282
3516225	Taxco de Alarcón	Taxco de Alarcon	MX	50399	18.5571	-99.6051
5323163	Aliso Viejo	Aliso Viejo	US	50195	33.5650	-117.7271
5384690	Poway	Poway	US	50157	32.9628	-117.0359
3979846	Zacapu	Zacapu	MX	50112	19.8152	-101.7920
3521476	Pijijiapan	Pijijiapan	MX	50079	15.6862	-93.2094
3616035	Tipitapa	Tipitapa	NI	50000	12.1973	-86.0971
3618908	Juigalpa	Juigalpa	NI	50000	12.1059	-85.3655
3828262	Ciudad Sandino	Ciudad Sandino	NI	50000	12.1589	-86.3442
3985621	San Luis de la Paz	San Luis de la Paz	MX	49914	21.2984	-100.5148
3532792	Apizaco	Apizaco	MX	49506	19.4133	-98.1436
4673094	Bedford	Bedford	US	49337	32.8440	-97.1431
3527879	Emiliano Zapata	Emiliano Zapata	MX	49193	18.8410	-99.1837
3588694	Soloma	Soloma	GT	49030	15.6584	-91.4299
3514876	Valladolid	Valladolid	MX	48973	20.6881	-88.1994
3514868	Valle Hermoso	Valle Hermoso	MX	48918	25.6732	-97.8127
3985035	San Pedro	San Pedro	MX	48746	25.7560	-102.9839
3985865	San Juan de los Lagos	San Juan de los Lagos	MX	48684	21.2489	-102.3304
3792392	Plato	Plato	CO	48606	9.7903	-74.7824
5303752	Maricopa	Maricopa	US	48602	33.0581	-112.0476
5488441	Roswell	Roswell	US	48544	33.3944	-104.5249
4679803	Cedar Hill	Cedar Hill	US	48507	32.5885	-96.9561
3586977	Cojutepeque	Cojutepeque	SV	48411	13.7197	-88.9331
3599639	Asunción Mita	Asuncion Mita	GT	48297	14.3337	-89.7109
3601211	Sonaguera	Sonaguera	HN	48087	15.6333	-86.3333
11121204	Colonia del Sol	Colonia del Sol	MX	48032	22.9127	-109.9266
3517742	Santa Ana Chiautempan	Santa Ana Chiautempan	MX	48030	19.3066	-98.1877
3602952	Quimistán	Quimistan	HN	47993	15.3475	-88.4052
3684666	El Carmen de Bolívar	El Carmen de Bolivar	CO	47957	9.7174	-75.1202
3801276	Tierra Blanca	Tierra Blanca	MX	47824	18.4477	-96.3591
3598073	Colomba	Colomba	GT	47544	14.7073	-91.7317
3624955	Alajuela	Alajuela	CR	47494	10.0172	-84.2127
3599582	Barberena	Barberena	GT	47093	14.3074	-90.3616
3589805	San Marcos	San Marcos	GT	47063	14.9644	-91.7949
3515384	Tlapa de Comonfort	Tlapa de Comonfort	MX	46975	17.5463	-98.5824
3515504	Tizimín	Tizimin	MX	46971	21.1430	-88.1519
4743275	Wylie	Wylie	US	46708	33.0151	-96.5389
3599699	Antigua Guatemala	Antigua Guatemala	GT	46054	14.5564	-90.7332
3607511	La Lima	La Lima	HN	45955	15.4333	-87.9167
4702828	Keller	Keller	US	45758	32.9346	-97.2517
4017957	Autlán de Navarro	Autlan de Navarro	MX	45382	19.7719	-104.3664
3623076	Liberia	Liberia	CR	45380	10.6352	-85.4378
3588698	Sololá	Solola	GT	45373	14.7707	-91.1834
3701117	Santiago de Veraguas	Santiago de Veraguas	PA	45355	8.1000	-80.9833
3592642	Masagua	Masagua	GT	45323	14.2031	-90.8481
5307540	Oro Valley	Oro Valley	US	45303	32.3909	-110.9665
3531013	Chiapa de Corzo	Chiapa de Corzo	MX	45077	16.7075	-93.0122
8858089	San Buenaventura	San Buenaventura	MX	44761	19.3025	-98.8631
3620680	Bluefields	Bluefields	NI	44373	12.0129	-83.7645
3586833	Cuscatancingo	Cuscatancingo	SV	44369	13.7270	-89.1816
4695912	Haltom City	Haltom City	US	44206	32.7996	-97.2692
5345609	El Centro	El Centro	US	43956	32.7920	-115.5631
4677551	Burleson	Burleson	US	43625	32.5421	-97.3208
3991226	Purísima de Bustos	Purisima de Bustos	MX	43512	21.0297	-101.8778
3600841	Teupasenti	Teupasenti	HN	43477	14.2167	-86.7000
5314328	Sierra Vista	Sierra Vista	US	43355	31.5545	-110.3037
3515505	Tizayuca	Tizayuca	MX	43250	19.8419	-98.9810
3995343	Moroleón	Moroleon	MX	43200	20.1303	-101.1908
4727326	Schertz	Schertz	US	43091	29.5522	-98.2697
4004024	Jerez de García Salinas	Jerez de Garcia Salinas	MX	43064	22.6497	-102.9898
4003995	Jesús María	Jesus Maria	MX	43012	21.9611	-102.3433
3522164	Palenque	Palenque	MX	42947	17.5091	-91.9813
3526657	Izúcar de Matamoros	Izucar de Matamoros	MX	42936	18.6016	-98.4615
3524903	Las Choapas	Las Choapas	MX	42693	17.9118	-94.0965
4006806	Empalme	Empalme	MX	42516	27.9617	-110.8141
3530617	Cintalapa de Figueroa	Cintalapa de Figueroa	MX	42467	16.6839	-93.7181
4003662	Juventino Rosas	Juventino Rosas	MX	42264	20.6435	-100.9952
3815392	Zacatelco	Zacatelco	MX	42150	19.2158	-98.2397
3599069	Cantel	Cantel	GT	42142	14.8115	-91.4554
3522484	Ocosingo	Ocosingo	MX	41878	16.9063	-92.0935
4736388	The Colony	The Colony	US	41779	33.0890	-96.8864
3583178	San Vicente	San Vicente	SV	41504	13.6411	-88.7846
3530385	Comalcalco	Comalcalco	MX	41458	18.2650	-93.2243
3597804	Cuilapa	Cuilapa	GT	41359	14.2754	-90.2986
5303705	Marana	Marana	US	41315	32.4367	-111.2254
3985129	San Pedro	San Pedro	MX	41165	25.4333	-103.2167
4683217	Coppell	Coppell	US	41159	32.9546	-97.0150
4013723	Ciudad Constitución	Ciudad Constitucion	MX	40935	25.0321	-111.6626
3824996	Loma Bonita	Loma Bonita	MX	40934	18.1077	-95.8805
3521941	Pánuco	Panuco	MX	40754	22.0538	-98.1819
3591541	Patulul	Patulul	GT	40683	14.4232	-91.1605
3520274	Río Blanco	Rio Blanco	MX	40611	18.8304	-97.1560
3676397	Lorica	Lorica	CO	40605	9.2365	-75.8135
4013724	Santa Rosalía de Camargo	Santa Rosalia de Camargo	MX	40221	27.6789	-105.1716
3976999	Cihuatlán	Cihuatlan	MX	40139	19.2366	-104.5651
3992986	Pénjamo	Penjamo	MX	40070	20.4313	-101.7240
5332698	Calexico	Calexico	US	40053	32.6790	-115.4989
3589626	San Pedro Sacatepéquez	San Pedro Sacatepequez	GT	40021	14.9681	-91.7617
3526952	Huejutla de Reyes	Huejutla de Reyes	MX	40015	21.1400	-98.4194
3818742	San Andrés Cholula	San Andres Cholula	MX	39964	19.0514	-98.2953
3668175	Segovia	Segovia	CO	39938	7.0799	-74.6989
4687331	Duncanville	Duncanville	US	39826	32.6518	-96.9083
3514510	Xicotepec de Juárez	Xicotepec de Juarez	MX	39803	20.2761	-97.9611
3685823	Corozal	Corozal	CO	39800	9.3185	-75.2933
3622547	Paraíso	Paraiso	CR	39702	9.8385	-83.8666
3582805	Zacatecoluca	Zacatecoluca	SV	39613	13.5087	-88.8702
3514929	Umán	Uman	MX	39611	20.8815	-89.7480
3592105	Nuevo San Carlos	Nuevo San Carlos	GT	39565	14.5930	-91.6939
4740629	Weslaco	Weslaco	US	39474	26.1595	-97.9908
3583471	San Martín	San Martin	SV	39361	13.7833	-88.9167
3986165	San José del Castillo	San Jose del Castillo	MX	39246	20.5117	-103.2369
3997211	Los Reyes de Salgado	Los Reyes de Salgado	MX	39209	19.5885	-102.4733
3522444	Ocozocoautla de Espinosa	Ocozocoautla de Espinosa	MX	39180	16.7612	-93.3743
4699575	Hurst	Hurst	US	39016	32.8235	-97.1706
4011668	Esperanza	Esperanza	MX	38969	27.5805	-109.9312
3585484	Ilopango	Ilopango	SV	38890	13.7017	-89.1094
4705191	Lancaster	Lancaster	US	38801	32.5921	-96.7561
3827586	Melchor Ocampo	Melchor Ocampo	MX	38599	19.7019	-99.1449
5471578	Hobbs	Hobbs	US	38416	32.7026	-103.1360
4706736	Little Elm	Little Elm	US	38341	33.1626	-96.9375
3994667	Nueva Rosita	Nueva Rosita	MX	38158	27.9371	-101.2175
3515827	Tepotzotlán	Tepotzotlan	MX	38119	19.7212	-99.2239
5551535	Apache Junction	Apache Junction	US	38074	33.4151	-111.5496
4026075	Las Guacamayas	Las Guacamayas	MX	37980	18.0191	-102.2101
3606048	Lepaera	Lepaera	HN	37876	14.7788	-88.5902
3668451	Santa Rosa de Osos	Santa Rosa de Osos	CO	37864	6.6474	-75.4603
3521628	Perote	Perote	MX	37516	19.5623	-97.2424
5316201	Sun City	Sun City	US	37499	33.5975	-112.2718
3993457	Paracho de Verduzco	Paracho de Verduzco	MX	37464	19.6476	-102.0477
3521108	Progreso	Progreso	MX	37369	21.2822	-89.6629
3514677	Villaflores	Villaflores	MX	37237	16.2338	-93.2701
3988050	Salvatierra	Salvatierra	MX	37203	20.2161	-100.8821
3595248	Jacaltenango	Jacaltenango	GT	37171	15.6666	-91.7118
8858090	Santa Teresa	Santa Teresa	MX	36845	19.8450	-99.2333
3983671	Santiago	Santiago	MX	36840	25.4260	-100.1540
8858091	San Jerónimo Cuatro Vientos	San Jeronimo Cuatro Vientos	MX	36778	19.2931	-98.8417
4726440	San Juan	San Juan	US	36556	26.1892	-98.1553
5392229	San Juan Capistrano	San Juan Capistrano	US	36454	33.5017	-117.6625
4018582	Ameca	Ameca	MX	36156	20.5478	-104.0461
5520076	Del Rio	Del Rio	US	36153	29.3627	-100.8968
3533269	Agua Dulce	Agua Dulce	MX	36079	18.1391	-94.1453
4703811	Kyle	Kyle	US	35733	29.9891	-97.8772
4004159	Xalisco	Xalisco	MX	35702	21.4446	-104.8998
3530123	Coyotepec	Coyotepec	MX	35677	19.7772	-99.2130
3622228	Puntarenas	Puntarenas	CR	35650	9.9769	-84.8379
3530592	Ciudad Mendoza	Ciudad Mendoza	MX	35641	18.8065	-97.1787
5409260	Wildomar	Wildomar	US	35632	33.5989	-117.2800
3982616	Tala	Tala	MX	35396	20.6527	-103.7015
8858092	San Martín Azcatepec	San Martin Azcatepec	MX	35390	19.6867	-98.9728
3515386	Tlapacoyan	Tlapacoyan	MX	35338	19.9627	-97.2114
3816721	Tonalá	Tonala	MX	35322	16.0901	-93.7546
4003526	La Barca	La Barca	MX	35219	20.2899	-102.5420
3518138	San Pablo Autopan	San Pablo Autopan	MX	35141	19.3564	-99.6572
3996271	Ciudad Melchor Múzquiz	Ciudad Melchor Muzquiz	MX	35060	27.8793	-101.5161
3620170	Diriamba	Diriamba	NI	35008	11.8581	-86.2392
3587636	Yepocapa	Yepocapa	GT	34948	14.5020	-90.9540
3621889	San Isidro	San Isidro	CR	34877	9.3674	-83.6971
3526708	Ixmiquilpan	Ixmiquilpan	MX	34814	20.4840	-99.2185
8858093	Fraccionamiento Real Palmas	Fraccionamiento Real Palmas	MX	34636	25.9042	-100.1597
5310193	Queen Creek	Queen Creek	US	34614	33.2487	-111.6343
3515259	San Miguel Topilejo	San Miguel Topilejo	MX	34603	19.2026	-99.1419
3623977	Curridabat	Curridabat	CR	34586	9.9139	-84.0359
3588476	Tecpán Guatemala	Tecpan Guatemala	GT	34519	14.7618	-90.9925
3621505	San Vicente	San Vicente	CR	34447	9.9619	-84.0494
6612154	San Vicente de Moravia	San Vicente de Moravia	CR	34447	9.9616	-84.0488
3605186	Macuelizo	Macuelizo	HN	34401	15.3128	-88.5411
3996626	Maravatío de Ocampo	Maravatio de Ocampo	MX	34381	19.8919	-100.4419
8858094	Pórticos de San Antonio	Porticos de San Antonio	MX	34234	32.4425	-117.0342
3600358	Victoria	Victoria	HN	34215	14.9376	-87.3935
3670199	San Antero	San Antero	CO	34196	9.3741	-75.7589
5341483	Dana Point	Dana Point	US	34181	33.4670	-117.6981
5364059	La Presa	La Presa	US	34169	32.7081	-116.9972
3669454	San Juan Nepomuceno	San Juan Nepomuceno	CO	34110	9.9516	-75.0820
3587426	Ahuachapán	Ahuachapan	SV	34102	13.9240	-89.8434
3530513	Coatzintla	Coatzintla	MX	34036	20.4870	-97.4682
3617448	Ocotal	Ocotal	NI	33928	13.6322	-86.4740
3601403	Sabá	Saba	HN	33879	15.4667	-86.2500
3993335	Parras de la Fuente	Parras de la Fuente	MX	33817	25.4418	-102.1781
3587362	Antiguo Cuscatlán	Antiguo Cuscatlan	SV	33767	13.6649	-89.2532
8858095	San Isidro	San Isidro	MX	33737	19.3397	-98.9506
3514148	Zacatlán	Zacatlan	MX	33736	19.9355	-97.9613
3608503	Juticalpa	Juticalpa	HN	33686	14.6644	-86.2225
3617154	Puerto Cabezas	Puerto Cabezas	NI	33635	14.0351	-83.3888
3712455	Chilibre	Chilibre	PA	33536	9.1540	-79.6202
4681462	Cibolo	Cibolo	US	33433	29.5616	-98.2270
3598128	Ciudad Vieja	Ciudad Vieja	GT	33405	14.5240	-90.7631
4740328	Waxahachie	Waxahachie	US	33384	32.3865	-96.8483
3589105	Santiago Atitlán	Santiago Atitlan	GT	33309	14.6382	-91.2290
3531784	Calpulalpan	Calpulalpan	MX	33263	19.5887	-98.5697
5530932	Socorro	Socorro	US	33222	31.6546	-106.3033
3620390	Chichigalpa	Chichigalpa	NI	33137	12.5704	-87.0280
4683244	Copperas Cove	Copperas Cove	US	33081	31.1241	-97.9031
3988327	Ciudad Sabinas Hidalgo	Ciudad Sabinas Hidalgo	MX	33068	26.5019	-100.1812
3669218	San Onofre	San Onofre	CO	32957	9.7359	-75.5263
3988594	Río Grande	Rio Grande	MX	32944	23.8273	-103.0341
3515665	Ticul	Ticul	MX	32796	20.3987	-89.5349
3526593	Jáltipan de Morelos	Jaltipan de Morelos	MX	32778	17.9654	-94.7140
4016132	Víctor Rosales	Victor Rosales	MX	32721	22.9489	-102.7022
4690198	Farmers Branch	Farmers Branch	US	32689	32.9265	-96.8961
3515956	Tenosique	Tenosique	MX	32579	17.4729	-91.4236
3994674	Nueva Italia de Ruiz	Nueva Italia de Ruiz	MX	32467	19.0247	-102.0931
3600340	Villa de San Antonio	Villa de San Antonio	HN	32419	14.3259	-87.6135
3979717	Zapotlanejo	Zapotlanejo	MX	32376	20.6227	-103.0681
3598034	Comalapa	Comalapa	GT	32312	14.7409	-90.8876
3587086	Chalchuapa	Chalchuapa	SV	32282	13.9867	-89.6811
3533389	Actopan	Actopan	MX	32276	20.2690	-98.9422
3523791	Macuspana	Macuspana	MX	32225	17.7605	-92.5954
8858096	Centro Familiar la Soledad	Centro Familiar la Soledad	MX	32159	21.1350	-101.7497
3526855	Huixtla	Huixtla	MX	32033	15.1392	-92.4634
3530596	Ciudad Fernández	Ciudad Fernandez	MX	32006	21.9404	-100.0115
3592483	Momostenango	Momostenango	GT	31739	15.0444	-91.4086
3532899	Amecameca	Amecameca	MX	31687	19.1238	-98.7665
3600327	Villanueva	Villanueva	HN	31571	15.3148	-87.9938
4015700	Cananea	Cananea	MX	31560	30.9835	-110.2976
5312913	San Luis	San Luis	US	31520	32.4870	-114.7822
3621841	San José	San Jose	CR	31430	10.9519	-85.1357
3526993	Huatusco	Huatusco	MX	31305	19.1488	-96.9676
8858097	San José Guadalupe Otzacatipan	San Jose Guadalupe Otzacatipan	MX	31299	19.3447	-99.5919
3530886	Chilapa de Álvarez	Chilapa de Alvarez	MX	31157	17.5944	-99.1772
5294902	Florence	Florence	US	31110	33.0314	-111.3873
3531177	Champotón	Champoton	MX	30881	19.3424	-90.7227
3970972	Miguel Alemán (La Doce)	Miguel Aleman (La Doce)	MX	30869	28.8403	-111.4775
3674597	Mompós	Mompos	CO	30861	9.2419	-74.4267
4006622	Escuinapa de Hidalgo	Escuinapa de Hidalgo	MX	30790	22.8347	-105.7777
3667991	San Luis de Sincé	San Luis de Since	CO	30768	9.2439	-75.1467
3590389	San Benito	San Benito	GT	30764	16.9168	-89.9190
5454627	Alamogordo	Alamogordo	US	30753	32.8995	-105.9603
3516271	Tantoyuca	Tantoyuca	MX	30587	21.3506	-98.2257
3530177	Cosamaloapan	Cosamaloapan	MX	30577	18.3676	-95.7986
3991219	Puruándiro	Puruandiro	MX	30571	20.0888	-101.5156
3612810	Dulce Nombre de Culmí	Dulce Nombre de Culmi	HN	30543	15.1000	-85.5333
5347578	Fallbrook	Fallbrook	US	30534	33.3764	-117.2511
3669087	San Pedro de Urabá	San Pedro de Uraba	CO	30527	8.2752	-76.3764
4004647	Huatabampo	Huatabampo	MX	30475	26.8265	-109.6421
3981467	Tlajomulco de Zúñiga	Tlajomulco de Zuniga	MX	30273	20.4742	-103.4465
3610380	El Rosario	El Rosario	HN	30042	14.5791	-87.7268
3622217	Purral	Purral	CR	30034	9.9569	-84.0321
4681976	Cleburne	Cleburne	US	30020	32.3476	-97.3867
3617052	Rivas	Rivas	NI	30000	11.4398	-85.8275
4733313	Southlake	Southlake	US	29941	32.9412	-97.1342
3520994	Puerto Escondido	Puerto Escondido	MX	29903	15.8628	-97.0683
3616594	San Rafael del Sur	San Rafael del Sur	NI	29836	11.8485	-86.4384
3515796	Tequisquiapan	Tequisquiapan	MX	29799	20.5225	-99.8917
3518293	San Miguel Ajusco	San Miguel Ajusco	MX	29781	19.2220	-99.2024
4012605	Coyula	Coyula	MX	29674	20.6614	-103.2285
3712884	Cativá	Cativa	PA	29607	9.3622	-79.8323
3516926	Pinotepa Nacional	Pinotepa Nacional	MX	29604	16.3401	-98.0530
7261291	Fort Cavazos	Fort Cavazos	US	29589	31.1349	-97.7756
3618926	Jinotepe	Jinotepe	NI	29507	11.8483	-86.1992
3527795	Escárcega	Escarcega	MX	29477	18.6089	-90.7454
3996595	Marfil	Marfil	MX	29375	20.9975	-101.2855
3600931	Tela	Tela	HN	29325	15.7743	-87.4673
3979442	Santa Isabel	Santa Isabel	MX	29311	32.6307	-115.5704
4013579	Cocula	Cocula	MX	29267	20.3652	-103.8221
3589101	Santiago Sacatepéquez	Santiago Sacatepequez	GT	29238	14.6351	-90.6765
3981885	Tequila	Tequila	MX	29203	20.8820	-103.8360
3483197	San Fernando	San Fernando	MX	29171	24.8471	-98.1488
3589548	San Sebastián	San Sebastian	GT	29167	14.5618	-91.6487
3995017	Navolato	Navolato	MX	29153	24.7668	-107.6977
4696202	Harker Heights	Harker Heights	US	29142	31.0835	-97.6597
3620674	Boaco	Boaco	NI	29046	12.4726	-85.6596
4004293	Ixtapa	Ixtapa	MX	29036	20.7160	-105.2051
5460459	Carlsbad	Carlsbad	US	28957	32.4207	-104.2288
3621184	Turrialba	Turrialba	CR	28955	9.9037	-83.6836
3583981	Quezaltepeque	Quezaltepeque	SV	28886	13.8312	-89.2722
5517061	Big Spring	Big Spring	US	28862	32.2504	-101.4787
3595232	Jalpatagua	Jalpatagua	GT	28832	14.1369	-90.0091
3621753	San Miguel	San Miguel	CR	28827	9.8712	-84.0608
5520677	Eagle Pass	Eagle Pass	US	28765	28.7091	-100.4995
4740364	Weatherford	Weatherford	US	28742	32.7593	-97.7973
3516188	Tecamachalco	Tecamachalco	MX	28679	18.8835	-97.7334
5530937	Socorro Mission Number 1 Colonia	Socorro Mission Number 1 Colonia	US	28637	31.6362	-106.2905
3993985	Pabellón de Arteaga	Pabellon de Arteaga	MX	28633	22.1475	-102.2790
3530587	Fray Bernardino de Sahagún	Fray Bernardino de Sahagun	MX	28609	19.7727	-98.5823
3515064	Tula de Allende	Tula de Allende	MX	28577	20.0556	-99.3440
3588653	Sumpango	Sumpango	GT	28488	14.6462	-90.7343
3987246	San Felipe	San Felipe	MX	28452	21.4788	-101.2158
3523303	Metepec	Metepec	MX	28205	19.2593	-99.6017
5398277	Spring Valley	Spring Valley	US	28205	32.7448	-116.9989
3994604	Nuevo México	Nuevo Mexico	MX	28135	20.7565	-103.4430
3532254	Berriozábal	Berriozabal	MX	28128	16.7994	-93.2722
3994469	Ojinaga	Ojinaga	MX	28040	29.5669	-104.5449
3533126	Ajalpan	Ajalpan	MX	28031	18.3791	-97.2587
3515042	Tultitlán de Mariano Escobedo	Tultitlan de Mariano Escobedo	MX	28017	19.6466	-99.1679
4018404	Apaseo el Alto	Apaseo el Alto	MX	27991	20.4563	-100.6213
3988651	Rincón de Romos	Rincon de Romos	MX	27988	22.2292	-102.3225
3519290	San Francisco Acuautla	San Francisco Acuautla	MX	27960	19.3456	-98.8603
3519531	Sanctorum	Sanctorum	MX	27936	19.0992	-98.2542
4727756	Seguin	Seguin	US	27864	29.5688	-97.9647
3601494	Santa Rosa de Copán	Santa Rosa de Copan	HN	27753	14.7739	-88.7756
5293183	Drexel Heights	Drexel Heights	US	27749	32.1412	-111.0284
3592286	Nahualá	Nahuala	GT	27690	14.8429	-91.3180
3531416	Catemaco	Catemaco	MX	27615	18.4213	-95.1140
3530276	Contla	Contla	MX	27610	19.3293	-98.1664
3976775	Gabriel Leyva Solano	Gabriel Leyva Solano	MX	27536	25.6616	-108.6366
3980844	Tuxpan	Tuxpan	MX	27523	19.5556	-103.3759
3621717	San Pedro	San Pedro	CR	27477	9.9283	-84.0507
3515904	Tepeaca	Tepeaca	MX	27449	18.9669	-97.8998
3621659	San Rafael Abajo	San Rafael Abajo	CR	27419	9.8310	-84.2901
5359054	Imperial Beach	Imperial Beach	US	27408	32.5839	-117.1131
3666939	Santiago de Tolú	Santiago de Tolu	CO	27390	9.5239	-75.5814
4019869	Abasolo	Abasolo	MX	27389	20.4503	-101.5301
3526908	Huimanguillo	Huimanguillo	MX	27344	17.8350	-93.3890
3622190	Quesada	Quesada	CR	27310	10.3266	-84.4320
3517231	Moyotzingo	Moyotzingo	MX	27137	19.2481	-98.4049
3980174	Villagrán	Villagran	MX	27079	20.5136	-100.9964
3603330	Potrerillos	Potrerillos	HN	26954	15.2301	-87.9639
4017992	Atotonilco el Alto	Atotonilco el Alto	MX	26874	20.5508	-102.5082
3990040	La Joya	La Joya	MX	26860	32.4436	-117.0037
3523141	Misantla	Misantla	MX	26827	19.9299	-96.8519
3584772	La Unión	La Union	SV	26807	13.3392	-87.8433
3607728	La Iguala	La Iguala	HN	26805	14.6167	-88.4667
3983216	Sayula	Sayula	MX	26789	19.8837	-103.6007
5365893	Lemon Grove	Lemon Grove	US	26709	32.7426	-117.0314
3532815	Apan	Apan	MX	26642	19.7105	-98.4511
4006194	Francisco I. Madero	Francisco I. Madero	MX	26632	25.7730	-103.2713
3996893	Magdalena de Kino	Magdalena de Kino	MX	26605	30.6268	-110.9615
3624370	Cartago	Cartago	CR	26594	9.8637	-83.9195
3516210	Teapa	Teapa	MX	26548	17.5560	-92.9479
3802739	Río de Teapa	Rio de Teapa	MX	26500	17.7747	-92.9022
8858098	Las Pintitas	Las Pintitas	MX	26500	20.5644	-103.3022
3624288	Chacarita	Chacarita	CR	26354	9.9842	-84.7789
3825011	Isla	Isla	MX	26287	18.0278	-95.5295
3617522	Nagarote	Nagarote	NI	26270	12.2659	-86.5647
5295143	Fortuna Foothills	Fortuna Foothills	US	26265	32.6578	-114.4119
3520407	Reforma	Reforma	MX	26257	17.8590	-93.1538
3667158	Tierralta	Tierralta	CO	26242	8.1736	-76.0592
4703384	Kingsville	Kingsville	US	26225	27.5159	-97.8561
3526696	Ixtaczoquitlán	Ixtaczoquitlan	MX	26187	18.8536	-97.0623
3983631	Santiago Papasquiaro	Santiago Papasquiaro	MX	26121	25.0439	-105.4192
4018403	Apaseo el Grande	Apaseo el Grande	MX	26121	20.5455	-100.6879
4018762	Ciudad de Allende	Ciudad de Allende	MX	26065	25.2812	-100.0193
3621819	San Juan	San Juan	CR	26047	9.9619	-84.0788
3522445	Ocoyoacac	Ocoyoacac	MX	26015	19.2713	-99.4579
3623593	Guadalupe	Guadalupe	CR	26005	9.9481	-84.0567
5330567	Brawley	Brawley	US	25897	32.9787	-115.5303
3624848	Aserrí	Aserri	CR	25874	9.8614	-84.0927
3533433	Acatzingo	Acatzingo	MX	25811	18.9820	-97.7836
3516076	Tecax	Tecax	MX	25751	20.2052	-89.2852
3527639	Felipe Carrillo Puerto	Felipe Carrillo Puerto	MX	25744	19.5775	-88.0453
5312544	Sahuarita	Sahuarita	US	25707	31.9576	-110.9557
3761202	Valente Diaz	Valente Diaz	MX	25700	19.1635	-96.2165
3526953	Huejotzingo	Huejotzingo	MX	25684	19.1589	-98.4082
3982693	Tacámbaro de Codallos	Tacambaro de Codallos	MX	25665	19.2361	-101.4580
3982121	Tejupilco de Hidalgo	Tejupilco de Hidalgo	MX	25631	18.9047	-100.1527
3980621	Valle de Bravo	Valle de Bravo	MX	25554	19.1950	-100.1313
3523127	Mixquiahuala de Juárez	Mixquiahuala de Juarez	MX	25510	20.2300	-99.2143
4682478	Colleyville	Colleyville	US	25487	32.8810	-97.1550
3587308	Ayutuxtepeque	Ayutuxtepeque	SV	25426	13.7354	-89.2022
3621689	San Rafael	San Rafael	CR	25410	9.9283	-84.1354
3526674	Ixtepec	Ixtepec	MX	25381	16.5605	-95.1038
3615069	Arizona	Arizona	HN	25320	15.6333	-87.3167
3681596	Guamal	Guamal	CO	25312	9.1433	-74.2238
8858099	Emiliano Zapata	Emiliano Zapata	MX	25309	19.3436	-98.9747
3522845	Nanchital de Lázaro Cárdenas del Río	Nanchital de Lazaro Cardenas del Rio	MX	25289	18.0712	-94.4076
3979855	Yuriria	Yuriria	MX	25216	20.2108	-101.1319
4672059	Balch Springs	Balch Springs	US	25210	32.7287	-96.6228
4013727	Ciudad Altamirano	Ciudad Altamirano	MX	25168	18.3566	-100.6697
3533107	Álamo	Alamo	MX	25159	20.9115	-97.6755
3529981	Cuautlancingo	Cuautlancingo	MX	25104	19.0900	-98.2732
4006783	Encarnación de Díaz	Encarnacion de Diaz	MX	25010	21.5263	-102.2402
3590529	San Andrés Itzapa	San Andres Itzapa	GT	24992	14.6222	-90.8431
3621922	San Felipe	San Felipe	CR	24985	9.9044	-84.1062
3526838	Hunucmá	Hunucma	MX	24910	21.0164	-89.8772
4012693	Costa Rica	Costa Rica	MX	24874	24.5907	-107.3899
3596421	Guastatoya	Guastatoya	GT	24831	14.8544	-90.0699
5339663	Coronado	Coronado	US	24812	32.6859	-117.1831
3602272	San Francisco de Yojoa	San Francisco de Yojoa	HN	24740	15.0144	-87.9716
3513967	Zumpango del Río	Zumpango del Rio	MX	24719	17.6544	-99.5272
3589822	San Luis Jilotepeque	San Luis Jilotepeque	GT	24679	14.6472	-89.7246
3605000	Marcovia	Marcovia	HN	24646	13.2881	-87.3097
3601932	San Luis	San Luis	HN	24606	15.1269	-88.4393
3516385	Tamazunchale	Tamazunchale	MX	24562	21.2599	-98.7893
3525596	La Isla	La Isla	MX	24558	18.6000	-96.1500
4724564	Sachse	Sachse	US	24554	32.9762	-96.5953
4740214	Watauga	Watauga	US	24525	32.8579	-97.2547
4726290	San Benito	San Benito	US	24496	26.1326	-97.6311
3816739	Arriaga	Arriaga	MX	24447	16.2356	-93.8997
3590288	San Felipe	San Felipe	GT	24446	14.6230	-91.5950
4004153	Jalostotitlán	Jalostotitlan	MX	24423	21.1681	-102.4610
8858100	San Antonio Tecómitl	San Antonio Tecomitl	MX	24397	19.2178	-98.9881
3529619	Ébano	Ebano	MX	24296	22.2181	-98.3771
3998291	Loreto	Loreto	MX	24260	22.2719	-101.9860
4007673	El Salto	El Salto	MX	24241	23.7785	-105.3604
4003923	Jiquilpan de Juárez	Jiquilpan de Juarez	MX	24233	19.9917	-102.7184
8858101	Licenciado Benito Juárez	Licenciado Benito Juarez	MX	24185	24.6567	-107.5450
3518650	San Juan Ixtayopan	San Juan Ixtayopan	MX	24120	19.2319	-98.9987
3522343	Ometepec	Ometepec	MX	24120	16.6861	-98.4047
3665566	Zaragoza	Zaragoza	CO	24067	7.4897	-74.8692
3673976	Nechí	Nechi	CO	24066	8.0942	-74.7757
3618954	Jalapa	Jalapa	NI	24037	13.9222	-86.1235
3587543	Zaragoza	Zaragoza	GT	24022	14.6497	-90.8903
3594575	La Gomera	La Gomera	GT	24001	14.0821	-91.0538
3599788	Alotenango	Alotenango	GT	23986	14.4858	-90.8044
3622507	Patarrá	Patarra	CR	23983	9.8806	-84.0355
3985323	San Miguel el Alto	San Miguel el Alto	MX	23982	21.0305	-102.4023
3602680	Sabanagrande	Sabanagrande	HN	23943	13.8078	-87.2592
3523240	Miahuatlán de Porfirio Díaz	Miahuatlan de Porfirio Diaz	MX	23940	16.3290	-96.5961
3591060	Puerto San José	Puerto San Jose	GT	23887	13.9222	-90.8191
3979856	Yurécuaro	Yurecuaro	MX	23843	20.3395	-102.2822
3530584	Ciudad Serdán	Ciudad Serdan	MX	23824	18.9886	-97.4464
3680434	Ituango	Ituango	CO	23784	7.1712	-75.7640
3522926	Motozintla	Motozintla	MX	23755	15.3661	-92.2467
3982034	Teocaltiche	Teocaltiche	MX	23726	21.4343	-102.5743
3991253	Purépero de Echáiz	Purepero de Echaiz	MX	23713	19.9103	-102.0069
4013094	Comonfort	Comonfort	MX	23683	20.7201	-100.7612
4015022	Castaños	Castanos	MX	23649	26.7893	-101.4321
3533056	Allende	Allende	MX	23620	18.1540	-94.3942
3669736	San Jacinto	San Jacinto	CO	23576	9.8277	-75.1217
4005864	Juan José Ríos	Juan Jose Rios	MX	23553	25.7571	-108.8242
3516060	Teloloapan	Teloloapan	MX	23549	18.3693	-99.8704
3669997	San Carlos	San Carlos	CO	23532	8.7958	-75.6995
3817649	San Martín Cuautlalpan	San Martin Cuautlalpan	MX	23501	19.2762	-98.8317
3618411	La Paz Centro	La Paz Centro	NI	23481	12.3400	-86.6753
3986088	San José Iturbide	San Jose Iturbide	MX	23471	21.0002	-100.3858
3675287	María la Baja	Maria la Baja	CO	23401	9.9832	-75.3016
5364275	Laguna Beach	Laguna Beach	US	23365	33.5423	-117.7831
3672197	Pinillos	Pinillos	CO	23349	8.9192	-74.4677
3616682	San Marcos	San Marcos	NI	23347	11.9095	-86.2035
8858102	Teotihuacán de Arista	Teotihuacan de Arista	MX	23325	19.6897	-98.8608
4004267	Ixtlán del Río	Ixtlan del Rio	MX	23303	21.0351	-104.3688
3592237	Nebaj	Nebaj	GT	23301	15.4061	-91.1468
3522924	Motul	Motul	MX	23240	21.0957	-89.2833
3689816	Santa Fe de Antioquia	Santa Fe de Antioquia	CO	23216	6.5569	-75.8281
3667728	Sucre	Sucre	CO	23210	8.8114	-74.7208
8858103	Jesús del Monte	Jesus del Monte	MX	23150	19.3750	-99.2944
4703078	Kerrville	Kerrville	US	23136	30.0474	-99.1403
3532964	Alvarado	Alvarado	MX	23128	18.7714	-95.7618
3514134	Zacualtipán	Zacualtipan	MX	23125	20.6454	-98.6540
8858104	San Jorge Pueblo Nuevo	San Jorge Pueblo Nuevo	MX	23107	19.2542	-99.6278
3522251	Oxkutzkab	Oxkutzkab	MX	23096	20.3073	-89.4181
3599287	Cabricán	Cabrican	GT	23033	15.0748	-91.6480
5364199	Ladera Ranch	Ladera Ranch	US	22980	33.5709	-117.6356
3815447	Papalotla	Papalotla	MX	22969	19.1686	-98.2039
3996737	Rodolfo Sánchez Taboada	Rodolfo Sanchez Taboada	MX	22957	31.7229	-116.5720
3602444	San Antonio de Cortés	San Antonio de Cortes	HN	22884	15.1161	-88.0407
3979727	Zapotiltic	Zapotiltic	MX	22833	19.6275	-103.4175
3515510	Tixtla de Guerrero	Tixtla de Guerrero	MX	22826	17.5673	-99.3980
3527545	Frontera	Frontera	MX	22795	18.5433	-92.6453
3532617	Atlacomulco de Fabela	Atlacomulco de Fabela	MX	22774	19.7992	-99.8750
3587498	Acajutla	Acajutla	SV	22763	13.5928	-89.8275
8858105	Manuel Ojinaga	Manuel Ojinaga	MX	22744	29.5644	-104.4164
4699626	Hutto	Hutto	US	22722	30.5427	-97.5467
3685295	Dabeiba	Dabeiba	CO	22717	7.0002	-76.2691
3524389	Lerma de Villada	Lerma de Villada	MX	22713	19.2888	-99.5116
5533366	West Odessa	West Odessa	US	22707	31.8423	-102.4988
3515794	Tequixquiac	Tequixquiac	MX	22676	19.9094	-99.1447
3827254	San Mateo Otzacatipan	San Mateo Otzacatipan	MX	22656	19.3327	-99.6034
4673482	Benbrook	Benbrook	US	22629	32.6732	-97.4606
3518277	San Miguel Coatlinchán	San Miguel Coatlinchan	MX	22619	19.4500	-98.8727
3996234	Pedro Meoqui	Pedro Meoqui	MX	22574	28.2685	-105.4805
4007684	El Salto	El Salto	MX	22550	20.3333	-104.5000
4029308	San José del Valle	San Jose del Valle	MX	22541	20.7638	-105.2281
3590197	San Francisco Zapotitlán	San Francisco Zapotitlan	GT	22533	14.5894	-91.5214
3530167	Cosoleacaque	Cosoleacaque	MX	22454	17.9991	-94.6359
3621335	Tejar	Tejar	CR	22433	9.7430	-84.2322
3665741	Yarumal	Yarumal	CO	22368	6.9632	-75.4174
3609389	Gualaco	Gualaco	HN	22327	15.0252	-86.0708
4711156	Midlothian	Midlothian	US	22318	32.4824	-96.9945
3601977	San Lorenzo	San Lorenzo	HN	22289	13.4242	-87.4472
3531321	Cerro Azul	Cerro Azul	MX	22268	21.1920	-97.7409
3995050	Nava	Nava	MX	22192	28.4207	-100.7656
3522696	Nogales	Nogales	MX	22085	18.8278	-97.1631
4724642	Saginaw	Saginaw	US	22079	32.8601	-97.3639
4683021	Converse	Converse	US	21987	29.5180	-98.3161
3623486	Heredia	Heredia	CR	21947	9.9987	-84.1159
3523900	Reyes Acozac	Reyes Acozac	MX	21910	19.7755	-98.9808
3802723	Playas del Rosario	Playas del Rosario	MX	21893	17.8529	-92.9324
4004555	Huetamo de Núñez	Huetamo de Nunez	MX	21864	18.6260	-100.9000
3589253	Santa María de Jesús	Santa Maria de Jesus	GT	21795	14.4945	-90.7104
3517280	Santa María Atzompa	Santa Maria Atzompa	MX	21788	17.1016	-96.7769
3515993	Tenango de Arista	Tenango de Arista	MX	21765	19.1045	-99.5898
4676920	Brushy Creek	Brushy Creek	US	21764	30.5135	-97.7397
3530932	Chiconcuac	Chiconcuac	MX	21738	19.5594	-98.8988
3980841	Tuxpan	Tuxpan	MX	21709	21.9417	-105.2990
3982887	Sombrerete	Sombrerete	MX	21702	23.6314	-103.6413
3621729	San Pablo	San Pablo	CR	21662	9.9956	-84.0966
3992842	Petatlán	Petatlan	MX	21659	17.5382	-101.2692
4007682	El Salto	El Salto	MX	21644	20.5185	-103.1816
3600254	Yamaranguila	Yamaranguila	HN	21633	14.2833	-88.2420
4014553	Chapala	Chapala	MX	21596	20.2925	-103.1896
3514163	Zacatepec de Hidalgo	Zacatepec de Hidalgo	MX	21586	18.6534	-99.1912
3601516	Santa Rita	Santa Rita	HN	21536	15.2000	-87.8833
3617725	Masatepe	Masatepe	NI	21452	11.9145	-86.1446
3587428	Aguilares	Aguilares	SV	21445	13.9572	-89.1897
4017984	Atoyac de Álvarez	Atoyac de Alvarez	MX	21407	17.2067	-100.4331
5296802	Green Valley	Green Valley	US	21391	31.8543	-110.9937
3527596	Fortín de las Flores	Fortin de las Flores	MX	21370	18.9081	-97.0000
4678901	Canyon Lake	Canyon Lake	US	21262	29.8752	-98.2625
3591523	Patzicía	Patzicia	GT	21249	14.6319	-90.9266
3581194	San Ignacio	San Ignacio	BZ	21229	17.1588	-89.0696
5386053	Rancho San Diego	Rancho San Diego	US	21208	32.7473	-116.9353
3608822	Iriona	Iriona	HN	21207	15.9678	-85.0932
3670280	Sampués	Sampues	CO	21204	9.1836	-75.3817
3988462	Romita	Romita	MX	21176	20.8721	-101.5170
3521051	Puente de Ixtla	Puente de Ixtla	MX	21098	18.6147	-99.3181
3827255	San Pedro Totoltepec	San Pedro Totoltepec	MX	21076	19.3111	-99.5720
3514398	Xoxocotla	Xoxocotla	MX	21074	18.6856	-99.2458
3609742	Esquías	Esquias	HN	21009	14.7439	-87.3712
4683317	Corinth	Corinth	US	20998	33.1540	-97.0647
3607294	Langue	Langue	HN	20944	13.6208	-87.6525
4009697	El Grullo	El Grullo	MX	20924	19.8067	-104.2163
3533486	Acajete	Acajete	MX	20923	19.1115	-97.9523
3517917	San Rafael	San Rafael	MX	20873	19.2096	-98.7564
3617513	Nandaime	Nandaime	NI	20810	11.7570	-86.0529
3524744	Las Margaritas	Las Margaritas	MX	20786	16.3128	-91.9822
3531598	Capulhuac de Mirafuentes	Capulhuac de Mirafuentes	MX	20757	19.1935	-99.4659
3589852	San Lucas Sacatepéquez	San Lucas Sacatepequez	GT	20723	14.6107	-90.6568
3714734	Ancón	Ancon	PA	20706	8.9602	-79.5514
4018761	Allende	Allende	MX	20694	28.3412	-100.8511
3514409	Xonacatlán	Xonacatlan	MX	20680	19.4051	-99.5281
3595783	Esquipulas	Esquipulas	GT	20674	14.5657	-89.3517
5364782	Lakeside	Lakeside	US	20648	32.8573	-116.9223
5410129	Winter Gardens	Winter Gardens	US	20631	32.8312	-116.9334
3792375	Carepa	Carepa	CO	20627	7.7585	-76.6526
4713507	Murphy	Murphy	US	20610	33.0151	-96.6131
4673425	Belton	Belton	US	20547	31.0560	-97.4644
3597078	El Estor	El Estor	GT	20489	15.5322	-89.3311
3987500	San Buenaventura	San Buenaventura	MX	20480	27.0619	-101.5489
3595725	Flores	Flores	GT	20464	16.9226	-89.8994
4004092	Jaral del Progreso	Jaral del Progreso	MX	20457	20.3721	-101.0642
3617095	Rama	Rama	NI	20456	12.1596	-84.2195
3589671	San Pablo Jocopilas	San Pablo Jocopilas	GT	20433	14.5888	-91.4519
8858106	Terrazas del Valle	Terrazas del Valle	MX	20421	32.4875	-116.8267
3583158	Sensuntepeque	Sensuntepeque	SV	20386	13.8758	-88.6273
3613394	Cofradía	Cofradia	HN	20353	15.4000	-88.1500
3984679	Santa Anita	Santa Anita	MX	20320	20.5500	-103.4435
3616232	Somoto	Somoto	NI	20316	13.4841	-86.5823
3624468	Cañas	Canas	CR	20306	10.4311	-85.0982
5385793	Ramona	Ramona	US	20292	33.0417	-116.8681
3714932	Alcalde Díaz	Alcalde Diaz	PA	20285	9.1227	-79.5567
5306611	Nogales	Nogales	US	20252	31.3404	-110.9343
3682232	Galeras	Galeras	CO	20239	9.1609	-75.0481
3614975	Azacualpa	Azacualpa	HN	20210	14.7122	-88.0901
3526138	San Antonio de la Cal	San Antonio de la Cal	MX	20198	17.0292	-96.7009
3682313	Frontino	Frontino	CO	20156	6.7713	-76.1332
4001056	La Orilla	La Orilla	MX	20126	17.9958	-102.2269
4734350	Stephenville	Stephenville	US	20120	32.2207	-98.2023
3996030	Mezcales	Mezcales	MX	20092	20.7304	-105.2830
3522804	Naranjos	Naranjos	MX	20073	21.3509	-97.6866
3666936	Tolú Viejo	Tolu Viejo	CO	20033	9.4508	-75.4386
3527880	Emiliano Zapata	Emiliano Zapata	MX	20030	17.7406	-91.7664
3530590	Ciudad Miguel Alemán	Ciudad Miguel Aleman	MX	19997	26.3982	-99.0286
3669461	San Juan de Urabá	San Juan de Uraba	CO	19992	8.7592	-76.5297
4738574	Universal City	Universal City	US	19986	29.5480	-98.2911
3600199	Yorito	Yorito	HN	19824	15.0667	-87.2833
3529886	Cunduacán	Cunduacan	MX	19824	18.0656	-93.1730
3521596	Peto	Peto	MX	19821	20.1261	-88.9230
4016086	Calvillo	Calvillo	MX	19742	21.8459	-102.7188
3532969	Altotonga	Altotonga	MX	19722	19.7661	-97.2451
8858107	La Ermita	La Ermita	MX	19703	21.1519	-101.7331
3590316	San Cristóbal Verapaz	San Cristobal Verapaz	GT	19664	15.3666	-90.4783
3532414	Banderilla	Banderilla	MX	19649	19.5889	-96.9373
3530908	Chignahuapan	Chignahuapan	MX	19608	19.8387	-98.0317
3518593	San Juan Zitlaltepec	San Juan Zitlaltepec	MX	19600	19.8121	-99.1453
3590605	Salcajá	Salcaja	GT	19434	14.8796	-91.4570
8858108	Lomas del Sur	Lomas del Sur	MX	19413	20.4925	-103.4175
4670234	Alice	Alice	US	19408	27.7523	-98.0697
3587091	Chalatenango	Chalatenango	SV	19364	14.0414	-88.9395
4007676	Pueblo Nuevo	Pueblo Nuevo	MX	19363	23.3836	-105.3708
3595560	Gualán	Gualan	GT	19354	15.1195	-89.3572
3533440	Acatlán de Osorio	Acatlan de Osorio	MX	19341	18.2025	-98.0486
5523369	Horizon City	Horizon City	US	19288	31.6926	-106.2075
4670074	Alamo	Alamo	US	19246	26.1837	-98.1231
3585473	Izalco	Izalco	SV	19197	13.7447	-89.6731
3620269	Corinto	Corinto	NI	19183	12.4825	-87.1730
3514437	Xochitepec	Xochitepec	MX	19164	18.7816	-99.2309
3613171	Corquín	Corquin	HN	19145	14.5667	-88.8667
3584384	Metapán	Metapan	SV	19143	14.3333	-89.4500
4019819	Acaponeta	Acaponeta	MX	19140	22.4905	-105.3607
3583379	San Rafael Oriente	San Rafael Oriente	SV	19095	13.3833	-88.3500
3623580	Guápiles	Guapiles	CR	19092	10.2168	-83.7848
3526446	José Cardel	Jose Cardel	MX	19092	19.3681	-96.3695
3584003	Puerto El Triunfo	Puerto El Triunfo	SV	19074	13.2833	-88.5500
4676798	Brownwood	Brownwood	US	19031	31.7093	-98.9912
4689311	Ennis	Ennis	US	19007	32.3293	-96.6253
3592362	Morales	Morales	GT	18994	15.4723	-88.8407
5311433	Rio Rico	Rio Rico	US	18962	31.4715	-110.9765
3523450	Matías Romero Avendaño	Matias Romero Avendano	MX	18944	16.8774	-95.0382
3526467	Jojutla	Jojutla	MX	18867	18.6147	-99.1803
3595503	Guazacapán	Guazacapan	GT	18855	14.0742	-90.4167
4003908	Jocotepec	Jocotepec	MX	18852	20.2857	-103.4291
3529989	Cuautepec	Cuautepec	MX	18835	20.0356	-98.3098
3524618	Las Rosas	Las Rosas	MX	18817	16.3655	-92.3706
3602097	San José de Colinas	San Jose de Colinas	HN	18791	15.0410	-88.3019
3982567	Tamazula de Gordiano	Tamazula de Gordiano	MX	18787	19.6801	-103.2514
3610965	El Paraíso	El Paraiso	HN	18779	13.8667	-86.5500
7261029	Casa de Oro-Mount Helix	Casa de Oro-Mount Helix	US	18762	32.7640	-116.9688
3524391	Lerdo de Tejada	Lerdo de Tejada	MX	18715	18.6294	-95.5197
3527542	Comalapa	Comalapa	MX	18704	15.6600	-92.1411
4018320	Arcelia	Arcelia	MX	18685	18.3177	-100.2820
3514518	Xico	Xico	MX	18652	19.4218	-97.0082
4018831	Juan Aldama	Juan Aldama	MX	18642	28.8378	-105.9123
3591851	Palencia	Palencia	GT	18574	14.6671	-90.3572
3983820	Santa Rosa Jáuregui	Santa Rosa Jauregui	MX	18508	20.7421	-100.4478
3613361	Colomoncagua	Colomoncagua	HN	18484	13.9500	-88.2833
9511750	San José de los Olvera	San Jose de los Olvera	MX	18406	20.5526	-100.4151
3515373	Tlaquiltenango	Tlaquiltenango	MX	18334	18.6332	-99.1628
8858109	Parque Industrial Ciudad Mitras	Parque Industrial Ciudad Mitras	MX	18312	25.7886	-100.4478
3523202	Milpa Alta	Milpa Alta	MX	18274	19.1925	-99.0232
8858110	Mitras Poniente	Mitras Poniente	MX	18246	25.7758	-100.4258
3983636	Santiago Ixcuintla	Santiago Ixcuintla	MX	18241	21.8111	-105.2084
3515040	Tulum	Tulum	MX	18233	20.2117	-87.4633
3621440	Siquirres	Siquirres	CR	18231	10.0975	-83.5066
8858111	Villa del Prado 2da Sección	Villa del Prado 2da Seccion	MX	18226	32.4239	-116.9717
3532989	Altepexi	Altepexi	MX	18217	18.3703	-97.2997
3591093	Tiquisate	Tiquisate	GT	18189	14.2836	-91.3606
3670038	San Benito Abad	San Benito Abad	CO	18181	8.9290	-75.0271
3979822	Zacoalco de Torres	Zacoalco de Torres	MX	18172	20.2263	-103.5698
3601159	Sulaco	Sulaco	HN	18161	14.9167	-87.2667
4013669	Coalcomán de Vázquez Pallares	Coalcoman de Vazquez Pallares	MX	18156	18.7775	-103.1600
3827248	San Andrés Cuexcontitlán	San Andres Cuexcontitlan	MX	18005	19.3589	-99.6215
3530978	Chichén-Itzá	Chichen-Itza	MX	18000	20.6667	-88.5667
3712560	Changuinola	Changuinola	PA	17997	9.4300	-82.5200
3531556	Carlos A. Carrillo	Carlos A. Carrillo	MX	17989	18.3748	-95.7544
8858112	Tres de Mayo	Tres de Mayo	MX	17966	18.8686	-99.2083
3792380	Tiquisio	Tiquisio	CO	17939	8.5567	-74.2635
3523590	Mapastepec	Mapastepec	MX	17931	15.4336	-92.9004
3593376	Lívingston	Livingston	GT	17923	15.8283	-88.7504
3595171	Jocotenango	Jocotenango	GT	17918	14.5781	-90.7380
3817809	Santa María Ajoloapan	Santa Maria Ajoloapan	MX	17784	19.7636	-98.9591
8858113	Don Antonio	Don Antonio	MX	17736	19.8744	-98.9347
3707899	La Concepción	La Concepcion	PA	17698	8.5167	-82.6239
3615028	Atima	Atima	HN	17648	14.9325	-88.4896
3526681	Ixtapan de la Sal	Ixtapan de la Sal	MX	17640	18.8437	-99.6767
3686272	Ciénaga de Oro	Cienaga de Oro	CO	17623	8.8744	-75.6203
3523061	Santiago Momoxpan	Santiago Momoxpan	MX	17622	19.0736	-98.2669
4013085	Compostela	Compostela	MX	17573	21.2373	-104.9006
3607254	La Paz	La Paz	HN	17555	14.3212	-87.6759
3517285	Heroica Ciudad de Tlaxiaco	Heroica Ciudad de Tlaxiaco	MX	17543	17.2687	-97.6803
3532545	Axochiapan	Axochiapan	MX	17508	18.5021	-98.7530
3521103	Progreso de Obregón	Progreso de Obregon	MX	17486	20.2488	-99.1897
3526864	Ciudad de Huitzuco	Ciudad de Huitzuco	MX	17475	18.3059	-99.3339
3673756	Nueva Granada	Nueva Granada	CO	17470	9.8017	-74.3930
3581164	San Pedro	San Pedro	BZ	17429	17.9160	-87.9659
3703229	Pedregal	Pedregal	PA	17427	8.3770	-82.4295
3827588	Huilango	Huilango	MX	17399	19.6806	-99.2564
3597587	El Asintal	El Asintal	GT	17388	14.5963	-91.7274
3591181	Poptún	Poptun	GT	17320	16.3311	-89.4169
11839902	Tres Valles	Tres Valles	MX	17299	18.2391	-96.1357
3517831	San Salvador El Seco	San Salvador El Seco	MX	17263	19.1333	-97.6417
8858116	Casa Blanca	Casa Blanca	MX	17262	19.0422	-98.1189
3522118	Palmarito Tochapan	Palmarito Tochapan	MX	17213	18.9014	-97.6383
4004126	Jamay	Jamay	MX	17204	20.2948	-102.7094
3589475	Santa Bárbara	Santa Barbara	GT	17172	14.4356	-91.2268
3604579	Morocelí	Moroceli	HN	17153	14.1167	-86.8667
3700164	Veracruz	Veracruz	PA	17144	8.8932	-79.6234
3517832	San Salvador Atenco	San Salvador Atenco	MX	17124	19.5517	-98.9187
3979505	Ciudad Guadalupe Victoria	Ciudad Guadalupe Victoria	MX	17119	32.2888	-115.1031
5359052	Imperial	Imperial	US	17095	32.8475	-115.5694
4741616	White Settlement	White Settlement	US	17077	32.7596	-97.4583
5294167	Eloy	Eloy	US	17059	32.7559	-111.5548
3598415	Chisec	Chisec	GT	17018	15.8131	-90.2890
3617069	Río Blanco	Rio Blanco	NI	17018	12.9344	-85.2235
3621926	San Diego	San Diego	CR	16991	9.9003	-84.0017
3993893	Palaú	Palau	MX	16970	27.8924	-101.4235
3817731	Tezoyuca	Tezoyuca	MX	16933	19.5928	-98.9108
5316890	Tanque Verde	Tanque Verde	US	16901	32.2517	-110.7373
3585157	La Libertad	La Libertad	SV	16855	13.4883	-89.3222
3815375	La Magdalena Tlaltelulco	La Magdalena Tlaltelulco	MX	16834	19.2829	-98.1961
3988169	Salinas de Hidalgo	Salinas de Hidalgo	MX	16821	22.6279	-101.7142
3514278	Yecapixtla	Yecapixtla	MX	16811	18.8833	-98.8650
3514051	Zaragoza	Zaragoza	MX	16752	19.7710	-97.5551
8858117	La Providencia Siglo XXI	La Providencia Siglo XXI	MX	16747	20.0642	-98.7172
3613015	Cucuyagua	Cucuyagua	HN	16707	14.6478	-88.8739
3987224	San Felipe	San Felipe	MX	16702	31.0253	-114.8417
4735702	Taylor	Taylor	US	16702	30.5708	-97.4094
3522232	Ozumba de Alzate	Ozumba de Alzate	MX	16700	19.0369	-98.7952
3515163	Santa Rosa Treinta	Santa Rosa Treinta	MX	16691	18.7018	-99.1824
3523909	Los Reyes de Juárez	Los Reyes de Juarez	MX	16683	18.9492	-97.8038
4710749	Mercedes	Mercedes	US	16657	26.1498	-97.9136
3620544	Camoapa	Camoapa	NI	16653	12.3838	-85.5128
3516499	Suchiapa	Suchiapa	MX	16637	16.6247	-93.0989
4013726	Anáhuac	Anahuac	MX	16628	27.2412	-100.1334
3514349	Yajalón	Yajalon	MX	16622	17.1729	-92.3339
4018254	Ario de Rosales	Ario de Rosales	MX	16595	19.2083	-101.7090
5293083	Douglas	Douglas	US	16592	31.3446	-109.5453
3531904	Cacahoatán	Cacahoatan	MX	16572	14.9920	-92.1642
3994912	Nochistlán de Mejía	Nochistlan de Mejia	MX	16562	21.3636	-102.8475
4022735	Hidalgo	Hidalgo	MX	16524	25.9724	-100.4522
4686593	Donna	Donna	US	16523	26.1703	-98.0520
3519249	San Francisco Tlalcilalcalpan	San Francisco Tlalcilalcalpan	MX	16509	19.2947	-99.7677
4005380	Guadalupe Victoria	Guadalupe Victoria	MX	16506	24.4468	-104.1234
4738721	Uvalde	Uvalde	US	16476	29.2097	-99.7862
3619853	El Crucero	El Crucero	NI	16469	11.9901	-86.3095
3594703	La Esperanza	La Esperanza	GT	16461	14.8717	-91.5614
3533490	San Antonio Acahualco	San Antonio Acahualco	MX	16442	19.2740	-99.7717
5294937	Flowing Wells	Flowing Wells	US	16419	32.2940	-111.0098
3987402	Tlaltenango de Sánchez Román	Tlaltenango de Sanchez Roman	MX	16396	21.7813	-103.3044
3711699	Curundú	Curundu	PA	16361	8.9709	-79.5461
3589643	San Pedro Carchá	San Pedro Carcha	GT	16353	15.4774	-90.3110
3516347	Tamuín	Tamuin	MX	16318	22.0055	-98.7797
3979174	Lázaro Cárdenas	Lazaro Cardenas	MX	16294	30.5266	-115.9314
3674603	Momil	Momil	CO	16264	9.2377	-75.6749
8858118	Ampliación San Mateo	Ampliacion San Mateo	MX	16250	19.6164	-99.1472
3703068	Penonomé	Penonome	PA	16250	8.5189	-80.3573
3515938	Teopisca	Teopisca	MX	16240	16.5414	-92.4729
3518475	Teolocholco	Teolocholco	MX	16240	19.2433	-98.1908
3685724	Cotorra	Cotorra	CO	16215	9.0389	-75.7897
3996910	Magdalena	Magdalena	MX	16214	20.9069	-103.9769
3526662	Izamal	Izamal	MX	16195	20.9332	-89.0189
3996299	Medina	Medina	MX	16166	21.1497	-101.6225
4016734	Bucerías	Bucerias	MX	16161	20.7582	-105.3362
3583747	San Francisco	San Francisco	SV	16152	13.6941	-88.1041
4697645	Highland Village	Highland Village	US	16149	33.0918	-97.0467
3514597	Santa Ana Xalmimilulco	Santa Ana Xalmimilulco	MX	16125	19.2129	-98.3821
3986985	San Francisco de los Romo	San Francisco de los Romo	MX	16124	22.0721	-102.2722
4720131	Portland	Portland	US	16116	27.8773	-97.3239
3515906	Tepatlaxco de Hidalgo	Tepatlaxco de Hidalgo	MX	16085	19.0807	-97.9734
3516982	Santiago Tulantepec	Santiago Tulantepec	MX	16078	20.0364	-98.3565
8858119	Fraccionamiento Ciudad Olmeca	Fraccionamiento Ciudad Olmeca	MX	16074	18.1506	-94.5525
3601999	San Juan de Flores	San Juan de Flores	HN	16070	14.2667	-87.0333
3616253	Siuna	Siuna	NI	16056	13.7332	-84.7772
3526355	Juchitepec	Juchitepec	MX	16021	19.1006	-98.8788
3988416	El Rosario	El Rosario	MX	16001	22.9903	-105.8542
8858120	San Rafael Tlanalapan	San Rafael Tlanalapan	MX	15998	19.2917	-98.4681
3614797	Belén Gualcho	Belen Gualcho	HN	15983	14.4833	-88.8000
4005857	Vicente Guerrero	Vicente Guerrero	MX	15982	23.7327	-103.9825
4720833	Prosper	Prosper	US	15967	33.2362	-96.8011
5493403	Sunland Park	Sunland Park	US	15940	31.7965	-106.5800
4018227	Ciudad de Armería	Ciudad de Armeria	MX	15923	18.9369	-103.9648
8858121	Tecámac de Felipe Villanueva	Tecamac de Felipe Villanueva	MX	15911	19.7131	-98.9683
4727605	Seagoville	Seagoville	US	15894	32.6396	-96.5383
3979665	Zinapécuaro de Figueroa	Zinapecuaro de Figueroa	MX	15875	19.8601	-100.8273
3762210	Santiago Tlacotepec	Santiago Tlacotepec	MX	15853	19.2271	-99.6708
3590406	Sanarate	Sanarate	GT	15843	14.7883	-90.1988
3600195	Yoro	Yoro	HN	15774	15.1382	-87.1284
4670555	Alton	Alton	US	15760	26.2873	-98.3133
4693150	Gatesville	Gatesville	US	15724	31.4352	-97.7439
3526603	Jalpa de Méndez	Jalpa de Mendez	MX	15695	18.1768	-93.0638
4002745	La Cruz	La Cruz	MX	15657	23.9213	-106.8925
3596041	El Tejar	El Tejar	GT	15639	14.6468	-90.7912
3609775	Erandique	Erandique	HN	15633	14.2379	-88.4645
3517795	Zinacatepec	Zinacatepec	MX	15592	18.3352	-97.2462
3817714	Tulantongo	Tulantongo	MX	15584	19.5316	-98.8746
3701682	Sabanitas	Sabanitas	PA	15577	9.3452	-79.8054
3623781	Esparza	Esparza	CR	15575	9.9920	-84.6663
8858122	Venceremos	Venceremos	MX	15538	20.5508	-100.3981
3524374	Libres	Libres	MX	15536	19.4657	-97.6874
4669828	Addison	Addison	US	15518	32.9618	-96.8292
4019082	Ahualulco de Mercado	Ahualulco de Mercado	MX	15512	20.7014	-103.9746
3522246	San Pablo Oztotepec	San Pablo Oztotepec	MX	15507	19.1865	-99.0736
3514785	Venustiano Carranza	Venustiano Carranza	MX	15496	16.3385	-92.5632
8599061	Las Delicias	Las Delicias	MX	15486	32.4089	-116.9436
3621804	San Juan de Dios	San Juan de Dios	CR	15469	9.8781	-84.0844
3531574	Cárdenas	Cardenas	MX	15469	22.0014	-99.6425
3516912	Santiago Tuxtla	Santiago Tuxtla	MX	15459	18.4658	-95.3006
3996956	Madera	Madera	MX	15447	29.1927	-108.1433
3583098	Sonzacate	Sonzacate	SV	15446	13.7342	-89.7147
3992919	Peribán de Ramos	Periban de Ramos	MX	15434	19.5203	-102.4153
4003804	Juan Aldama	Juan Aldama	MX	15431	24.2907	-103.3934
3817641	San Mateo Huitzilzingo	San Mateo Huitzilzingo	MX	15389	19.2291	-98.9250
3616234	Somotillo	Somotillo	NI	15385	13.0439	-86.9051
5330167	Bostonia	Bostonia	US	15379	32.8130	-116.9440
3532499	Ayutla de los Libres	Ayutla de los Libres	MX	15370	16.9646	-99.0976
4707055	Live Oak	Live Oak	US	15346	29.5652	-98.3364
3622716	Nicoya	Nicoya	CR	15313	10.1504	-85.4509
3980833	Tuzantla	Tuzantla	MX	15302	19.2029	-100.5668
3581514	Orange Walk	Orange Walk	BZ	15298	18.0812	-88.5633
3526785	Villa Independencia	Villa Independencia	MX	15297	20.0552	-97.0521
3530175	Coscomatepec de Bravo	Coscomatepec de Bravo	MX	15252	19.0727	-97.0469
3515902	Tepeapulco	Tepeapulco	MX	15244	19.7861	-98.5531
3517524	Tecámac	Tecamac	MX	15244	19.7129	-98.9690
8858123	Alborada Jaltenco	Alborada Jaltenco	MX	15235	19.6619	-99.0689
3982007	Tepalcatepec	Tepalcatepec	MX	15221	19.1872	-102.8470
3980169	Villa Hidalgo	Villa Hidalgo	MX	15182	21.6762	-102.5880
4011469	Puebla	Puebla	MX	15168	32.5665	-115.3539
3596644	El Palmar	El Palmar	GT	15167	14.6508	-91.5780
4013892	Ciénega de Flores	Cienega de Flores	MX	15162	25.9545	-100.1662
3516919	Tetla	Tetla	MX	15161	19.4420	-98.1033
3590924	Rabinal	Rabinal	GT	15157	15.0853	-90.4925
8858124	Crucecita	Crucecita	MX	15130	15.7689	-96.1350
3601691	Santa Bárbara	Santa Barbara	HN	15119	14.9222	-88.2376
3982170	Técpan de Galeana	Tecpan de Galeana	MX	15119	17.2230	-100.6301
3590520	San Andrés Xecul	San Andres Xecul	GT	15074	14.9048	-91.4831
3982545	Tangancícuaro de Arista	Tangancicuaro de Arista	MX	15068	19.8868	-102.2072
3621655	San Rafael Arriba	San Rafael Arriba	CR	15051	9.8765	-84.0748
5315062	Somerton	Somerton	US	15048	32.5964	-114.7097
3526611	Xalatlaco	Xalatlaco	MX	15043	19.1831	-99.4184
3583199	Santiago de María	Santiago de Maria	SV	15032	13.4833	-88.4667
3522451	Ocotlán de Morelos	Ocotlan de Morelos	MX	15016	16.7918	-96.6750
3824536	Alto Lucero	Alto Lucero	MX	15011	20.9536	-97.4419
3587333	Armenia	Armenia	SV	14997	13.7436	-89.4989
3824169	Benito Juárez	Benito Juarez	MX	14990	22.2026	-97.8401
3609395	Guajiquiro	Guajiquiro	HN	14959	14.1167	-87.8333
3531793	Calkiní	Calkini	MX	14934	20.3706	-90.0508
3522279	Oteapan	Oteapan	MX	14925	18.0017	-94.6662
3703833	Nuevo Arraiján	Nuevo Arraijan	PA	14920	8.9264	-79.7202
3822723	Alfredo V. Bonfil	Alfredo V. Bonfil	MX	14900	21.0878	-86.8471
3531042	Chemax	Chemax	MX	14885	20.6556	-87.9369
3981491	Tizapán el Alto	Tizapan el Alto	MX	14877	20.1594	-103.0447
3517731	Santa Ana Nextlalpan	Santa Ana Nextlalpan	MX	14871	19.7417	-99.0750
3518281	San Miguel Canoa	San Miguel Canoa	MX	14863	19.1519	-98.1031
3517265	Coronango	Coronango	MX	14859	19.1209	-98.3059
4684434	Crowley	Crowley	US	14853	32.5790	-97.3625
3779399	Canalete	Canalete	CO	14831	8.6761	-76.2042
3616349	Santo Tomás	Santo Tomas	NI	14809	12.0694	-85.0906
3515349	Tlaxco	Tlaxco	MX	14806	19.6144	-98.1200
4014795	Cerritos	Cerritos	MX	14804	22.4283	-100.2847
7261785	Sierra Vista Southeast	Sierra Vista Southeast	US	14797	31.4538	-110.2164
3515438	Tlalmanalco	Tlalmanalco	MX	14786	19.2052	-98.8012
3994594	Nuevo San Juan Parangaricutiro	Nuevo San Juan Parangaricutiro	MX	14772	19.4175	-102.1306
4711647	Mineral Wells	Mineral Wells	US	14754	32.8085	-98.1128
3607986	La Entrada	La Entrada	HN	14739	15.0638	-88.7463
3589458	Santa Catarina Ixtahuacán	Santa Catarina Ixtahuacan	GT	14734	14.7980	-91.3587
3998287	Loreto	Loreto	MX	14724	26.0122	-111.3489
3671203	Purísima de la Concepción	Purisima de la Concepcion	CO	14705	9.2366	-75.7219
3991110	Quiroga	Quiroga	MX	14669	19.6648	-101.5232
3984437	Santa Cruz del Valle	Santa Cruz del Valle	MX	14637	20.5333	-103.4333
5461353	Chaparral	Chaparral	US	14631	32.0238	-106.3857
3520214	Juan Rodríguez Clara	Juan Rodriguez Clara	MX	14628	17.9928	-95.4010
3530595	Ciudad Hidalgo	Ciudad Hidalgo	MX	14606	14.6802	-92.1519
3601919	San Manuel de Colohete	San Manuel de Colohete	HN	14583	14.4500	-88.6667
3583183	Santo Tomás	Santo Tomas	SV	14581	13.6408	-89.1333
4007812	El Rosario	El Rosario	MX	14577	24.2556	-107.1828
3528788	El Llano	El Llano	MX	14559	20.0572	-99.3175
3823668	Las Amapolas	Las Amapolas	MX	14553	19.1519	-96.1978
3589850	San Lucas Tolimán	San Lucas Toliman	GT	14545	14.5947	-91.1466
8858125	Progreso	Progreso	MX	14525	18.8801	-99.1526
5464806	Deming	Deming	US	14522	32.2687	-107.7586
4005545	Guachochi	Guachochi	MX	14513	26.8204	-107.0713
3982168	Tecuala	Tecuala	MX	14511	22.3980	-105.4572
3669998	San Carlos	San Carlos	CO	14480	7.7918	-74.7732
3532281	Benito Juárez	Benito Juarez	MX	14451	17.8332	-92.5302
3623935	Desamparados	Desamparados	CR	14448	9.9473	-84.5063
3606010	Limón	Limon	HN	14421	15.8667	-85.5000
3999162	Las Varas	Las Varas	MX	14419	21.1797	-105.1363
3515603	Tihuatlan	Tihuatlan	MX	14417	20.7145	-97.5333
4722837	Rio Grande City	Rio Grande City	US	14404	26.3798	-98.8203
3675987	Los Palmitos	Los Palmitos	CO	14385	9.3790	-75.2677
3980184	Santa Clara del Cobre	Santa Clara del Cobre	MX	14359	19.4066	-101.6399
3609608	Goascorán	Goascoran	HN	14342	13.5833	-87.6167
4029310	San Vicente	San Vicente	MX	14324	20.7489	-105.2501
3589627	San Pedro Sacatepéquez	San Pedro Sacatepequez	GT	14315	14.6861	-90.6425
3823806	General Miguel Alemán	General Miguel Aleman	MX	14287	18.8921	-96.7966
8858127	Palmira	Palmira	MX	14256	18.8828	-97.1114
4697330	Hewitt	Hewitt	US	14252	31.4624	-97.1958
3815299	Villa de El Carmen Tequexquitla	Villa de El Carmen Tequexquitla	MX	14249	19.3243	-97.6535
4014409	Cherán	Cheran	MX	14245	19.6862	-101.9540
3515351	Tlaxcoapan	Tlaxcoapan	MX	14241	20.0921	-99.2217
5323401	Alpine	Alpine	US	14236	32.8351	-116.7664
3991547	Pueblo Yaqui	Pueblo Yaqui	MX	14234	27.3551	-110.0340
4705041	Lakeway	Lakeway	US	14217	30.3638	-97.9796
3521574	Pichucalco	Pichucalco	MX	14212	17.5100	-93.1159
4004148	Jalpa	Jalpa	MX	14199	21.6324	-102.9791
3516006	Tenancingo de Degollado	Tenancingo de Degollado	MX	14174	18.9614	-99.5903
3515811	Tepoztlán	Tepoztlan	MX	14130	18.9856	-99.1016
3603604	Piraera	Piraera	HN	14124	14.0667	-88.4667
3587510	Zunil	Zunil	GT	14118	14.7846	-91.4835
3532870	Anahuac	Anahuac	MX	14116	22.2028	-97.8551
3599575	Barillas	Barillas	GT	14100	15.8036	-91.3158
3986090	San José el Alto	San Jose el Alto	MX	14094	20.6534	-100.3822
3527656	Ezequiel Montes	Ezequiel Montes	MX	14053	20.6657	-99.8987
3988361	Ruiz	Ruiz	MX	14050	21.9505	-105.1449
3981145	Trancoso	Trancoso	MX	14021	22.7357	-102.3659
3624142	Concepción	Concepcion	CR	14000	9.9268	-84.0012
3516723	Sayula de Alemán	Sayula de Aleman	MX	13980	17.8819	-94.9599
5316209	Sun Lakes	Sun Lakes	US	13975	33.2112	-111.8754
3514189	Villa de Zaachila	Villa de Zaachila	MX	13959	16.9505	-96.7493
4013705	Ciudad Manuel Doblado	Ciudad Manuel Doblado	MX	13956	20.7278	-101.9530
3668937	Santa Ana	Santa Ana	CO	13950	9.3212	-74.5685
8858129	Real del Valle (El Paraíso) [Fraccionamiento]	Real del Valle (El Paraiso) [Fraccionamiento]	MX	13949	20.5456	-103.3697
4012341	Cuerámaro	Cueramaro	MX	13948	20.6259	-101.6717
3604522	Nacaome	Nacaome	HN	13929	13.5392	-87.4891
5308049	Paradise Valley	Paradise Valley	US	13922	33.5311	-111.9427
5525042	Levelland	Levelland	US	13914	33.5873	-102.3780
3516936	Miahuatlán	Miahuatlan	MX	13909	18.5498	-97.4395
8858130	Villa del Campo	Villa del Campo	MX	13906	32.5075	-116.7383
3533483	Acala	Acala	MX	13889	16.5561	-92.8077
3801595	San Jacinto Amilpas	San Jacinto Amilpas	MX	13860	17.1019	-96.7623
3827382	San Salvador Cuauhtenco	San Salvador Cuauhtenco	MX	13856	19.1928	-99.0898
3624951	Alajuelita	Alajuelita	CR	13845	9.9029	-84.1004
3532803	Apaxco de Ocampo	Apaxco de Ocampo	MX	13836	19.9751	-99.1711
3515484	Tlacolula de Matamoros	Tlacolula de Matamoros	MX	13821	16.9552	-96.4776
5516288	Andrews	Andrews	US	13816	32.3187	-102.5457
8858131	Vicente Guerrero	Vicente Guerrero	MX	13794	16.9331	-96.7014
3980161	Villa Juárez	Villa Juarez	MX	13770	27.1298	-109.8371
3517284	Atarasquillo	Atarasquillo	MX	13769	19.3283	-99.4690
3589730	San Miguel Chicaj	San Miguel Chicaj	GT	13747	15.0947	-90.3944
3516497	Brisas Barra de Suchiate	Brisas Barra de Suchiate	MX	13743	14.5359	-92.2241
3608834	Intibucá	Intibuca	HN	13741	14.3123	-88.1761
11228715	La Joya	La Joya	MX	13715	18.8905	-99.1249
4697442	Hidalgo	Hidalgo	US	13709	26.1003	-98.2631
4050880	Buda	Buda	US	13705	30.0852	-97.8403
3517970	San Pedro Pochutla	San Pedro Pochutla	MX	13685	15.7455	-96.4657
3514916	Unión Hidalgo	Union Hidalgo	MX	13683	16.4723	-94.8295
4675373	Boerne	Boerne	US	13674	29.7947	-98.7320
3517190	Santa María Xonacatepec	Santa Maria Xonacatepec	MX	13673	19.0894	-98.1036
3589677	San Pablo	San Pablo	GT	13668	14.9327	-92.0041
3590412	San Antonio Suchitepéquez	San Antonio Suchitepequez	GT	13666	14.5394	-91.4144
3533079	Aldama	Aldama	MX	13661	22.9210	-98.0752
3979982	Yahualica de González Gallo	Yahualica de Gonzalez Gallo	MX	13655	21.1798	-102.8861
3527186	Gutiérrez Zamora	Gutierrez Zamora	MX	13651	20.4535	-97.0859
3529911	Cuitláhuac	Cuitlahuac	MX	13651	18.8143	-96.7228
3827267	San Pedro Tultepec	San Pedro Tultepec	MX	13634	19.2651	-99.5093
3687677	Cañasgordas	Canasgordas	CO	13595	6.7499	-76.0254
3617109	Quilalí	Quilali	NI	13590	13.5670	-86.0260
3602531	San Andrés	San Andres	HN	13585	14.2167	-88.5500
3992212	Poncitlán	Poncitlan	MX	13581	20.3811	-102.9240
4012608	Coyuca de Benítez	Coyuca de Benitez	MX	13566	17.0076	-100.0879
8858132	Morelos	Morelos	MX	13565	19.6489	-101.2389
4012685	Cotija de la Paz	Cotija de la Paz	MX	13560	19.8101	-102.7021
3995943	Miguel Auza	Miguel Auza	MX	13551	24.2945	-103.4511
3592477	Monjas	Monjas	GT	13541	14.5031	-89.8725
4006380	Etzatlán	Etzatlan	MX	13513	20.7665	-104.0790
3686605	Chimá	Chima	CO	13492	9.1489	-75.6284
3601072	Talanga	Talanga	HN	13492	14.4000	-87.0833
3674499	Montecristo	Montecristo	CO	13470	8.2971	-74.4733
4003582	Ascensión	Ascension	MX	13456	31.0921	-107.9964
3616911	San Carlos	San Carlos	NI	13451	11.1271	-84.7779
5396974	Solana Beach	Solana Beach	US	13449	32.9911	-117.2712
4736922	Timberwood Park	Timberwood Park	US	13447	29.6944	-98.4974
4707295	Lockhart	Lockhart	US	13446	29.8849	-97.6700
4026074	La Mira	La Mira	MX	13415	18.0366	-102.3259
3521833	Paso del Macho	Paso del Macho	MX	13413	18.9710	-96.7242
3980125	Villa Unión	Villa Union	MX	13404	23.1899	-106.2195
3594753	La Democracia	La Democracia	GT	13400	14.2292	-90.9481
3533380	Acuitlapilco	Acuitlapilco	MX	13386	19.2733	-98.2354
4006804	Empalme Escobedo	Empalme Escobedo	MX	13384	20.6717	-100.7489
3582672	Belmopan	Belmopan	BZ	13381	17.2538	-88.7640
4012905	Coquimatlán	Coquimatlan	MX	13358	19.2035	-103.8105
3531863	Cadereyta de Montes	Cadereyta de Montes	MX	13347	20.6948	-99.8151
3604795	Minas de Oro	Minas de Oro	HN	13341	14.7961	-87.3465
3620350	Ciudad Darío	Ciudad Dario	NI	13318	12.7314	-86.1240
3523124	San Andrés Mixquic	San Andres Mixquic	MX	13310	19.2251	-98.9641
3526625	Jalacingo	Jalacingo	MX	13310	19.8033	-97.3083
4003675	Juriquilla	Juriquilla	MX	13309	20.7114	-100.4570
4015546	Capilla de Guadalupe	Capilla de Guadalupe	MX	13308	20.8272	-102.5914
3527624	Filomeno Mata	Filomeno Mata	MX	13304	20.2000	-97.7039
3985307	San Miguel Octopan	San Miguel Octopan	MX	13303	20.5743	-100.7479
3673455	Ovejas	Ovejas	CO	13284	9.5272	-75.2287
3532656	Asunción Nochixtlán	Asuncion Nochixtlan	MX	13284	17.4586	-97.2257
3518461	San Marcos	San Marcos	MX	13282	16.7955	-99.3887
4673258	Beeville	Beeville	US	13277	28.4010	-97.7497
3589917	San Juan Chamelco	San Juan Chamelco	GT	13264	15.4243	-90.3304
4013136	Colotlán	Colotlan	MX	13256	22.1132	-103.2666
3622023	Sabanilla	Sabanilla	CR	13251	9.9471	-84.0341
3583214	Santa Rosa de Lima	Santa Rosa de Lima	SV	13249	13.6247	-87.8936
3514031	Zimapán	Zimapan	MX	13243	20.7380	-99.3830
3817608	Tepetlixpa	Tepetlixpa	MX	13239	19.0289	-98.8213
3614663	Brus Laguna	Brus Laguna	HN	13224	15.7500	-84.4833
3518543	Almecatla	Almecatla	MX	13217	19.1429	-98.2360
3589770	San Mateo Ixtatán	San Mateo Ixtatan	GT	13213	15.8319	-91.4781
3616064	Ticuantepe	Ticuantepe	NI	13209	12.0226	-86.2049
3976535	Eldorado	Eldorado	MX	13197	24.3244	-107.3672
3595148	Joyabaj	Joyabaj	GT	13164	14.9931	-90.8016
3525570	La Joya	La Joya	MX	13158	18.6667	-99.4667
3519214	San Gregorio Cuautzingo	San Gregorio Cuautzingo	MX	13138	19.2596	-98.8574
3515679	Santiago Tianguistenco de Galeana	Santiago Tianguistenco de Galeana	MX	13106	19.1802	-99.4664
3984074	Santa María del Río	Santa Maria del Rio	MX	13099	21.7962	-100.7382
8858133	Centro de Readaptación Social	Centro de Readaptacion Social	MX	13071	20.5544	-103.1936
4021858	Guerrero Negro	Guerrero Negro	MX	13054	27.9600	-114.0559
3532443	Balancán	Balancan	MX	13030	17.8090	-91.5368
8858134	Veintidós de Febrero	Veintidos de Febrero	MX	13021	19.6114	-99.3467
3976785	Adolfo Ruiz Cortines	Adolfo Ruiz Cortines	MX	12978	25.7039	-108.7189
3985797	San Julián	San Julian	MX	12949	21.0103	-102.1797
4019727	Adolfo Ruíz Cortínes	Adolfo Ruiz Cortines	MX	12947	25.7500	-108.7500
3520259	Río Grande	Rio Grande	MX	12943	16.0111	-97.4356
3980586	Valparaíso	Valparaiso	MX	12919	22.7709	-103.5704
3712505	Chepo	Chepo	PA	12912	9.1702	-79.1008
3609152	Guayape	Guayape	HN	12907	14.7167	-86.8333
3609418	Guaimaca	Guaimaca	HN	12899	14.5333	-86.8167
4691766	Forest Hill	Forest Hill	US	12881	32.6721	-97.2692
3601517	Santa Rita	Santa Rita	HN	12869	15.1667	-87.2833
3982837	Sonoyta	Sonoyta	MX	12849	31.8632	-112.8501
3598462	Chiquimulilla	Chiquimulilla	GT	12842	14.0838	-90.3855
8858135	Fraccionamiento Geovillas los Pinos	Fraccionamiento Geovillas los Pinos	MX	12840	19.2172	-96.2264
3518414	San Martín de las Pirámides	San Martin de las Piramides	MX	12812	19.7058	-98.8355
3518454	San Marcos	San Marcos	MX	12779	20.0304	-99.3356
8858136	Juan Morales	Juan Morales	MX	12756	18.8114	-98.9219
4014501	Charcas	Charcas	MX	12748	23.1294	-101.1135
3615213	Amapala	Amapala	HN	12743	13.2922	-87.6539
3980580	Valtierrilla	Valtierrilla	MX	12713	20.5323	-101.1286
3522350	Oluta	Oluta	MX	12709	17.9297	-94.8966
3516049	Temascalcingo	Temascalcingo	MX	12698	19.9164	-100.0037
3526756	Isla Mujeres	Isla Mujeres	MX	12642	21.2311	-86.7310
3532808	San Pedro Apatlaco	San Pedro Apatlaco	MX	12630	18.7931	-98.9597
3591574	Pastores	Pastores	GT	12621	14.5943	-90.7547
3523436	Maxcanú	Maxcanu	MX	12621	20.5857	-90.0020
3998318	Lombardía	Lombardia	MX	12610	19.1581	-102.0511
3674130	Mutatá	Mutata	CO	12607	7.2441	-76.4356
7249307	Saddlebrooke	Saddlebrooke	US	12574	32.5395	-110.9006
4009788	El Fuerte	El Fuerte	MX	12566	26.4169	-108.6182
3979439	Progreso	Progreso	MX	12557	32.5817	-115.5843
4722231	Rendon	Rendon	US	12552	32.5763	-97.2414
5329954	Bonita	Bonita	US	12538	32.6578	-117.0300
3516019	Tempoal de Sánchez	Tempoal de Sanchez	MX	12526	21.5200	-98.3883
3519833	San Antonio la Isla	San Antonio la Isla	MX	12525	19.1644	-99.5669
3604894	Meámbar	Meambar	HN	12522	14.7833	-87.7667
3981165	Tototlán	Tototlan	MX	12516	20.5422	-102.7913
8858137	Santa María Zacatepec	Santa Maria Zacatepec	MX	12466	19.1233	-98.3653
3817648	Santa María Huexoculco	Santa Maria Huexoculco	MX	12456	19.2580	-98.8205
8858138	La Tijera	La Tijera	MX	12425	20.5817	-103.4406
4720067	Port Lavaca	Port Lavaca	US	12416	28.6150	-96.6261
3982269	Tecalitlán	Tecalitlan	MX	12411	19.4716	-103.3071
3532182	Bochil	Bochil	MX	12404	16.9962	-92.8947
3516563	Soledad de Doblado	Soledad de Doblado	MX	12398	19.0464	-96.4214
3702412	Puerto Escondido	Puerto Escondido	PA	12371	9.1942	-80.0957
3529915	Cuilápam de Guerrero	Cuilapam de Guerrero	MX	12360	16.9963	-96.7800
3817685	Santiago Cuautlalpan	Santiago Cuautlalpan	MX	12336	19.4323	-98.9014
3702631	Pocrí	Pocri	PA	12304	8.2564	-80.5463
3599793	Almolonga	Almolonga	GT	12299	14.8159	-91.4946
5290663	Coolidge	Coolidge	US	12297	32.9778	-111.5176
3621607	Santa Cruz	Santa Cruz	CR	12281	10.2605	-85.5851
3980140	Villanueva	Villanueva	MX	12269	22.3545	-102.8837
3815363	Xicohtzinco	Xicohtzinco	MX	12255	19.1737	-98.2338
3518702	San Juan de las Huertas	San Juan de las Huertas	MX	12253	19.2476	-99.7583
3818580	Villa Lázaro Cárdenas	Villa Lazaro Cardenas	MX	12253	20.4619	-97.7002
3589285	Santa Lucía Milpas Altas	Santa Lucia Milpas Altas	GT	12234	14.5765	-90.6763
3817656	San Marcos Huixtoco	San Marcos Huixtoco	MX	12229	19.2967	-98.8637
3621831	San Josecito	San Josecito	CR	12195	10.0127	-84.1075
3523759	La Magdalena Chichicaspa	La Magdalena Chichicaspa	MX	12193	19.4124	-99.3256
3666475	Unguía	Unguia	CO	12192	8.0436	-77.0914
5318320	Tucson Estates	Tucson Estates	US	12192	32.1876	-111.0909
3982364	Tarimoro	Tarimoro	MX	12188	20.2874	-100.7561
3600212	Yocón	Yocon	HN	12182	15.0167	-86.7000
3522855	Ciudad de Nanacamilpa	Ciudad de Nanacamilpa	MX	12177	19.4934	-98.5366
3519230	San Gabriel Chilac	San Gabriel Chilac	MX	12149	18.3260	-97.3470
3519535	San Pedro de los Baños	San Pedro de los Banos	MX	12149	19.6687	-99.8353
3517829	Huixcolotla	Huixcolotla	MX	12148	18.9207	-97.7717
3600008	Acatenango	Acatenango	GT	12136	14.5545	-90.9437
3603799	Petoa	Petoa	HN	12135	15.2694	-88.2888
3596389	El Quetzal	El Quetzal	GT	12122	14.7686	-91.8176
4740584	Wells Branch	Wells Branch	US	12120	30.4460	-97.6795
3590690	Sacapulas	Sacapulas	GT	12088	15.2880	-91.0891
3588858	Senahú	Senahu	GT	12084	15.4164	-89.8221
3607830	La Guata	La Guata	HN	12084	15.0833	-86.3833
3523608	Estación Manuel	Estacion Manuel	MX	12077	22.7287	-98.3218
3623787	Escazú	Escazu	CR	12071	9.9189	-84.1399
3515921	Tepalcingo	Tepalcingo	MX	12053	18.5951	-98.8444
4693726	Glenn Heights	Glenn Heights	US	12042	32.5487	-96.8567
5455796	Artesia	Artesia	US	12036	32.8423	-104.4033
3532852	Ángel R. Cabada	Angel R. Cabada	MX	12033	18.5960	-95.4458
4721921	Red Oak	Red Oak	US	12022	32.5176	-96.8044
3531889	Cacalomacan	Cacalomacan	MX	12001	19.2531	-99.7062
3980390	San Pedro Cahro	San Pedro Cahro	MX	11987	20.1155	-102.6533
4703972	La Homa	La Homa	US	11985	26.2501	-98.3636
3595721	Flores Costa Cuca	Flores Costa Cuca	GT	11984	14.6324	-91.8634
3801960	Heroica Villa de San Blas Atempa	Heroica Villa de San Blas Atempa	MX	11959	16.3261	-95.2271
3526957	Huehuetoca	Huehuetoca	MX	11948	19.8282	-99.2037
3711056	El Coco	El Coco	PA	11935	8.8769	-79.8081
3619382	El Sauce	El Sauce	NI	11898	12.8869	-86.5390
4019807	Acatic	Acatic	MX	11890	20.7809	-102.9106
3517984	San Pedro Los Baños	San Pedro Los Banos	MX	11886	19.6254	-99.8217
3994216	Ojuelos de Jalisco	Ojuelos de Jalisco	MX	11881	21.8637	-101.5934
3995155	Nacozari Viejo	Nacozari Viejo	MX	11872	30.4000	-109.6500
3984717	Santa Ana	Santa Ana	MX	11864	30.5412	-111.1188
3592770	Magdalena Milpas Altas	Magdalena Milpas Altas	GT	11856	14.5480	-90.6748
3622751	Naranjo	Naranjo	CR	11853	10.0987	-84.3782
3523670	Maltrata	Maltrata	MX	11842	18.8109	-97.2754
8858139	Lomas de San Agustín	Lomas de San Agustin	MX	11836	20.5275	-103.4678
3582896	Turín	Turin	SV	11829	13.9664	-89.7661
3526501	Jilotepec de Molina Enríquez	Jilotepec de Molina Enriquez	MX	11828	19.9519	-99.5328
3517956	San Juan y San Pedro Tezompa	San Juan y San Pedro Tezompa	MX	11819	19.2068	-98.9607
5477090	Lovington	Lovington	US	11800	32.9440	-103.3486
10179345	San Juan Bautista	San Juan Bautista	PA	11798	7.9647	-80.4162
3530066	Cruz Grande	Cruz Grande	MX	11783	16.7234	-99.1235
4018109	Ascención	Ascencion	MX	11781	31.1000	-107.9833
5530921	Snyder	Snyder	US	11768	32.7179	-100.9176
3983805	Santa Rosalía	Santa Rosalia	MX	11765	27.3404	-112.2671
4737676	Trophy Club	Trophy Club	US	11759	32.9979	-97.1836
3822989	José María Morelos	Jose Maria Morelos	MX	11750	19.7489	-88.7087
3582790	Zaragoza	Zaragoza	SV	11749	13.5894	-89.2889
3702431	Puerto Armuelles	Puerto Armuelles	PA	11743	8.2777	-82.8621
3706410	Las Lomas	Las Lomas	PA	11726	8.4290	-82.3890
4017936	Ayotlán	Ayotlan	MX	11724	20.5294	-102.3278
8858140	Córdoba (Santa Leticia)	Cordoba (Santa Leticia)	MX	11720	18.9086	-96.9789
3520194	El Rosario	El Rosario	MX	11707	17.0427	-96.6921
4671800	Azle	Azle	US	11693	32.8951	-97.5459
3529650	Dzitbalché	Dzitbalche	MX	11686	20.3202	-90.0570
3624593	Buenos Aires	Buenos Aires	CR	11680	9.1730	-83.3328
3601367	Sensenti	Sensenti	HN	11668	14.4938	-88.9376
3598804	Chajul	Chajul	GT	11657	15.4852	-91.0352
3824524	Plan de Ayala	Plan de Ayala	MX	11657	20.5475	-97.4748
3605042	Manto	Manto	HN	11641	14.9167	-86.3833
3522454	San Francisco Ocotlán	San Francisco Ocotlan	MX	11636	19.1341	-98.2835
3815451	Tenancingo	Tenancingo	MX	11636	19.1472	-98.2013
4011119	El Arenal	El Arenal	MX	11610	20.7763	-103.6935
4021296	Jesús Gómez Portugal (Margaritas)	Jesus Gomez Portugal (Margaritas)	MX	11589	21.9992	-102.2914
4723212	Robstown	Robstown	US	11576	27.7903	-97.6689
3609370	Gualcince	Gualcince	HN	11564	14.1167	-88.5500
8858141	Las Palmas	Las Palmas	MX	11562	22.9367	-109.9424
4029453	San Pedro Mártir	San Pedro Martir	MX	11552	20.6179	-100.4704
3527720	Espita	Espita	MX	11551	21.0106	-88.3067
3599633	Atescatempa	Atescatempa	GT	11543	14.1755	-89.7418
3515643	Tierra Colorada	Tierra Colorada	MX	11540	17.1655	-99.5256
3483393	Ciudad Gustavo Díaz Ordaz	Ciudad Gustavo Diaz Ordaz	MX	11523	26.2318	-98.5965
3522781	Nealtican	Nealtican	MX	11517	19.0499	-98.4272
3532465	Bacalar	Bacalar	MX	11513	18.6811	-88.3933
3666333	Valdivia	Valdivia	CO	11511	7.2938	-75.3919
3531006	Chiautla de Tapia	Chiautla de Tapia	MX	11511	18.3015	-98.6034
4015683	Canatlán	Canatlan	MX	11495	24.5265	-104.7740
3669128	San Pedro	San Pedro	CO	11489	9.3956	-75.0648
3995157	Nacozari de García	Nacozari de Garcia	MX	11489	30.3746	-109.6880
4723165	Robinson	Robinson	US	11484	31.4677	-97.1147
3827278	San Pedro Tlaltizapan	San Pedro Tlaltizapan	MX	11472	19.1997	-99.4996
3522886	Muna	Muna	MX	11469	20.4883	-89.7144
4014914	Cedral	Cedral	MX	11468	23.8210	-100.7253
4670871	Anna	Anna	US	11463	33.3490	-96.5486
3598131	Melchor de Mencos	Melchor de Mencos	GT	11457	17.0661	-89.1523
8858142	San Francisco Tecoxpa	San Francisco Tecoxpa	MX	11456	19.1917	-99.0064
4013292	Vicente Guerrero	Vicente Guerrero	MX	11455	30.7305	-115.9887
4019054	Ajijic	Ajijic	MX	11439	20.2999	-103.2614
3598129	Ciudad Tecún Umán	Ciudad Tecun Uman	GT	11432	14.6774	-92.1404
3615279	Ajuterique	Ajuterique	HN	11356	14.3830	-87.7096
4019098	Ahome	Ahome	MX	11331	25.9199	-109.1734
3587266	Berlín	Berlin	SV	11313	13.5000	-88.5333
3521111	Progreso Industrial	Progreso Industrial	MX	11289	19.6364	-99.3569
3522865	Nacajuca	Nacajuca	MX	11289	18.1696	-93.0184
3518224	San Miguel Xoxtla	San Miguel Xoxtla	MX	11269	19.1676	-98.3076
3514683	Villa Cuauhtémoc	Villa Cuauhtemoc	MX	11241	19.4168	-99.5587
3518139	San Pablo Atlazalpan	San Pablo Atlazalpan	MX	11236	19.2174	-98.9076
3532858	Anenecuilco	Anenecuilco	MX	11227	18.7791	-98.9861
3482929	González	Gonzalez	MX	11212	22.8276	-98.4271
3984444	Santa Cruz de las Flores	Santa Cruz de las Flores	MX	11204	20.4806	-103.5028
4015040	La Resolana	La Resolana	MX	11180	19.6039	-104.4342
3528046	El Tejar	El Tejar	MX	11168	19.0750	-96.1609
3531798	Calimaya	Calimaya	MX	11165	19.1632	-99.6181
3591750	Panajachel	Panajachel	GT	11142	14.7418	-91.1568
3827273	San Bartolomé Tlaltelulco	San Bartolome Tlaltelulco	MX	11141	19.2274	-99.6296
3675637	Majagual	Majagual	CO	11139	8.5412	-74.6294
4721703	Raymondville	Raymondville	US	11139	26.4815	-97.7831
3592145	Nueva Concepción	Nueva Concepcion	GT	11121	14.2000	-91.3000
3530907	Chinautla	Chinautla	MX	11096	19.8200	-97.3886
4692279	Fredericksburg	Fredericksburg	US	11094	30.2752	-98.8720
3526600	Jaltenco	Jaltenco	MX	11093	19.7530	-99.0939
3515909	Tepatepec	Tepatepec	MX	11084	20.2450	-99.0911
8858144	Villas de la Hacienda [Fraccionamiento]	Villas de la Hacienda [Fraccionamiento]	MX	11078	20.5311	-103.3828
3604584	Morazán	Morazan	HN	11076	15.3167	-87.6000
3518352	San Matias Tlalancaleca	San Matias Tlalancaleca	MX	11076	19.3254	-98.4986
3672249	Pijiño del Carmen	Pijino del Carmen	CO	11071	9.3291	-74.4530
3589913	San Juan Cotzal	San Juan Cotzal	GT	11046	15.4337	-91.0348
3710920	El Empalme	El Empalme	PA	11035	9.4147	-82.5224
3523180	Mineral del Monte	Mineral del Monte	MX	11015	20.1390	-98.6747
3526601	Jalpan de Serra	Jalpan de Serra	MX	11010	21.2174	-99.4718
4018597	Amatitán	Amatitan	MX	11006	20.8342	-103.7302
3983312	Saucillo	Saucillo	MX	11004	28.0299	-105.2928
3620298	Condega	Condega	NI	11000	13.3650	-86.3985
3585636	Guazapa	Guazapa	SV	10995	13.8769	-89.1731
3519644	San Bartolo Cuautlalpan	San Bartolo Cuautlalpan	MX	10989	19.8151	-99.0104
3514027	Zimatlán de Álvarez	Zimatlan de Alvarez	MX	10986	16.8671	-96.7848
3515521	Tixkokob	Tixkokob	MX	10968	21.0012	-89.3948
3533472	Acanceh	Acanceh	MX	10968	20.8129	-89.4533
3532601	Atlautla	Atlautla	MX	10967	19.0219	-98.7786
11425680	Parrilla II	Parrilla II	MX	10967	17.8770	-92.9247
3621967	San Antonio	San Antonio	CR	10938	9.9816	-84.1859
8858150	Conjunto Habitacional Villas del Pedregal	Conjunto Habitacional Villas del Pedregal	MX	10934	19.6836	-101.3036
3520935	Putla Villa de Guerrero	Putla Villa de Guerrero	MX	10925	17.0262	-97.9284
3532636	Atencingo	Atencingo	MX	10879	18.5135	-98.6054
3994607	Nuevo Ideal	Nuevo Ideal	MX	10876	24.8882	-105.0746
3816612	El Parral	El Parral	MX	10865	16.3702	-93.0043
8858151	Pomoca	Pomoca	MX	10864	18.0497	-92.9306
3601732	San Sebastián	San Sebastian	HN	10857	14.2500	-88.5000
3514684	Villa Corzo	Villa Corzo	MX	10841	16.1846	-93.2680
3673974	Necoclí	Necocli	CO	10835	8.4263	-76.7893
3597750	Cuyotenango	Cuyotenango	GT	10825	14.5401	-91.5718
3704187	Monagrillo	Monagrillo	PA	10821	7.9826	-80.4330
3589456	Santa Catarina Mita	Santa Catarina Mita	GT	10817	14.4513	-89.7429
3600338	Villa de San Francisco	Villa de San Francisco	HN	10816	14.1667	-86.9667
5531968	Sweetwater	Sweetwater	US	10809	32.4710	-100.4059
3609734	Esquipulas del Norte	Esquipulas del Norte	HN	10781	15.3000	-86.5333
3601543	Santa María del Real	Santa Maria del Real	HN	10767	14.7667	-85.9500
3621644	San Ramón	San Ramon	CR	10765	10.0880	-84.4702
3531218	Chahuites	Chahuites	MX	10763	16.2882	-94.1949
3516651	Simojovel de Allende	Simojovel de Allende	MX	10762	17.1401	-92.7140
3605950	Liure	Liure	HN	10760	13.5358	-87.0919
3521344	Platón Sánchez	Platon Sanchez	MX	10758	21.2718	-98.3746
3980124	Villa Unión	Villa Union	MX	10753	23.9753	-104.0446
4012045	Degollado	Degollado	MX	10753	20.4670	-102.1498
3980037	Vista Hermosa de Negrete	Vista Hermosa de Negrete	MX	10752	20.2730	-102.4743
3601063	Talgua	Talgua	HN	10744	14.7000	-88.7000
3530778	Chocamán	Chocaman	MX	10727	19.0121	-97.0329
3761660	San Nicolás Galeana	San Nicolas Galeana	MX	10726	18.6387	-99.2122
8858153	Puerto Escondido (Tepeolulco Puerto Escondido)	Puerto Escondido (Tepeolulco Puerto Escondido)	MX	10717	19.5519	-99.0981
3517673	Santa Catarina Ayotzingo	Santa Catarina Ayotzingo	MX	10702	19.2095	-98.9299
3530955	Chichihualco	Chichihualco	MX	10690	17.6602	-99.6774
3597837	Cubulco	Cubulco	GT	10681	15.1045	-90.6287
3514013	Santa María Zolotepec	Santa Maria Zolotepec	MX	10656	19.4173	-99.4933
3666326	Valencia	Valencia	CO	10652	8.2580	-76.1493
3516149	Tecolutilla	Tecolutilla	MX	10637	18.2825	-93.3335
8858154	Unidad Habitacional José María Morelos y Pavón	Unidad Habitacional Jose Maria Morelos y Pavon	MX	10625	18.8203	-99.2622
3516522	Soto la Marina	Soto la Marina	MX	10620	23.7692	-98.2053
3519255	San Francisco Telixtlahuaca	San Francisco Telixtlahuaca	MX	10618	17.2963	-96.9048
7260997	Camp Pendleton South	Camp Pendleton South	US	10616	33.2284	-117.3793
3597722	Dolores	Dolores	GT	10604	16.5118	-89.4170
3585398	Jucuapa	Jucuapa	SV	10601	13.5167	-88.3833
3517728	Santa Ana Tlacotenco	Santa Ana Tlacotenco	MX	10593	19.1757	-98.9979
8858155	Nueva Palestina	Nueva Palestina	MX	10588	16.8172	-91.2600
3515415	Tlaltizapán	Tlaltizapan	MX	10563	18.6836	-99.1201
3620978	Acoyapa	Acoyapa	NI	10563	11.9703	-85.1711
3483997	El Naranjo	El Naranjo	MX	10562	22.5260	-99.3297
4018128	Arteaga	Arteaga	MX	10537	18.3568	-102.2911
3601780	San Pedro Zacapa	San Pedro Zacapa	HN	10535	14.7565	-88.1137
3985819	San Juanito	San Juanito	MX	10535	27.9721	-107.6011
3526987	Huautla de Jiménez	Huautla de Jimenez	MX	10528	18.1315	-96.8409
3617694	Matiguás	Matiguas	NI	10523	12.8373	-85.4622
3518363	Tlaixpan	Tlaixpan	MX	10513	18.9122	-97.7382
4003211	La Cañada	La Canada	MX	10506	20.6064	-100.3311
3519972	San Agustín Tlaxiaca	San Agustin Tlaxiaca	MX	10496	20.1168	-98.8855
4723422	Rockport	Rockport	US	10490	28.0208	-97.0560
8858156	Las Veredas	Las Veredas	MX	10478	23.1503	-109.7061
5551665	Arizona City	Arizona City	US	10475	32.7559	-111.6710
3983630	Santiago Tangamandapio	Santiago Tangamandapio	MX	10463	19.9558	-102.4353
3979706	Zaragoza	Zaragoza	MX	10461	28.4932	-100.9223
4019790	Acatlán de Juárez	Acatlan de Juarez	MX	10461	20.4224	-103.5910
3985912	San Juan de Abajo	San Juan de Abajo	MX	10442	20.8150	-105.1930
3621224	Tres Ríos	Tres Rios	CR	10430	9.9069	-83.9879
3532856	Jaltenango de la Paz	Jaltenango de la Paz	MX	10427	15.8726	-92.7247
8858157	Profesor Carlos Hank González	Profesor Carlos Hank Gonzalez	MX	10416	19.3722	-98.9389
3530598	Ciudad del Maíz	Ciudad del Maiz	MX	10391	22.4019	-99.6047
4016599	Buenavista Tomatlán	Buenavista Tomatlan	MX	10390	19.2114	-102.5883
3980186	Villa de Reyes	Villa de Reyes	MX	10383	21.8031	-100.9342
4689871	Fairview	Fairview	US	10372	33.1579	-96.6317
3590547	San Agustín Acasaguastlán	San Agustin Acasaguastlan	GT	10335	14.9450	-89.9697
3988648	Rincón de Tamayo	Rincon de Tamayo	MX	10324	20.4235	-100.7555
3818957	Ciudad de Chiautla de Tapia	Ciudad de Chiautla de Tapia	MX	10320	18.3000	-98.6039
4012421	Cuatro Ciénegas de Carranza	Cuatro Cienegas de Carranza	MX	10309	26.9854	-102.0639
3700017	Volcán	Volcan	PA	10286	8.7805	-82.6390
3527149	Hecelchakán	Hecelchakan	MX	10285	20.1766	-90.1343
3995146	Nahuatzen	Nahuatzen	MX	10283	19.6543	-101.9170
3530046	Cuajinicuilapa	Cuajinicuilapa	MX	10282	16.4710	-98.4139
3522525	Nuevo Progreso	Nuevo Progreso	MX	10272	26.0538	-97.9515
4011873	Doctor Arroyo	Doctor Arroyo	MX	10272	23.6722	-100.1823
4010273	El Colomo	El Colomo	MX	10255	19.0602	-104.2573
4012194	Cuitzeo del Porvenir	Cuitzeo del Porvenir	MX	10239	19.9691	-101.1405
8858158	Fraccionamiento la Trinidad	Fraccionamiento la Trinidad	MX	10230	19.8292	-99.0828
8479429	Roma	Roma	US	10223	26.4053	-99.0158
4006337	Felipe Carrillo Puerto	Felipe Carrillo Puerto	MX	10217	19.1611	-102.7069
3520926	Quecholac	Quecholac	MX	10216	18.9547	-97.6586
5319311	Vail	Vail	US	10208	32.0479	-110.7120
3514162	Zacatepec	Zacatepec	MX	10204	19.2663	-97.5328
3515763	Tetela del Volcán	Tetela del Volcan	MX	10199	18.8931	-98.7297
3514595	Xaloztoc	Xaloztoc	MX	10191	19.4078	-98.0460
3522973	Moralillo	Moralillo	MX	10191	22.2259	-97.9125
3987544	San Blas	San Blas	MX	10187	21.5408	-105.2880
3533117	Akil	Akil	MX	10176	20.2654	-89.3473
4673389	Bellmead	Bellmead	US	10164	31.5940	-97.1089
5296106	Gold Camp	Gold Camp	US	10159	33.2937	-111.3043
7261353	Gold Canyon	Gold Canyon	US	10159	33.3715	-111.4369
3592019	Oratorio	Oratorio	GT	10155	14.2281	-90.1758
11839903	Ixhuatlán del Sureste	Ixhuatlan del Sureste	MX	10149	18.0214	-94.3886
3592126	Nueva Santa Rosa	Nueva Santa Rosa	GT	10130	14.3811	-90.2761
3516281	Tanquián de Escobedo	Tanquian de Escobedo	MX	10127	21.6059	-98.6628
8858159	Santa Cruz Amilpas	Santa Cruz Amilpas	MX	10120	17.0583	-96.6833
3815201	San Andrés Ahuashuatepec	San Andres Ahuashuatepec	MX	10114	19.3783	-98.1065
3620168	Diriomo	Diriomo	NI	10113	11.8763	-86.0518
5391831	San Diego Country Estates	San Diego Country Estates	US	10109	33.0067	-116.7836
3516948	Santiago Jamiltepec	Santiago Jamiltepec	MX	10107	16.2814	-97.8228
3522265	Otumba	Otumba	MX	10097	19.6999	-98.7564
3586985	Ciudad Arce	Ciudad Arce	SV	10095	13.8403	-89.4472
3827335	Santiago Tílapa	Santiago Tilapa	MX	10087	19.1895	-99.4209
3994164	Opopeo	Opopeo	MX	10055	19.4122	-101.6068
3605005	Marcala	Marcala	HN	10054	14.1566	-88.0347
3520875	Grajales	Grajales	MX	10054	19.2280	-97.8031
3984690	Santa Ana Pacueco	Santa Ana Pacueco	MX	10052	20.3472	-102.0158
8858160	Paseos de San Juan	Paseos de San Juan	MX	10050	19.7819	-99.0175
3515068	Ciudad Tula	Ciudad Tula	MX	10043	22.9968	-99.7119
3521070	Pueblo Nuevo	Pueblo Nuevo	MX	10043	17.1600	-92.8990
3818786	Guadalupe Victoria	Guadalupe Victoria	MX	10035	19.2911	-97.3429
3993926	Pajacuarán	Pajacuaran	MX	10014	20.1167	-102.5643
3818008	Santiago Yancuitlalpan	Santiago Yancuitlalpan	MX	10013	19.3840	-99.3047
5491487	Silver City	Silver City	US	10004	32.7701	-108.2803
11449731	Nuevo León	Nuevo Leon	GT	10000	15.7937	-91.0924
3519601	San Buenaventura	San Buenaventura	MX	9991	19.2660	-99.6733
3584266	Nueva Concepción	Nueva Concepcion	SV	9990	14.1333	-89.3000
4718107	Pearsall	Pearsall	US	9980	28.8922	-99.0950
3514961	Tzucacab	Tzucacab	MX	9967	20.0721	-89.0501
3515946	Teocelo	Teocelo	MX	9967	19.3856	-96.9737
8858161	Valle Dorado Inn	Valle Dorado Inn	MX	9966	20.5244	-103.3619
3595406	Huitán	Huitan	GT	9958	15.0492	-91.6394
3522317	Oriental	Oriental	MX	9957	19.3761	-97.6205
4018543	Colonia Anáhuac	Colonia Anahuac	MX	9952	28.4840	-106.7454
3532193	Boca del Rio	Boca del Rio	MX	9947	19.1046	-96.1041
3993126	Pedro Escobedo	Pedro Escobedo	MX	9946	20.5023	-100.1447
3598787	Champerico	Champerico	GT	9941	14.2921	-91.9134
3585401	Juayúa	Juayua	SV	9936	13.8414	-89.7456
3582228	Dangriga	Dangriga	BZ	9927	16.9697	-88.2331
3979714	Villa Zaragoza	Villa Zaragoza	MX	9915	22.0372	-100.7309
3980168	Villa Hidalgo	Villa Hidalgo	MX	9908	21.7412	-105.2315
3761194	Miraflores	Miraflores	MX	9904	19.2221	-98.8074
4005856	General Zuazua	General Zuazua	MX	9898	25.8960	-100.1078
3526488	Jiquipilas	Jiquipilas	MX	9894	16.6681	-93.6467
3518439	San Marcos Tlacoyalco	San Marcos Tlacoyalco	MX	9881	18.6739	-97.6035
3983895	Santa Rosa	Santa Rosa	MX	9880	25.8230	-100.2203
8858162	Buenos Aires	Buenos Aires	MX	9868	18.0244	-102.2858
3519250	San Francisco Tetlanohcan	San Francisco Tetlanohcan	MX	9858	19.2602	-98.1637
3622074	Río Segundo	Rio Segundo	CR	9853	10.2398	-84.3171
4012344	Cuencamé de Ceniceros	Cuencame de Ceniceros	MX	9848	24.8712	-103.6973
3589780	San Martín Jilotepeque	San Martin Jilotepeque	GT	9846	14.7801	-90.7926
3602277	San Francisco del Valle	San Francisco del Valle	HN	9839	14.4354	-88.9561
3531007	Chiautla	Chiautla	MX	9839	19.5490	-98.8824
3607644	La Labor	La Labor	HN	9838	14.4863	-89.0027
3531221	Chahuite	Chahuite	MX	9837	16.3000	-94.1833
3516072	Tekit	Tekit	MX	9834	20.5360	-89.3340
3815359	Tetlanohcán	Tetlanohcan	MX	9832	19.2603	-98.1643
4719720	Pleasanton	Pleasanton	US	9829	28.9672	-98.4786
3582305	Corozal	Corozal	BZ	9815	18.3938	-88.3885
8858163	General Ángel Flores (La Palma)	General Angel Flores (La Palma)	MX	9812	24.8192	-107.6567
11778440	Candelaria	Candelaria	MX	9812	18.1869	-91.0401
3521607	Petaquillas	Petaquillas	MX	9801	17.4859	-99.4561
3529983	Santiago Cuautlalpan	Santiago Cuautlalpan	MX	9786	19.6842	-99.2887
3986870	San Ignacio Cerro Gordo	San Ignacio Cerro Gordo	MX	9774	20.7432	-102.5366
8858164	Brisas de Zicatela	Brisas de Zicatela	MX	9771	15.8369	-97.0419
4723763	Roma-Los Saenz	Roma-Los Saenz	US	9765	26.4051	-99.0159
3529510	Heroica Ciudad de Ejutla de Crespo	Heroica Ciudad de Ejutla de Crespo	MX	9748	16.5652	-96.7318
3602284	San Francisco de Coray	San Francisco de Coray	HN	9742	13.6614	-87.5328
3514682	Ciudad Cuauhtémoc	Ciudad Cuauhtemoc	MX	9740	22.1844	-97.8347
5517675	Brownfield	Brownfield	US	9736	33.1812	-102.2743
3690010	Amalfi	Amalfi	CO	9733	6.9102	-75.0776
3675305	Margarita	Margarita	CO	9720	9.1560	-74.2662
3515363	Tlatlauquitepec	Tlatlauquitepec	MX	9720	19.8477	-97.4972
3705779	Llano Bonito	Llano Bonito	PA	9716	7.9740	-80.4209
4006388	Etchojoa	Etchojoa	MX	9710	26.9107	-109.6255
3601993	San Juan de Opoa	San Juan de Opoa	HN	9709	14.7790	-88.6964
4700033	Ingleside	Ingleside	US	9695	27.8778	-97.2117
3518377	Mexicaltzingo	Mexicaltzingo	MX	9693	19.2113	-99.5847
3624171	Colón	Colon	CR	9687	9.9149	-84.2417
3524580	Las Vigas de Ramírez	Las Vigas de Ramirez	MX	9684	19.6372	-97.0982
5312476	Safford	Safford	US	9683	32.8340	-109.7076
3589637	San Pedro La Laguna	San Pedro La Laguna	GT	9681	14.6930	-91.2720
3523416	Mazatecochco	Mazatecochco	MX	9671	19.1787	-98.1868
3802710	Parrilla	Parrilla	MX	9664	17.9130	-92.9175
3530492	Cocoyoc	Cocoyoc	MX	9663	18.8842	-98.9819
3608635	Jocón	Jocon	HN	9659	15.2833	-86.9667
3515710	Texistepec	Texistepec	MX	9655	17.8948	-94.8171
3519396	San Fernando	San Fernando	MX	9651	16.8713	-93.2070
3600591	Trujillo	Trujillo	HN	9646	15.9174	-85.9526
11371777	Tequisistlán Primero	Tequisistlan Primero	MX	9640	19.6000	-98.9569
3824080	Zaragoza	Zaragoza	MX	9639	17.9578	-94.6423
3792377	Vegachí	Vegachi	CO	9618	6.7614	-74.7947
3591629	Parramos	Parramos	GT	9613	14.6089	-90.8030
3985878	San Juan de la Vega	San Juan de la Vega	MX	9597	20.6242	-100.7609
3520877	Rafael Delgado	Rafael Delgado	MX	9594	18.8101	-97.0717
3483063	Xicoténcatl	Xicotencatl	MX	9593	22.9980	-98.9406
3527768	Escuintla	Escuintla	MX	9570	15.3194	-92.6583
4015392	Carmen	Carmen	MX	9568	25.9366	-100.3636
3665616	Zambrano	Zambrano	CO	9565	9.7474	-74.8157
3516945	Santiago Juxtlahuaca	Santiago Juxtlahuaca	MX	9565	17.3346	-98.0115
3517649	Santa Catarina Yecahuizotl	Santa Catarina Yecahuizotl	MX	9563	19.3120	-98.9646
5308778	Picture Rocks	Picture Rocks	US	9563	32.3459	-111.2462
3520989	Puerto Madero	Puerto Madero	MX	9557	14.7208	-92.4215
4004850	Higuera de Zaragoza	Higuera de Zaragoza	MX	9555	25.9686	-109.3022
3526858	Huixquilucan de Degollado	Huixquilucan de Degollado	MX	9554	19.3603	-99.3498
3982542	Tanhuato de Guerrero	Tanhuato de Guerrero	MX	9546	20.2849	-102.3281
3994104	San José de Gracia	San Jose de Gracia	MX	9537	19.9896	-103.0215
3589507	Santa Ana	Santa Ana	GT	9523	16.8058	-89.8271
3981469	Tlahualilo de Zaragoza	Tlahualilo de Zaragoza	MX	9517	26.1074	-103.4426
5528182	Pecos	Pecos	US	9517	31.4229	-103.4932
3827262	San Felipe Tlalmimilolpan	San Felipe Tlalmimilolpan	MX	9512	19.2393	-99.6422
3514675	Villa Guerrero	Villa Guerrero	MX	9509	18.9621	-99.6406
3533037	Almoloya del Río	Almoloya del Rio	MX	9507	19.1605	-99.4874
8581466	Unión Chocó	Union Choco	PA	9497	8.0840	-77.5351
3583196	Santiago Nonualco	Santiago Nonualco	SV	9490	13.5167	-88.9500
3585856	El Tránsito	El Transito	SV	9485	13.3500	-88.3500
3587317	Atiquizaya	Atiquizaya	SV	9476	13.9769	-89.7525
8858166	Jorge Jiménez Cantú	Jorge Jimenez Cantu	MX	9475	19.3097	-98.8467
4013130	Comala	Comala	MX	9442	19.3237	-103.7609
5524849	Lamesa	Lamesa	US	9427	32.7376	-101.9510
3527164	Halachó	Halacho	MX	9412	20.4787	-90.0817
4001956	La Huacana	La Huacana	MX	9395	18.9622	-101.8079
4694459	Granbury	Granbury	US	9386	32.4421	-97.7942
3530494	Cocotitlán	Cocotitlan	MX	9365	19.2334	-98.8660
7262440	Valencia West	Valencia West	US	9355	32.1324	-111.1141
4018904	Álamos	Alamos	MX	9345	27.0299	-108.9392
3981462	Tlapehuala	Tlapehuala	MX	9331	18.2404	-100.5392
4014109	Choix	Choix	MX	9306	26.7090	-108.3255
5455381	Anthony	Anthony	US	9293	32.0040	-106.6058
5405430	Valley Center	Valley Center	US	9277	33.2184	-117.0342
3615266	Alauca	Alauca	HN	9273	13.8500	-86.6833
3514044	Villa Zempoala	Villa Zempoala	MX	9249	19.4442	-96.4077
3587578	Zacualpa	Zacualpa	GT	9241	15.0268	-90.8782
3522836	Naolinco de Victoria	Naolinco de Victoria	MX	9233	19.6547	-96.8732
3523756	Magdalena Cuayucatepec	Magdalena Cuayucatepec	MX	9227	18.5497	-97.4847
3614872	Baracoa	Baracoa	HN	9202	15.7758	-87.8525
3816251	Altamirano	Altamirano	MX	9200	16.7337	-92.0388
3982217	Tecolotlán	Tecolotlan	MX	9189	20.2014	-104.0483
3600233	Yarula	Yarula	HN	9185	14.1167	-88.0833
3517293	Santa María Ajoloapan	Santa Maria Ajoloapan	MX	9185	19.9769	-99.0447
3590323	San Cristóbal Cucho	San Cristobal Cucho	GT	9152	14.9050	-91.7812
4017144	Bermejillo	Bermejillo	MX	9149	25.8885	-103.6214
3602318	San Francisco	San Francisco	HN	9146	14.1167	-88.3667
3601282	Sinuapa	Sinuapa	HN	9145	14.4430	-89.1859
3583851	San Antonio del Monte	San Antonio del Monte	SV	9135	13.7164	-89.7383
3516168	Tekoh	Tekoh	MX	9134	20.7436	-89.4741
4003810	Juanacatlán	Juanacatlan	MX	9133	20.5087	-103.1676
3585438	Jiquilisco	Jiquilisco	SV	9129	13.3167	-88.5833
3532909	Amatlán de los Reyes	Amatlan de los Reyes	MX	9123	18.8466	-96.9159
3980843	Tuxpan	Tuxpan	MX	9122	19.5679	-100.4641
4698562	Hondo	Hondo	US	9119	29.3475	-99.1414
3519622	Amaxac de Guerrero	Amaxac de Guerrero	MX	9114	19.3466	-98.1706
4727785	Selma	Selma	US	9108	29.5844	-98.3059
3526606	Ex-hacienda de Xalpa	Ex-hacienda de Xalpa	MX	9105	19.8215	-99.1827
3991170	Queréndaro	Querendaro	MX	9105	19.8101	-100.8851
3992996	La Peñita de Jaltemba	La Penita de Jaltemba	MX	9102	21.0383	-105.2502
3588984	Sayaxché	Sayaxche	GT	9100	16.5245	-90.1880
4029456	Santa María Magdalena	Santa Maria Magdalena	MX	9099	20.5979	-100.4474
3530523	Coatetelco	Coatetelco	MX	9094	18.7296	-99.3262
3669480	San Juan de Betulia	San Juan de Betulia	CO	9092	9.2735	-75.2410
3814144	Cardonal	Cardonal	MX	9090	20.0606	-99.2319
3521334	Playa Vicente	Playa Vicente	MX	9083	17.8311	-95.8119
8858167	Galaxia Bonito Jalisco	Galaxia Bonito Jalisco	MX	9082	20.5050	-103.2047
3671655	Pueblo Nuevo	Pueblo Nuevo	CO	9075	8.2411	-74.9582
3520356	La Resurrección	La Resurreccion	MX	9065	19.1028	-98.1301
3526923	Huichapan	Huichapan	MX	9051	20.3763	-99.6491
3818673	Ciudad de Tlatlauquitepec	Ciudad de Tlatlauquitepec	MX	9047	19.8528	-97.4953
8858168	Antúnez (Morelos)	Antunez (Morelos)	MX	9044	19.0128	-102.2039
3524527	La Trinitaria	La Trinitaria	MX	9042	16.1189	-92.0519
4688756	Elgin	Elgin	US	9039	30.3497	-97.3703
3980798	Unión de Tula	Union de Tula	MX	9035	19.9565	-104.2681
3999735	Las Juntas	Las Juntas	MX	9035	20.7003	-105.2433
3981391	Tomatlán	Tomatlan	MX	9026	19.9366	-105.2501
8858169	La Alameda	La Alameda	MX	9013	20.4953	-103.2483
3588603	Tactic	Tactic	GT	8999	15.3222	-90.3545
3519207	San Hipólito	San Hipolito	MX	8999	18.9407	-97.8732
8858170	El Niño	El Nino	MX	8999	32.5075	-116.7919
5530058	San Elizario	San Elizario	US	8999	31.5851	-106.2728
3530839	China	China	MX	8997	25.6998	-99.2346
3801642	Santa María Jalapa del Marqués	Santa Maria Jalapa del Marques	MX	8996	16.4399	-95.4437
3590567	Samayac	Samayac	GT	8994	14.5808	-91.4613
3531794	Calixtlahuaca	Calixtlahuaca	MX	8993	19.3365	-99.6892
4004294	Ixtapa	Ixtapa	MX	8992	17.6678	-101.6416
8858171	Fraccionamiento Lomas de Ahuatlán	Fraccionamiento Lomas de Ahuatlan	MX	8990	18.9544	-99.2572
3613283	Concepción del Norte	Concepcion del Norte	HN	8989	15.1667	-88.1333
3988163	Salinas Victoria	Salinas Victoria	MX	8979	25.9642	-100.2917
3712384	Chitré	Chitre	PA	8969	7.9601	-80.4288
3670018	San Bernardo del Viento	San Bernardo del Viento	CO	8967	9.3533	-75.9524
5520953	Eidson Road	Eidson Road	US	8960	28.6772	-100.4870
3518361	San Mateo Xoloc	San Mateo Xoloc	MX	8958	19.7065	-99.2482
3530852	San Francisco Chimalpa	San Francisco Chimalpa	MX	8953	19.4428	-99.3440
3532565	Atzacan	Atzacan	MX	8947	18.9072	-97.0831
3827358	San Pedro Cholula	San Pedro Cholula	MX	8941	19.2644	-99.4864
3706208	Las Tablas	Las Tablas	PA	8939	7.7665	-80.2780
3595757	Estanzuela	Estanzuela	GT	8937	14.9978	-89.5729
4001792	La Junta	La Junta	MX	8930	28.4792	-107.3297
3598005	Concepción Huista	Concepcion Huista	GT	8925	15.6238	-91.6652
8858172	Lomas de Barrillas	Lomas de Barrillas	MX	8915	18.1481	-94.5264
3515476	Tlacotepec	Tlacotepec	MX	8908	18.6819	-97.6560
3586550	El Congo	El Congo	SV	8905	13.9089	-89.4958
3792379	Santa Rosa del Sur	Santa Rosa del Sur	CO	8904	7.9644	-74.0544
3621683	San Rafael	San Rafael	CR	8887	10.0182	-84.0947
3515442	Tlalixtac de Cabrera	Tlalixtac de Cabrera	MX	8881	17.0707	-96.6466
3514589	Xaltepec	Xaltepec	MX	8865	18.8816	-97.6082
4694420	Graham	Graham	US	8865	33.1071	-98.5895
3982382	Tarecuato	Tarecuato	MX	8863	19.8437	-102.4652
3595929	El Tumbador	El Tumbador	GT	8856	14.8637	-91.9342
4010155	San Antonio del Coyote	San Antonio del Coyote	MX	8856	25.6968	-103.2844
3817676	Coatepec	Coatepec	MX	8841	19.3849	-98.8455
3982589	Talpa de Allende	Talpa de Allende	MX	8839	20.3808	-104.8221
3970634	Vicam	Vicam	MX	8837	27.6431	-110.2946
4007503	El Sauzal de Rodríguez	El Sauzal de Rodriguez	MX	8832	31.8949	-116.6932
3516344	Tamulté de las Sabanas	Tamulte de las Sabanas	MX	8824	18.1605	-92.7837
3601888	San Marcos de Colón	San Marcos de Colon	HN	8821	13.4333	-86.8000
3802196	La Venta	La Venta	MX	8821	18.0980	-94.0452
3682633	Entrerríos	Entrerrios	CO	8820	6.5654	-75.5169
4018648	Álvaro Obregón	Alvaro Obregon	MX	8807	19.8250	-101.0394
3996472	Mascota	Mascota	MX	8801	20.5254	-104.7852
4019152	Aguililla	Aguililla	MX	8801	18.7370	-102.7885
3530756	San Pedro Chochula	San Pedro Chochula	MX	8798	19.2636	-99.4859
3609112	Güinope	Gueinope	HN	8794	13.8833	-86.9333
3589072	Santo Domingo Xenacoj	Santo Domingo Xenacoj	GT	8791	14.6806	-90.7001
3518128	San Pablo Huixtepec	San Pablo Huixtepec	MX	8786	16.8215	-96.7815
3604384	Nueva Ocotepeque	Nueva Ocotepeque	HN	8780	14.4338	-89.1828
3761111	Villa Avila Camacho	Villa Avila Camacho	MX	8780	20.3859	-97.8799
3514680	Villa del Carbón	Villa del Carbon	MX	8778	19.7288	-99.4636
4743105	Woodway	Woodway	US	8777	31.5060	-97.2050
3616092	Telica	Telica	NI	8776	12.5220	-86.8594
3976161	Adolfo López Mateos	Adolfo Lopez Mateos	MX	8770	28.4667	-107.3000
3815455	San Isidro Buen Suceso	San Isidro Buen Suceso	MX	8769	19.1549	-98.1049
3521482	Piedras Negras	Piedras Negras	MX	8767	18.7694	-96.1732
3984629	Santa Bárbara	Santa Barbara	MX	8765	26.8026	-105.8196
3603649	Pimienta Vieja	Pimienta Vieja	HN	8761	15.2333	-87.9667
3827253	Santiaguito Tlalcilalcalli	Santiaguito Tlalcilalcalli	MX	8761	19.3403	-99.7272
3702384	Puerto Pilón	Puerto Pilon	PA	8754	9.3632	-79.7933
3714896	Almirante	Almirante	PA	8744	9.3009	-82.4018
4011574	Ciudad Insurgentes	Ciudad Insurgentes	MX	8741	25.2634	-111.7744
4015514	Capulín	Capulin	MX	8724	20.4780	-103.2695
3527876	Emiliano Zapata	Emiliano Zapata	MX	8722	19.6545	-98.5438
3516685	Seybaplaya	Seybaplaya	MX	8711	19.6397	-90.6864
3515751	Tetepango	Tetepango	MX	8705	20.1033	-99.1560
3975096	Lázaro Cárdenas	Lazaro Cardenas	MX	8704	28.3903	-105.6240
8858173	Marte R. Gómez (Tobarito)	Marte R. Gomez (Tobarito)	MX	8700	27.3678	-109.8858
3827257	El Cerrillo Vista Hermosa	El Cerrillo Vista Hermosa	MX	8699	19.3234	-99.5425
4026954	San José Ixtapa (Barrio Viejo)	San Jose Ixtapa (Barrio Viejo)	MX	8698	17.7022	-101.6194
3521283	Pomuch	Pomuch	MX	8694	20.1375	-90.1744
3616708	San Lorenzo	San Lorenzo	NI	8694	12.3783	-85.6665
3589569	San Raimundo	San Raimundo	GT	8689	14.7646	-90.5949
4023831	Urireo	Urireo	MX	8679	20.2140	-100.8425
3700038	Vista Alegre	Vista Alegre	PA	8673	8.9292	-79.6996
8858174	Fraccionamiento Misión del Valle	Fraccionamiento Mision del Valle	MX	8663	19.7656	-101.1217
3516956	Santiago de la Peña	Santiago de la Pena	MX	8657	20.9446	-97.4071
5521746	Fort Stockton	Fort Stockton	US	8649	30.8940	-102.8793
3594422	La Libertad	La Libertad	GT	8646	16.7885	-90.1170
3587037	Chinameca	Chinameca	SV	8646	13.5000	-88.3500
3979216	Camalú	Camalu	MX	8621	30.8436	-116.0623
8858175	Colonia Santa Bárbara	Colonia Santa Barbara	MX	8617	19.5019	-96.8782
3982668	Tacoaleche	Tacoaleche	MX	8612	22.8201	-102.4034
4000524	Quesería	Queseria	MX	8611	19.3861	-103.5739
4012408	Cuauhtémoc	Cuauhtemoc	MX	8602	19.3289	-103.6020
8858176	Bosque de Saloya	Bosque de Saloya	MX	8600	18.0161	-92.9581
4018430	Antúnez	Antunez	MX	8591	19.0159	-102.2058
4697038	Helotes	Helotes	US	8591	29.5780	-98.6898
7261282	Fort Bliss	Fort Bliss	US	8591	31.8136	-106.4122
3517217	Santa María Rayón	Santa Maria Rayon	MX	8590	19.1481	-99.5797
3581143	Santa Elena	Santa Elena	BZ	8587	17.1614	-89.0546
3996585	Jesús Gómez Portugal	Jesus Gomez Portugal	MX	8579	21.9988	-102.2909
5371965	Mecca	Mecca	US	8577	33.5722	-116.0782
3980207	Miguel Ahumada	Miguel Ahumada	MX	8575	30.6186	-106.5122
8599025	San Luis	San Luis	MX	8571	32.4317	-116.9536
8858177	San Lucas el Grande	San Lucas el Grande	MX	8546	19.3058	-98.4783
3520281	Colonia Rincón Viejo	Colonia Rincon Viejo	MX	8540	16.8868	-95.0473
4017354	Bacobampo	Bacobampo	MX	8539	26.9824	-109.6535
4671141	Aransas Pass	Aransas Pass	US	8530	27.9095	-97.1500
3526499	Jilotzingo	Jilotzingo	MX	8523	19.8689	-99.0619
3530056	Cuacnopalan	Cuacnopalan	MX	8516	18.8176	-97.5112
3609233	Guarita	Guarita	HN	8509	14.1833	-88.8167
8858178	San Andrés Azumiatla	San Andres Azumiatla	MX	8509	18.9042	-98.2528
3715042	Aguadulce	Aguadulce	PA	8501	8.2415	-80.5398
3515459	Tlahuelilpan	Tlahuelilpan	MX	8498	20.1308	-99.2303
3586983	Ciudad Barrios	Ciudad Barrios	SV	8491	13.7667	-88.2667
3670107	San Antonio	San Antonio	CO	8476	9.9330	-74.6935
3533428	Acayuca	Acayuca	MX	8470	20.0279	-98.8412
3598692	Chiantla	Chiantla	GT	8465	15.3548	-91.4581
4018255	Ario de Rayón	Ario de Rayon	MX	8464	20.0263	-102.3470
3528894	El Higo	El Higo	MX	8459	21.7671	-98.4519
3817591	San Gaspar Tlahuelilpan	San Gaspar Tlahuelilpan	MX	8456	19.2429	-99.5457
4018127	Arteaga	Arteaga	MX	8446	25.4453	-100.8467
8858179	Rancho Alegre [Fraccionamiento]	Rancho Alegre [Fraccionamiento]	MX	8441	20.4736	-103.2578
3690549	Achí	Achi	CO	8434	8.5695	-74.5571
3522186	Pajapan	Pajapan	MX	8434	18.2627	-94.6917
3589727	San Miguel Dueñas	San Miguel Duenas	GT	8424	14.5224	-90.7994
3823979	Mundo Nuevo	Mundo Nuevo	MX	8420	18.0876	-94.3888
3827274	San Juan Tilapa	San Juan Tilapa	MX	8420	19.2202	-99.6601
3530110	Coyutla	Coyutla	MX	8413	20.2472	-97.6582
3517095	Santa Rita Tlahuapan	Santa Rita Tlahuapan	MX	8412	19.3321	-98.5769
3597772	Cunén	Cunen	GT	8400	15.3363	-91.0278
3979923	Yerbabuena	Yerbabuena	MX	8399	20.9632	-101.2745
3530033	Cuapiaxtla	Cuapiaxtla	MX	8398	19.2959	-97.7688
3518014	San Pedro Buenavista	San Pedro Buenavista	MX	8390	16.0833	-93.1167
3595181	Jocotán	Jocotan	GT	8387	14.8207	-89.3899
3514179	Zacapoaxtla	Zacapoaxtla	MX	8384	19.8727	-97.5890
3689693	Arboletes	Arboletes	CO	8380	8.8505	-76.4269
3522777	Necaxa	Necaxa	MX	8375	20.2127	-98.0119
8858180	Ex-Rancho San Dimas	Ex-Rancho San Dimas	MX	8371	19.1739	-99.5653
3516683	Seyé	Seye	MX	8369	20.8376	-89.3722
8858181	Jacarandas	Jacarandas	MX	8351	19.4956	-96.8528
8858182	El Pino	El Pino	MX	8332	19.3514	-98.9483
3533020	Alpuyeca	Alpuyeca	MX	8330	18.7415	-99.2600
3976324	Concordia	Concordia	MX	8328	23.2869	-106.0639
4697867	Hillsboro	Hillsboro	US	8321	32.0110	-97.1300
3530168	Cosolapa	Cosolapa	MX	8320	18.6007	-96.6836
3515870	Tepetitla	Tepetitla	MX	8316	19.2653	-98.3765
3985008	San Pedro Piedra Gorda	San Pedro Piedra Gorda	MX	8297	22.4500	-102.3456
3621524	Santiago	Santiago	CR	8292	9.8464	-84.3143
3827380	San Pedro Atocpan	San Pedro Atocpan	MX	8283	19.2016	-99.0496
3524388	Lerma	Lerma	MX	8281	19.8040	-90.6009
3518491	San Luis Acatlán	San Luis Acatlan	MX	8276	16.8088	-98.7338
5521233	Fabens	Fabens	US	8257	31.5023	-106.1586
3518602	San Juan Xiutetelco	San Juan Xiutetelco	MX	8251	19.7956	-97.3258
4004004	Jesús María	Jesus Maria	MX	8249	20.6074	-102.2197
3526613	Jalapilla	Jalapilla	MX	8245	18.8255	-97.0888
3681997	Gómez Plata	Gomez Plata	CO	8235	6.6818	-75.2191
3515806	San Juan Tepulco	San Juan Tepulco	MX	8232	19.1171	-97.9885
4672576	Bastrop	Bastrop	US	8231	30.1105	-97.3153
3827264	San Miguel Totocuitlapilco	San Miguel Totocuitlapilco	MX	8207	19.2289	-99.5942
3686227	Cisneros	Cisneros	CO	8204	6.5383	-75.0886
9092178	Nuevo Necaxa	Nuevo Necaxa	MX	8203	20.2105	-98.0066
3802144	Vicente Guerrero	Vicente Guerrero	MX	8188	18.3893	-92.8955
8858183	Unión y Progreso	Union y Progreso	MX	8181	18.8728	-97.1192
8858184	Misión San Pablo	Mision San Pablo	MX	8174	25.7400	-100.1442
3520319	Rinconada	Rinconada	MX	8173	19.3565	-96.5680
3518117	San Pablo Villa de Mitla	San Pablo Villa de Mitla	MX	8167	16.9217	-96.3629
3591885	Pajapita	Pajapita	GT	8164	14.7215	-92.0352
4013377	Colonia Emiliano Zapata	Colonia Emiliano Zapata	MX	8161	28.3713	-105.6117
3530248	Copoya	Copoya	MX	8160	16.7119	-93.1209
3516234	Tatahuicapan	Tatahuicapan	MX	8159	18.2462	-94.7612
3532576	Atotonilco de Tula	Atotonilco de Tula	MX	8154	20.0073	-99.2201
3592322	Moyuta	Moyuta	GT	8145	14.0386	-90.0808
3526458	Jonacatepec de Leandro Valle	Jonacatepec de Leandro Valle	MX	8123	18.6807	-98.8036
3801262	Isla Soyaltepec	Isla Soyaltepec	MX	8116	18.2011	-96.4832
3592108	Nuevo Progreso	Nuevo Progreso	GT	8113	14.7917	-91.9195
4001188	La Negreta	La Negreta	MX	8100	20.5274	-100.4511
4722668	Richland Hills	Richland Hills	US	8098	32.8160	-97.2281
3613612	Chinacla	Chinacla	HN	8096	14.1667	-88.0000
3590114	San Jerónimo	San Jeronimo	GT	8093	15.0603	-90.2405
3985504	San Martín Hidalgo	San Martin Hidalgo	MX	8092	20.4354	-103.9288
3604376	Nuevo Celilac	Nuevo Celilac	HN	8086	14.9833	-88.3333
8858185	Tenextepango	Tenextepango	MX	8083	18.7289	-98.9578
3597993	Concepción Chiquirichapa	Concepcion Chiquirichapa	GT	8080	14.8551	-91.6236
3516439	Tacotalpa	Tacotalpa	MX	8071	17.5964	-92.8260
3979497	Doctor Alberto Oviedo Mota	Doctor Alberto Oviedo Mota	MX	8064	32.2276	-115.1679
3817592	Santa Cruz Atizapán	Santa Cruz Atizapan	MX	8062	19.1769	-99.4885
3824523	Totolapa	Totolapa	MX	8060	20.5559	-97.4764
3523686	Malinalco	Malinalco	MX	8045	18.9485	-99.4962
3621630	Santa Ana	Santa Ana	CR	8029	9.9326	-84.1826
8858186	Ejido San Lorenzo Cuauhtenco	Ejido San Lorenzo Cuauhtenco	MX	8024	19.3014	-99.7503
3518835	Miahuatlán	Miahuatlan	MX	8016	18.2916	-97.2879
3620266	South End	South End	NI	8011	12.1700	-83.0410
3516881	Santo Domingo de Guzmán	Santo Domingo de Guzman	MX	8008	19.5931	-99.7797
8858187	Santa Catarina Ayometla	Santa Catarina Ayometla	MX	7992	19.1983	-98.2136
3515343	Tlayacapan	Tlayacapan	MX	7989	18.9556	-98.9811
3816623	Revolución Mexicana	Revolucion Mexicana	MX	7989	16.1716	-93.0767
3827537	San Miguel Vindho	San Miguel Vindho	MX	7988	19.9900	-99.3261
3530602	Ciudad Camargo	Ciudad Camargo	MX	7984	26.3148	-98.8331
3827565	San Bartolo	San Bartolo	MX	7951	19.8329	-99.1927
3532603	Atlatlahucan	Atlatlahucan	MX	7941	18.9360	-98.8970
3676591	Liborina	Liborina	CO	7928	6.6779	-75.8122
4018699	Altar	Altar	MX	7927	30.7163	-111.8380
3609586	Gracias	Gracias	HN	7909	14.5907	-88.5861
4704482	Lake Dallas	Lake Dallas	US	7892	33.1193	-97.0256
4001947	La Huerta	La Huerta	MX	7891	19.4844	-104.6424
3985665	San Luis	San Luis	MX	7872	28.4333	-113.7500
3620661	Bocana de Paiwas	Bocana de Paiwas	NI	7872	12.7857	-85.1227
3996336	Mazamitla	Mazamitla	MX	7865	19.9160	-103.0199
4013024	Concordia	Concordia	MX	7858	25.7803	-103.1159
3602094	San José de Comayagua	San Jose de Comayagua	HN	7856	14.7333	-88.0333
3713065	Canto del Llano	Canto del Llano	PA	7854	8.1231	-80.9642
3827600	Santo Tomás Chiconautla	Santo Tomas Chiconautla	MX	7844	19.6389	-99.0075
3977811	Minas de Barroterán	Minas de Barroteran	MX	7842	27.6524	-101.2836
7701408	Las Praderas	Las Praderas	NI	7836	13.3480	-85.9440
3527748	Esperanza	Esperanza	MX	7833	18.8585	-97.3764
3589408	Santa Cruz Balanyá	Santa Cruz Balanya	GT	7825	14.6852	-90.9191
3802417	Medellín y Madero Segunda Sección	Medellin y Madero Segunda Seccion	MX	7825	18.1135	-92.8540
3527737	El Espinal	El Espinal	MX	7823	16.4857	-95.0401
3590475	San Antonio Aguas Calientes	San Antonio Aguas Calientes	GT	7811	14.5468	-90.7805
3622193	Quepos	Quepos	CR	7810	9.4306	-84.1623
3615813	Villa Sandino	Villa Sandino	NI	7799	12.0483	-84.9936
3586926	Concepción de Ataco	Concepcion de Ataco	SV	7797	13.8703	-89.8486
3616726	San Juan del Sur	San Juan del Sur	NI	7790	11.2529	-85.8705
3590449	San Antonio La Paz	San Antonio La Paz	GT	7781	14.7589	-90.2849
4000432	La Ribera	La Ribera	MX	7780	20.3478	-102.2795
3981517	Tingambato	Tingambato	MX	7771	19.5016	-101.8533
3527179	Hacienda Blanca	Hacienda Blanca	MX	7758	17.1399	-96.7759
3526966	Huehuetán	Huehuetan	MX	7755	15.0193	-92.3831
4013593	Cócorit	Cocorit	MX	7752	27.5765	-109.9592
4013716	Ciudad Guerrero	Ciudad Guerrero	MX	7751	28.5493	-107.4840
4004026	Jerécuaro	Jerecuaro	MX	7748	20.1511	-100.5105
4726957	Sanger	Sanger	US	7747	33.3632	-97.1739
3516973	Santiago Alseseca	Santiago Alseseca	MX	7744	18.8451	-97.7072
5488598	Ruidoso	Ruidoso	US	7739	33.3317	-105.6730
3617470	Niquinohomo	Niquinohomo	NI	7732	11.9052	-86.0945
3621817	San Juan	San Juan	CR	7729	10.1025	-84.3169
4722925	River Oaks	River Oaks	US	7724	32.7771	-97.3945
4018347	Arandas	Arandas	MX	7722	20.7246	-101.3732
3970558	San Ignacio Río Muerto	San Ignacio Rio Muerto	MX	7718	27.4161	-110.2447
4702986	Kennedale	Kennedale	US	7715	32.6468	-97.2258
3533067	Axtla de Terrazas	Axtla de Terrazas	MX	7714	21.4392	-98.8751
3618336	Larreynaga	Larreynaga	NI	7703	12.6761	-86.5712
3598968	Casillas	Casillas	GT	7698	14.4192	-90.2433
4018584	Amealco de Bonfil	Amealco de Bonfil	MX	7698	20.1866	-100.1444
8858189	Cuichapa	Cuichapa	MX	7697	17.9389	-94.2800
8858190	La Selva	La Selva	MX	7690	18.0233	-92.9631
5526514	Monahans	Monahans	US	7690	31.5943	-102.8927
4705176	Lampasas	Lampasas	US	7687	31.0638	-98.1817
4014296	Chilchota	Chilchota	MX	7673	19.8474	-102.1179
3617146	Puerto Morazán	Puerto Morazan	NI	7671	12.8508	-87.1720
3700888	Soná	Sona	PA	7669	8.0088	-81.3173
3980622	Valle de Banderas	Valle de Banderas	MX	7666	20.8066	-105.2476
3686288	Cicuco	Cicuco	CO	7662	9.2776	-74.6431
3581851	Ladyville	Ladyville	BZ	7655	17.5543	-88.2900
3514843	Vega de Alatorre	Vega de Alatorre	MX	7653	20.0282	-96.6475
8858191	Los Olivos	Los Olivos	MX	7647	20.4392	-103.2378
3525950	La Concordia	La Concordia	MX	7641	16.1180	-92.6909
3517254	Santa María del Tule	Santa Maria del Tule	MX	7636	17.0468	-96.6363
3980799	Unión de San Antonio	Union de San Antonio	MX	7620	21.1271	-102.0062
3528975	El Espinal	El Espinal	MX	7616	16.3686	-94.1045
3514576	Santa María Xadani	Santa Maria Xadani	MX	7613	16.3617	-95.0185
3518183	Coatepec	Coatepec	MX	7604	19.1374	-99.4295
3980198	Villa Corona	Villa Corona	MX	7603	20.4156	-103.6642
3516975	Santiago Acatlán	Santiago Acatlan	MX	7601	18.9933	-97.9338
3515479	Tlacotalpan	Tlacotalpan	MX	7600	18.6133	-95.6589
3801145	Teotitlán de Flores Magón	Teotitlan de Flores Magon	MX	7598	18.1307	-97.0695
4014743	Cerro de Ortega	Cerro de Ortega	MX	7598	18.7502	-103.7190
3979494	Ciudad Coahuila	Ciudad Coahuila	MX	7596	32.1935	-114.9996
3615509	Agua Blanca Sur	Agua Blanca Sur	HN	7592	15.2500	-87.8833
4708989	Manor	Manor	US	7587	30.3408	-97.5570
3526473	Jocotitlán	Jocotitlan	MX	7575	19.7099	-99.7887
4018251	Villa de Arista	Villa de Arista	MX	7575	22.6425	-100.8481
3515496	Tlachichuca	Tlachichuca	MX	7574	19.1149	-97.4192
11478437	El Naranjito	El Naranjito	MX	7574	18.0016	-94.6079
3604213	Opatoro	Opatoro	HN	7572	14.0833	-87.9000
3985168	San Patricio	San Patricio	MX	7569	19.2253	-104.7045
5288784	Catalina	Catalina	US	7569	32.5056	-110.9211
3590804	Río Bravo	Rio Bravo	GT	7568	14.4004	-91.3171
3827030	San Lorenzo Tlacotepec	San Lorenzo Tlacotepec	MX	7566	19.8125	-99.9122
3519227	San Gaspar Tonatico	San Gaspar Tonatico	MX	7565	18.8067	-99.6692
3589706	San Miguel Sigüilá	San Miguel Siguila	GT	7551	14.8955	-91.6146
3529980	Cuautlapán	Cuautlapan	MX	7549	18.8775	-97.0229
3530836	Chinameca	Chinameca	MX	7547	18.0220	-94.6795
8858192	Villa Luvianos	Villa Luvianos	MX	7546	18.9200	-100.2983
4693940	Gonzales	Gonzales	US	7544	29.5016	-97.4525
3516017	Tenabo	Tenabo	MX	7543	20.0398	-90.2257
3592635	Mataquescuintla	Mataquescuintla	GT	7539	14.5292	-90.1842
4012080	San Miguel Cuyutlán	San Miguel Cuyutlan	MX	7533	20.4174	-103.3894
3514998	Tuzamapan	Tuzamapan	MX	7522	19.4036	-96.8635
3515399	Tlanalapa	Tlanalapa	MX	7518	19.8176	-98.6033
3532089	Buctzotz	Buctzotz	MX	7515	21.2023	-88.7941
3533491	Acacoyagua	Acacoyagua	MX	7515	15.3425	-92.6758
3995010	Nazareno	Nazareno	MX	7515	25.3987	-103.4196
3602736	Coxen Hole	Coxen Hole	HN	7514	16.3155	-86.5397
4684480	Crystal City	Crystal City	US	7496	28.6775	-99.8281
8858193	Los Ruiseñores	Los Ruisenores	MX	7493	20.7108	-103.6914
3606251	Las Vegas, Santa Barbara	Las Vegas, Santa Barbara	HN	7487	14.8765	-88.0747
3518542	San Lorenzo Chiautzingo	San Lorenzo Chiautzingo	MX	7477	19.2043	-98.4675
3521825	Paso de Ovejas	Paso de Ovejas	MX	7468	19.2845	-96.4404
3598825	Chahal	Chahal	GT	7465	15.7912	-89.6052
3517543	Santa Cruz Cuauhtenco	Santa Cruz Cuauhtenco	MX	7460	19.2491	-99.7294
5530452	Seminole	Seminole	US	7448	32.7190	-102.6449
3516252	Tapilula	Tapilula	MX	7441	17.2493	-93.0168
3517962	San Pedro Tapanatepec	San Pedro Tapanatepec	MX	7441	16.3711	-94.1931
4710574	Melissa	Melissa	US	7436	33.2859	-96.5728
4015566	Capácuaro	Capacuaro	MX	7424	19.5465	-102.0524
5332929	Calipatria	Calipatria	US	7424	33.1256	-115.5142
3519243	San Francisco	San Francisco	MX	7420	19.9385	-98.9823
8858194	Barrio de México	Barrio de Mexico	MX	7414	19.2825	-99.8283
3517251	Santa María Huatulco	Santa Maria Huatulco	MX	7409	15.8329	-96.3208
4689803	Fair Oaks Ranch	Fair Oaks Ranch	US	7407	29.7458	-98.6434
4723024	Roanoke	Roanoke	US	7400	33.0040	-97.2258
5296013	Globe	Globe	US	7396	33.3942	-110.7865
3529660	Dzidzantun	Dzidzantun	MX	7393	21.2490	-89.0421
3815185	Zimatepec	Zimatepec	MX	7378	19.4213	-98.1646
3523034	Montecillo	Montecillo	MX	7371	19.4571	-98.9083
3815701	Chilón	Chilon	MX	7368	17.1060	-92.2730
3584297	Nahuizalco	Nahuizalco	SV	7358	13.7775	-89.7367
3521951	Panotla	Panotla	MX	7356	19.3162	-98.2701
3531875	San Lorenzo Cacaotepec	San Lorenzo Cacaotepec	MX	7351	17.1277	-96.8024
3596423	El Progreso	El Progreso	GT	7350	14.3560	-89.8485
4713506	Murillo Colonia	Murillo Colonia	US	7344	26.2565	-98.1133
4703938	La Feria	La Feria	US	7338	26.1590	-97.8239
3530749	Chontalpa	Chontalpa	MX	7336	17.6653	-93.4809
8858195	Tenango de las Flores	Tenango de las Flores	MX	7334	20.2058	-97.9881
3583352	San Sebastián	San Sebastian	SV	7333	13.7333	-88.8333
3826966	Emiliano Zapata (Santo Domingo)	Emiliano Zapata (Santo Domingo)	MX	7331	19.5797	-99.7881
4691553	Floresville	Floresville	US	7321	29.1336	-98.1561
3982729	Tabasco	Tabasco	MX	7317	21.8632	-102.9111
4025994	Coahuayana de Hidalgo	Coahuayana de Hidalgo	MX	7307	18.7036	-103.6627
3621278	Tilarán	Tilaran	CR	7301	10.4670	-84.9677
3517246	Santa María Ixtiyucán	Santa Maria Ixtiyucan	MX	7298	19.1869	-97.8109
3527065	Hopelchén	Hopelchen	MX	7295	19.7471	-89.8441
3520161	Sabancuy	Sabancuy	MX	7286	18.9708	-91.1787
3815488	Juárez	Juarez	MX	7286	17.6075	-93.1925
3517937	Villa de Etla	Villa de Etla	MX	7285	17.2062	-96.7989
8858196	Independencia	Independencia	MX	7282	18.8772	-99.1224
8858197	Maclovio Rojas	Maclovio Rojas	MX	7279	32.4731	-116.8028
3516923	Santiago Suchilquitongo	Santiago Suchilquitongo	MX	7276	17.2476	-96.8738
3980756	Usmajac	Usmajac	MX	7269	19.8747	-103.5413
3532577	Atotonilco el Grande	Atotonilco el Grande	MX	7261	20.2867	-98.6690
3816362	Benemérito de las Américas	Benemerito de las Americas	MX	7259	16.5154	-90.6534
3518456	San Marcos de León	San Marcos de Leon	MX	7256	19.4226	-96.9642
3516837	Santo Domingo Zanatepec	Santo Domingo Zanatepec	MX	7249	16.4831	-94.3475
4017990	Atotonilquillo	Atotonilquillo	MX	7249	20.3920	-103.1236
5523336	Homestead Meadows South	Homestead Meadows South	US	7247	31.8110	-106.1643
3761012	Ajacuba	Ajacuba	MX	7245	20.0925	-99.1224
4017924	Ayutla	Ayutla	MX	7244	20.1291	-104.3468
3530527	Coatepec Harinas	Coatepec Harinas	MX	7243	18.8949	-99.7215
3532625	Atizapán	Atizapan	MX	7243	19.2500	-99.5500
3590537	San Andrés	San Andres	GT	7235	16.9686	-89.9118
3523247	Miacatlán	Miacatlan	MX	7212	18.7653	-99.3590
4013039	Concepción del Oro	Concepcion del Oro	MX	7210	24.6132	-101.4205
3525956	La Concepción de los Baños	La Concepcion de los Banos	MX	7207	19.6825	-99.8610
3532658	Asunción Ixtaltepec	Asuncion Ixtaltepec	MX	7203	16.5033	-95.0605
3514685	Villa Comaltitlán	Villa Comaltitlan	MX	7201	15.2129	-92.5760
3986553	San Jerónimo de Juárez	San Jeronimo de Juarez	MX	7200	17.1366	-100.4692
3517734	Santa Anita Huiloac	Santa Anita Huiloac	MX	7183	19.3884	-98.1436
3610060	El Triunfo	El Triunfo	HN	7182	13.1167	-87.0000
3708171	La Arena	La Arena	PA	7175	7.9694	-80.4615
3615115	Aramecina	Aramecina	HN	7173	13.7422	-87.7103
3530295	Conkal	Conkal	MX	7173	21.0750	-89.5195
3531342	Ciudad Cerralvo	Ciudad Cerralvo	MX	7169	26.0860	-99.6165
3514424	Xocotla	Xocotla	MX	7168	19.0148	-97.1007
3601784	San Pedro de Tutule	San Pedro de Tutule	HN	7165	14.2515	-87.8541
3515600	Tila	Tila	MX	7164	17.3003	-92.4260
3801271	Vicente Camalote	Vicente Camalote	MX	7164	18.5139	-96.5282
3670718	Riosucio	Riosucio	CO	7163	7.4435	-77.1196
4017199	Bellavista	Bellavista	MX	7163	20.4336	-103.6369
3589036	San Vicente Pacaya	San Vicente Pacaya	GT	7162	14.4147	-90.6361
3991218	Puruarán	Puruaran	MX	7162	19.0975	-101.5220
3519930	San Andrés Calpan	San Andres Calpan	MX	7161	19.1036	-98.4619
3582662	Benque Viejo el Carmen	Benque Viejo el Carmen	BZ	7160	17.0750	-89.1392
3616794	San Jorge	San Jorge	NI	7158	11.4558	-85.8031
3672512	Peque	Peque	CO	7155	7.0212	-75.9093
3822702	Kantunilkín	Kantunilkin	MX	7150	21.1018	-87.4864
3598277	Chuarrancho	Chuarrancho	GT	7149	14.8179	-90.5157
3985248	San Nicolás de los Agustinos	San Nicolas de los Agustinos	MX	7148	20.2464	-100.9660
3818846	Actipan de Morelos	Actipan de Morelos	MX	7144	18.9600	-97.7990
3530032	Cuapiaxtla de Madero	Cuapiaxtla de Madero	MX	7139	18.9154	-97.8238
3816561	San Francisco Pujiltic	San Francisco Pujiltic	MX	7137	16.2792	-92.4532
4018365	Santa Eulalia	Santa Eulalia	MX	7135	28.5945	-105.8876
3531972	Buenavista de Cuéllar	Buenavista de Cuellar	MX	7131	18.4594	-99.4082
3583531	San Juan Opico	San Juan Opico	SV	7127	13.8761	-89.3597
3607436	Lamaní	Lamani	HN	7117	14.1963	-87.6213
3987309	San Diego de la Unión	San Diego de la Union	MX	7116	21.4679	-100.8730
4684547	Cuero	Cuero	US	7115	29.0939	-97.2892
3526670	Ixtlahuaca de Rayón	Ixtlahuaca de Rayon	MX	7114	19.5689	-99.7669
3827416	Zacamulpa	Zacamulpa	MX	7097	19.3557	-99.3315
3802121	Chichicapa	Chichicapa	MX	7091	18.2612	-93.1816
4006205	Francisco I. Madero	Francisco I. Madero	MX	7091	21.5823	-104.8240
3601662	Santa Cruz	Santa Cruz	HN	7089	14.0167	-88.3833
3984691	Santa Ana Maya	Santa Ana Maya	MX	7087	20.0074	-101.0208
3589062	Santo Tomás La Unión	Santo Tomas La Union	GT	7081	14.6322	-91.4107
3617473	Nindirí	Nindiri	NI	7073	12.0032	-86.1205
8858199	Chiconcuac	Chiconcuac	MX	7071	18.7828	-99.2072
3980162	Villa Juárez	Villa Juarez	MX	7069	25.4920	-103.5939
3529689	Doxey	Doxey	MX	7066	20.0909	-99.2424
3620163	Dolores	Dolores	NI	7065	11.8562	-86.2158
3817702	San Miguel Tlaixpan	San Miguel Tlaixpan	MX	7064	19.5096	-98.8108
3529609	Ecatzingo de Hidalgo	Ecatzingo de Hidalgo	MX	7058	18.9551	-98.7520
3992154	Pótam	Potam	MX	7044	27.6258	-110.4177
3518020	San Pedro Arriba	San Pedro Arriba	MX	7040	19.4864	-99.5625
3533376	Acultzingo	Acultzingo	MX	7040	18.7189	-97.3037
3532802	Ciudad Apaxtla de Castrejón	Ciudad Apaxtla de Castrejon	MX	7037	18.1301	-99.9316
3600605	Trinidad de Copán	Trinidad de Copan	HN	7031	14.9457	-88.7422
3515002	Tuxtla Chico	Tuxtla Chico	MX	7026	14.9395	-92.1666
3518140	Apetatitlán Antonio Carbajal	Apetatitlan Antonio Carbajal	MX	7026	19.3362	-98.1791
3519570	San Ciro de Acosta	San Ciro de Acosta	MX	7026	21.6507	-99.8192
4006081	Galeana	Galeana	MX	7024	24.8253	-100.0760
3623601	Guácimo	Guacimo	CR	7022	10.2129	-83.6879
3819050	Jolalpan	Jolalpan	MX	7022	18.3250	-98.8449
3624842	Atenas	Atenas	CR	7014	9.9749	-84.3789
4013487	Colón	Colon	MX	7014	20.7830	-100.0500
8858200	Chanal	Chanal	MX	7008	16.6575	-92.2575
5317663	Tolleson	Tolleson	US	7008	33.4500	-112.2593
4687588	Eagle Mountain	Eagle Mountain	US	7003	32.8935	-97.4445
3602275	San Francisco de Ojuera	San Francisco de Ojuera	HN	7000	14.7500	-88.1833
3983764	Santa Teresa	Santa Teresa	MX	6998	20.9597	-101.3173
3815419	Totolac	Totolac	MX	6989	19.3258	-98.2583
3608715	Jesús de Otoro	Jesus de Otoro	HN	6988	14.4878	-87.9818
3531406	Caucel	Caucel	MX	6988	21.0159	-89.7068
3589256	Santa María Chiquimula	Santa Maria Chiquimula	GT	6980	15.0299	-91.3292
3985913	San Juan Cosalá	San Juan Cosala	MX	6973	20.2876	-103.3411
3514583	Xaltianguis	Xaltianguis	MX	6965	17.0995	-99.7133
4678379	Cameron Park	Cameron Park	US	6963	25.9645	-97.4767
4678381	Cameron Park Colonia	Cameron Park Colonia	US	6963	25.9715	-97.4783
8858201	El Súchil	El Suchil	MX	6962	17.2269	-100.6392
3517482	Guillermo Zúñiga	Guillermo Zuniga	MX	6961	24.0198	-99.1927
9870991	Zacapechpan	Zacapechpan	MX	6959	19.0544	-98.3511
4016722	San Buenaventura	San Buenaventura	MX	6957	29.8435	-107.4608
3615683	Wiwilí	Wiwili	NI	6955	13.6268	-85.8254
3827027	San Francisco Tepeolulco	San Francisco Tepeolulco	MX	6954	19.8329	-99.9883
8858202	El Campanario y Oradel	El Campanario y Oradel	MX	6951	27.4731	-99.6200
3618648	La Concepción	La Concepcion	NI	6946	11.9371	-86.1898
3814128	Presas	Presas	MX	6942	20.1600	-99.2532
3522505	Oaxtepec	Oaxtepec	MX	6939	18.9091	-98.9716
8858203	El Diez	El Diez	MX	6939	24.7239	-107.4519
3617510	Nandasmo	Nandasmo	NI	6934	11.9241	-86.1207
3615250	La Alianza	La Alianza	HN	6923	13.5122	-87.7244
3520000	San Agustin de las Juntas	San Agustin de las Juntas	MX	6923	17.0121	-96.7118
3981516	Tingüindín	Tingueindin	MX	6923	19.7389	-102.4816
3984564	Santa Clara de Valladares	Santa Clara de Valladares	MX	6917	19.6385	-102.4912
3815325	Ignacio Zaragoza	Ignacio Zaragoza	MX	6916	19.2923	-97.9212
4021095	Ojocaliente	Ojocaliente	MX	6914	21.8770	-102.6753
3523040	Monte Blanco	Monte Blanco	MX	6911	18.9663	-97.0168
3530259	Copalillo	Copalillo	MX	6910	18.0330	-99.0417
3514272	Yehualtepec	Yehualtepec	MX	6903	18.7952	-97.6616
8858204	Villa Alberto Andrés Alvarado Arámburo	Villa Alberto Andres Alvarado Aramburo	MX	6902	27.6444	-113.3847
3526453	Jonuta	Jonuta	MX	6899	18.0898	-92.1381
5378617	Oasis	Oasis	US	6890	33.4659	-116.0989
3517659	Pantelhó	Pantelho	MX	6888	17.0052	-92.4706
4708255	Lucas	Lucas	US	6883	33.0843	-96.5767
3528601	Ocotito	Ocotito	MX	6882	17.2468	-99.5137
3514008	Zongolica	Zongolica	MX	6874	18.6667	-96.9971
7315364	Lantana	Lantana	US	6874	33.0907	-97.1242
3614328	Camasca	Camasca	HN	6873	13.9968	-88.3797
3530568	Coacotla	Coacotla	MX	6873	17.9358	-94.6642
3517797	Villanueva	Villanueva	MX	6866	19.0608	-97.7194
4012607	Coyuca de Catalán	Coyuca de Catalan	MX	6857	18.3246	-100.6989
3703647	Pacora	Pacora	PA	6856	9.0825	-79.2896
3714710	Antón	Anton	PA	6851	8.3968	-80.2650
4010311	El Coacoyul	El Coacoyul	MX	6850	17.6396	-101.4782
3515477	Tlacotepec	Tlacotepec	MX	6848	17.7892	-99.9781
3815433	Santa Ana Nopalucan	Santa Ana Nopalucan	MX	6848	19.2981	-98.3332
4004399	Imuris	Imuris	MX	6841	30.7895	-110.8460
3995395	Morelos	Morelos	MX	6839	28.4068	-100.8885
3523418	Mazatán	Mazatan	MX	6838	14.8631	-92.4494
3992599	Pihuamo	Pihuamo	MX	6838	19.2499	-103.3828
3515321	Tolcayuca	Tolcayuca	MX	6836	19.9576	-98.9223
3530564	Coacoatzintla	Coacoatzintla	MX	6832	19.6516	-96.9404
3590347	San Carlos Sija	San Carlos Sija	GT	6831	14.9844	-91.5491
3986600	San Jeronimito	San Jeronimito	MX	6830	17.5671	-101.3448
8858205	San Antonio Mihuacán	San Antonio Mihuacan	MX	6826	19.1533	-98.3047
8858206	Raudales Malpaso	Raudales Malpaso	MX	6817	17.1883	-93.6058
3531368	Celestún	Celestun	MX	6810	20.8603	-90.3974
3605021	Maraita	Maraita	HN	6809	13.8842	-87.0397
3618522	Pearl City	Pearl City	NI	6809	12.3429	-83.6712
3514043	Zempoala	Zempoala	MX	6798	19.9151	-98.6685
8858207	San Nicolás Tolentino	San Nicolas Tolentino	MX	6798	19.3589	-99.5717
4004394	Indaparapeo	Indaparapeo	MX	6791	19.7897	-100.9685
4698809	Hornsby Bend	Hornsby Bend	US	6791	30.2474	-97.5833
3522645	Nopalucán	Nopalucan	MX	6789	19.2184	-97.8227
3531892	Cacalchen	Cacalchen	MX	6787	20.9836	-89.2269
3624057	Cot	Cot	CR	6784	9.8947	-83.8745
3514686	Tesechoacan	Tesechoacan	MX	6783	18.1375	-95.6583
3623656	Golfito	Golfito	CR	6777	8.6033	-83.1134
3532530	Ciudad Ayala	Ciudad Ayala	MX	6777	18.7669	-98.9822
3589841	San Luis	San Luis	GT	6776	16.1989	-89.4403
3521610	Petalcingo	Petalcingo	MX	6775	17.2272	-92.4151
3519032	San Joaquín Coapango	San Joaquin Coapango	MX	6774	19.5404	-98.8274
3827597	Tonanitla	Tonanitla	MX	6774	19.6879	-99.0534
3604686	Monjarás	Monjaras	HN	6772	13.2006	-87.3742
3584156	Panchimalco	Panchimalco	SV	6764	13.6128	-89.1800
4013522	Cojumatlán de Régules	Cojumatlan de Regules	MX	6763	20.1183	-102.8515
3827304	Santa María Jajalpa	Santa Maria Jajalpa	MX	6755	19.1117	-99.5358
4019089	Ahuacatlán	Ahuacatlan	MX	6754	21.0507	-104.4847
9111588	Villa Azueta	Villa Azueta	MX	6754	18.0742	-95.7122
4006532	Esqueda	Esqueda	MX	6749	30.7275	-109.5878
3982548	Tancítaro	Tancitaro	MX	6747	19.3368	-102.3628
3817610	San Juan Tehuixtitlán	San Juan Tehuixtitlan	MX	6743	19.0543	-98.7672
4000490	La Reforma	La Reforma	MX	6743	25.0819	-108.0563
3518649	Ixtenco	Ixtenco	MX	6741	19.2515	-97.8941
4004690	Huandacareo	Huandacareo	MX	6736	19.9886	-101.2761
4019757	Acuitzio del Canje	Acuitzio del Canje	MX	6733	19.4964	-101.3329
9023824	Estación Bamoa	Estacion Bamoa	MX	6733	25.7075	-108.3131
3802698	Río Viejo Primera Sección	Rio Viejo Primera Seccion	MX	6726	17.9391	-92.9802
3816654	Jesús María Garza	Jesus Maria Garza	MX	6724	16.3967	-93.2937
4000811	La Pila	La Pila	MX	6722	22.0343	-100.8679
3995699	Misión de Chichimecas	Mision de Chichimecas	MX	6716	21.2898	-100.4922
8858208	Santa Cruz del Monte	Santa Cruz del Monte	MX	6703	19.7670	-99.2287
8858209	Arenal	Arenal	MX	6700	19.3811	-98.9428
3517763	Santa Ana Ixtlahuatzingo (Santa Ana)	Santa Ana Ixtlahuatzingo (Santa Ana)	MX	6697	18.9706	-99.6236
3815391	San Juan Huactzinco	San Juan Huactzinco	MX	6687	19.2334	-98.2526
3522302	San Felipe Orizatlán	San Felipe Orizatlan	MX	6686	21.1711	-98.6078
3522256	Oxchuc	Oxchuc	MX	6675	16.7866	-92.3444
3532996	Altamirano	Altamirano	MX	6672	16.8833	-92.1500
8708781	Ponciano Arriaga	Ponciano Arriaga	MX	6665	22.2622	-98.5897
3588043	Uspantán	Uspantan	GT	6664	15.3467	-90.8705
3817729	San Cristóbal Nexquipayac	San Cristobal Nexquipayac	MX	6661	19.5801	-98.9305
3612838	Dolores	Dolores	HN	6652	14.8746	-88.8164
3526713	Ixhuatlán del Café	Ixhuatlan del Cafe	MX	6649	19.0512	-96.9839
4689120	Elsa	Elsa	US	6647	26.2934	-97.9931
8858211	San Sebastián de Aparicio	San Sebastian de Aparicio	MX	6644	19.1033	-98.1608
8858212	Fraccionamiento Colinas del Sol	Fraccionamiento Colinas del Sol	MX	6640	19.3722	-99.7403
4023964	Pastor Ortiz	Pastor Ortiz	MX	6630	20.3026	-101.5970
3517241	Santa María la Alta	Santa Maria la Alta	MX	6626	18.5998	-97.6581
3827428	Santa Ana Jilotzingo	Santa Ana Jilotzingo	MX	6625	19.4562	-99.4884
3686011	Concordia	Concordia	CO	6624	9.8354	-74.4555
11095456	San Jerónimo Coyula	San Jeronimo Coyula	MX	6622	18.8944	-98.5171
3530264	Copala	Copala	MX	6619	16.6076	-98.9780
8858213	La Pradera	La Pradera	MX	6619	20.6589	-100.3422
3515330	Tochtepec	Tochtepec	MX	6615	18.8393	-97.8228
5322027	Youngtown	Youngtown	US	6613	33.5939	-112.3029
8669542	Estación Santa Engracia	Estacion Santa Engracia	MX	6606	24.0153	-99.2019
8858214	Lomas de Santa Anita	Lomas de Santa Anita	MX	6604	32.5428	-116.6514
4704238	Lacy-Lakeview	Lacy-Lakeview	US	6604	31.6293	-97.1028
3995398	Morelos	Morelos	MX	6602	22.8622	-102.6097
8858215	Benito García (El Zorrillo)	Benito Garcia (El Zorrillo)	MX	6598	31.6711	-116.5114
3685893	Córdoba	Cordoba	CO	6597	9.5861	-74.8270
8858216	Lomas Verdes	Lomas Verdes	MX	6583	19.5045	-96.8890
4707932	Los Fresnos	Los Fresnos	US	6582	26.0717	-97.4764
3980152	Villa Madero	Villa Madero	MX	6577	19.3918	-101.2787
4012707	Cosalá	Cosala	MX	6577	24.4114	-106.6920
3514502	Xilitla	Xilitla	MX	6576	21.3868	-98.9901
4007554	El Sauz	El Sauz	MX	6569	20.4784	-100.1154
3801261	Temascal	Temascal	MX	6566	18.2419	-96.4031
3708954	Guadalupe	Guadalupe	PA	6561	8.8606	-79.8118
3614319	Campamento	Campamento	HN	6560	14.5500	-86.6500
3827250	La Cabecera	La Cabecera	MX	6559	19.3561	-99.7481
3516022	Temozon	Temozon	MX	6553	20.8039	-88.2015
3822029	Marquelia	Marquelia	MX	6553	16.5833	-98.8169
3530267	Copainalá	Copainala	MX	6550	17.0933	-93.2106
4704276	Lago Vista	Lago Vista	US	6550	30.4602	-97.9883
3516552	Soltepec	Soltepec	MX	6547	19.1211	-97.7086
3522459	Santa María Magdalena Ocotitlán	Santa Maria Magdalena Ocotitlan	MX	6547	19.2371	-99.6242
3622854	Miramar	Miramar	CR	6540	10.0925	-84.7298
3516818	Chautla	Chautla	MX	6540	18.9657	-98.1529
3980177	Villa García	Villa Garcia	MX	6535	22.1624	-101.9549
3817730	Tequisistlán	Tequisistlan	MX	6532	19.5964	-98.9411
4014842	Cerano	Cerano	MX	6530	20.1080	-101.3869
3519410	Villa Mariano Matamoros	Villa Mariano Matamoros	MX	6527	19.3266	-98.3783
3983641	Santiago de Cuenda	Santiago de Cuenda	MX	6524	20.5990	-100.9958
4685617	Decatur	Decatur	US	6521	33.2343	-97.5861
3668286	San Zenón	San Zenon	CO	6520	9.2422	-74.5004
3817705	San Jerónimo Amanalco	San Jeronimo Amanalco	MX	6519	19.5179	-98.7567
3588491	Taxisco	Taxisco	GT	6518	14.0672	-90.4679
3517915	San Rafael	San Rafael	MX	6515	20.1886	-96.8674
3532326	Bécal	Becal	MX	6511	20.4418	-90.0278
4002789	Constancia	Constancia	MX	6500	25.9659	-108.9034
3994535	Ocampo	Ocampo	MX	6499	21.6476	-101.4792
4018027	Atequiza	Atequiza	MX	6498	20.3952	-103.1388
3615745	Waslala	Waslala	NI	6498	13.3350	-85.3700
3600686	Tomalá	Tomala	HN	6495	14.2265	-88.7840
4013567	Cofradía	Cofradia	MX	6495	19.4333	-103.5500
3523794	Macultepec	Macultepec	MX	6485	18.1433	-92.8596
3526934	Barrio de San Miguel	Barrio de San Miguel	MX	6478	18.8854	-98.6903
3584251	Nuevo Cuscatlán	Nuevo Cuscatlan	SV	6469	13.6486	-89.2653
3515383	Tlapanaloya	Tlapanaloya	MX	6466	19.9362	-99.0966
8858217	Vida Mejor I	Vida Mejor I	MX	6460	14.8697	-92.3078
3532639	Atempan	Atempan	MX	6457	19.8394	-97.4586
3516764	San Vicente Tancuayalab	San Vicente Tancuayalab	MX	6444	21.7189	-98.5877
3982377	Taretan	Taretan	MX	6440	19.3344	-101.9178
3594423	La Libertad	La Libertad	GT	6439	15.5142	-91.8694
3588612	Tacaná	Tacana	GT	6438	15.2406	-92.0672
5524527	Kermit	Kermit	US	6434	31.8576	-103.0927
3526598	Jaltepec	Jaltepec	MX	6431	20.1152	-98.4183
3523752	La Magdalena Tetela Morelos	La Magdalena Tetela Morelos	MX	6421	19.0492	-97.9413
3670899	Remedios	Remedios	CO	6415	7.0283	-74.6938
3588469	Teculután	Teculutan	GT	6407	14.9890	-89.7194
3827582	San Bartolo Tlaxihuicalco	San Bartolo Tlaxihuicalco	MX	6404	19.7309	-99.1597
5357598	Holtville	Holtville	US	6404	32.8112	-115.3803
3615730	Waspán	Waspan	NI	6403	14.7419	-83.9717
3617191	Posoltega	Posoltega	NI	6403	12.5442	-86.9798
8858218	La Constitución Toltepec	La Constitucion Toltepec	MX	6402	19.3486	-99.5492
4001597	La Lira	La Lira	MX	6394	20.4762	-100.1628
3587018	Chirilagua	Chirilagua	SV	6393	13.2203	-88.1386
3601921	San Manuel	San Manuel	HN	6389	15.3314	-87.9211
4678565	Camp Swift	Camp Swift	US	6383	30.1908	-97.2922
4676327	Bridgeport	Bridgeport	US	6381	33.2101	-97.7548
4015467	Carapan	Carapan	MX	6379	19.8596	-102.0377
6619864	Tamarindo	Tamarindo	CR	6375	10.2991	-85.8411
3590053	San José Acatempa	San Jose Acatempa	GT	6367	14.2653	-90.1269
3532525	Ayapango	Ayapango	MX	6361	19.1269	-98.7999
3981345	Topolobampo	Topolobampo	MX	6361	25.6005	-109.0504
4689708	Everman	Everman	US	6352	32.6310	-97.2892
3992908	Pericos	Pericos	MX	6341	25.0809	-107.6997
3613230	Copán Ruinas	Copan Ruinas	HN	6336	14.8394	-89.1558
3997017	Luis Moya	Luis Moya	MX	6335	22.4324	-102.2486
3527451	Ciudad General Terán	Ciudad General Teran	MX	6333	25.2590	-99.6828
4019039	Ajuchitlán del Progreso	Ajuchitlan del Progreso	MX	6329	18.1519	-100.4835
3816173	San Juan Cancuc	San Juan Cancuc	MX	6327	16.8928	-92.3697
3604835	Mezapa	Mezapa	HN	6324	15.5833	-87.6500
3584212	Olocuilta	Olocuilta	SV	6324	13.5697	-89.1172
3532627	Atitalaquia	Atitalaquia	MX	6322	20.0596	-99.2217
5518232	Canutillo	Canutillo	US	6321	31.9115	-106.6003
3620645	Bonanza	Bonanza	NI	6315	14.0300	-84.5970
3516050	Temascalapa	Temascalapa	MX	6314	19.8277	-98.9017
9532425	Estación Huehuetán	Estacion Huehuetan	MX	6314	15.0109	-92.4066
3516098	Tehuixtla	Tehuixtla	MX	6311	18.5601	-99.2702
3526284	Kinchil	Kinchil	MX	6307	20.9135	-89.9502
3995093	Estación Naranjo	Estacion Naranjo	MX	6307	25.8062	-108.4813
8858219	Kilómetro 30	Kilometro 30	MX	6301	16.9978	-99.7800
3587157	Candelaria de La Frontera	Candelaria de La Frontera	SV	6301	14.1167	-89.6500
3530150	Coxcatlán	Coxcatlan	MX	6300	18.2671	-97.1508
3515900	Tepecoacuilco de Trujano	Tepecoacuilco de Trujano	MX	6298	18.2866	-99.4653
3532604	San Bartolomé Atlatlahuca	San Bartolome Atlatlahuca	MX	6293	19.0696	-99.6098
4673132	Bee Cave	Bee Cave	US	6292	30.3085	-97.9450
3518518	San Lucas Ojitlán	San Lucas Ojitlan	MX	6289	18.0577	-96.3983
8858221	Fraccionamiento los Ángeles	Fraccionamiento los Angeles	MX	6282	23.1883	-106.3300
4709090	Marble Falls	Marble Falls	US	6281	30.5784	-98.2751
3815329	Zitlaltépec	Zitlaltepec	MX	6280	19.2039	-97.9072
3517203	Texcalac	Texcalac	MX	6279	19.4233	-98.0866
3589074	Santo Domingo Suchitepéquez	Santo Domingo Suchitepequez	GT	6270	14.4790	-91.4833
3817616	San Matías Cuijingo	San Matias Cuijingo	MX	6263	19.0849	-98.8531
3818579	Venustiano Carranza	Venustiano Carranza	MX	6263	20.5067	-97.6681
4008080	El Refugio	El Refugio	MX	6262	20.6719	-103.7381
4029337	Las Jarretaderas	Las Jarretaderas	MX	6262	20.6925	-105.2739
3590393	San Bartolomé Milpas Altas	San Bartolome Milpas Altas	GT	6261	14.6069	-90.6781
4011755	Duarte	Duarte	MX	6261	21.0871	-101.5240
13286766	Bella Vista	Bella Vista	BZ	6259	16.5095	-88.5317
3827276	Santa María Nativitas	Santa Maria Nativitas	MX	6258	19.2114	-99.6294
3589398	Santa Cruz Naranjo	Santa Cruz Naranjo	GT	6254	14.3881	-90.3697
3606292	Las Trojes	Las Trojes	HN	6253	14.0667	-85.9833
4014420	Chavinda	Chavinda	MX	6246	20.0067	-102.4599
3582918	Tonacatepeque	Tonacatepeque	SV	6245	13.7811	-89.1186
3970561	Francisco Javier Mina	Francisco Javier Mina	MX	6242	27.4614	-110.1085
3516048	Temax	Temax	MX	6239	21.1506	-88.9394
4677592	Burnet	Burnet	US	6239	30.7582	-98.2284
3515410	Tlamacazapa	Tlamacazapa	MX	6234	18.4968	-99.5015
3827552	Salitrillo	Salitrillo	MX	6231	19.8294	-99.2159
3818645	Hueyapán	Hueyapan	MX	6227	19.8828	-97.4454
4711253	Mila Doce	Mila Doce	US	6222	26.2262	-97.9589
3517669	Santa Catarina Juquila	Santa Catarina Juquila	MX	6220	16.2382	-97.2916
3667547	Talaigua Viejo	Talaigua Viejo	CO	6217	9.3121	-74.5854
8858222	Rincón de Nicolás Romero (Cedros Tercera Manzana)	Rincon de Nicolas Romero (Cedros Tercera Manzana)	MX	6213	19.4136	-100.2975
3619451	El Realejo	El Realejo	NI	6208	12.5433	-87.1652
3526766	Isla Aguada	Isla Aguada	MX	6204	18.7868	-91.4901
4028116	Cofradía de Juárez	Cofradia de Juarez	MX	6202	18.9613	-103.9556
3526591	Jaltocán	Jaltocan	MX	6201	21.1335	-98.5385
3515195	Totolapan	Totolapan	MX	6198	18.9849	-98.9207
4004274	Ixtlahuacán del Río	Ixtlahuacan del Rio	MX	6198	20.8639	-103.2392
3533466	Acapetahua	Acapetahua	MX	6194	15.2820	-92.6895
8858223	Campestre Villas del Álamo	Campestre Villas del Alamo	MX	6192	20.1017	-98.7072
8858224	Conjunto Urbano la Loma I	Conjunto Urbano la Loma I	MX	6192	19.3264	-99.7319
3589669	San Pablo La Laguna	San Pablo La Laguna	GT	6186	14.7209	-91.2724
8858225	Javier Rojo Gómez	Javier Rojo Gomez	MX	6186	20.0697	-98.4178
3980175	Villa González Ortega	Villa Gonzalez Ortega	MX	6181	22.5131	-101.9139
4702785	Keene	Keene	US	6181	32.3968	-97.3239
5296962	Guadalupe	Guadalupe	US	6177	33.3709	-111.9629
3519409	San Felipe Jalapa de Díaz	San Felipe Jalapa de Diaz	MX	6174	18.0712	-96.5356
8858226	Emiliano Zapata	Emiliano Zapata	MX	6174	25.9103	-100.2806
8858227	Parque Urbano Napateco	Parque Urbano Napateco	MX	6172	20.1428	-98.3408
9082399	San Juan Tuxco	San Juan Tuxco	MX	6170	19.2594	-98.4517
3823333	Cabezas	Cabezas	MX	6167	19.3717	-96.3828
3519405	Teotlaltzingo	Teotlaltzingo	MX	6166	19.2309	-98.5008
4015633	Cañitas de Felipe Pescador	Canitas de Felipe Pescador	MX	6166	23.6068	-102.7263
3532446	Bajos del Ejido	Bajos del Ejido	MX	6165	16.9610	-99.9705
11087403	San Agustín Tlaxco	San Agustin Tlaxco	MX	6163	19.0563	-97.9916
5360403	Jamul	Jamul	US	6163	32.7170	-116.8761
8858228	La Aldea	La Aldea	MX	6162	19.7431	-101.1350
3827341	Tres Marías	Tres Marias	MX	6160	19.0540	-99.2442
3532569	Atoyatempan	Atoyatempan	MX	6154	18.8193	-97.9139
3527080	Homun	Homun	MX	6146	20.7392	-89.2849
3522208	Pachuquilla	Pachuquilla	MX	6139	20.0725	-98.6966
4017154	Benito Juárez	Benito Juarez	MX	6138	29.7506	-107.9352
4004275	Ixtlahuacán de los Membrillos	Ixtlahuacan de los Membrillos	MX	6137	20.3487	-103.1921
3517337	Santa María Citendejé	Santa Maria Citendeje	MX	6136	19.7819	-99.9286
3622660	Orotina	Orotina	CR	6135	9.9119	-84.5234
3993155	Pedernales	Pedernales	MX	6131	19.1408	-101.4698
3816753	Paredón	Paredon	MX	6126	16.0508	-93.8667
3515862	Tepetlaoxtoc de Hidalgo	Tepetlaoxtoc de Hidalgo	MX	6123	19.5744	-98.8183
3713860	Boquete	Boquete	PA	6123	8.7802	-82.4414
3516212	Teabo	Teabo	MX	6115	20.3995	-89.2830
3519455	San Esteban Tizatlán	San Esteban Tizatlan	MX	6114	19.3391	-98.2137
8858229	Guadalupe Victoria	Guadalupe Victoria	MX	6114	19.5547	-96.9606
3815194	San Luis Apizaquito	San Luis Apizaquito	MX	6099	19.4252	-98.1171
3979503	Colonia Venustiano Carranza	Colonia Venustiano Carranza	MX	6098	32.2302	-115.1675
3825090	Juan Díaz Covarrubias	Juan Diaz Covarrubias	MX	6091	18.1596	-95.1868
3526687	Ixtapa	Ixtapa	MX	6086	16.8031	-92.9053
3523828	Luis Gil Pérez	Luis Gil Perez	MX	6083	17.8757	-93.0716
5495292	Truth or Consequences	Truth or Consequences	US	6079	33.1284	-107.2528
3987538	San Blas	San Blas	MX	6075	26.0818	-108.7609
5530825	Slaton	Slaton	US	6072	33.4373	-101.6435
3523397	Mecayapan	Mecayapan	MX	6068	18.2200	-94.8379
8858230	El Cóporo	El Coporo	MX	6068	19.2831	-99.8353
4701659	Joshua	Joshua	US	6066	32.4615	-97.3881
3514021	Zitlala	Zitlala	MX	6065	17.6903	-99.1851
3995171	Naco	Naco	MX	6064	31.3264	-109.9460
3527017	Huamuxtitlán	Huamuxtitlan	MX	6063	17.8024	-98.5639
3515735	San Gabriel Tetzoyocán	San Gabriel Tetzoyocan	MX	6060	18.7573	-97.7032
3982401	Tarandacuao	Tarandacuao	MX	6058	20.0013	-100.5183
4017728	Bahía de Kino	Bahia de Kino	MX	6050	28.8228	-111.9408
8858231	Fraccionamiento Arboledas San Ramón	Fraccionamiento Arboledas San Ramon	MX	6050	19.0942	-96.1567
5552323	Avra Valley	Avra Valley	US	6050	32.4378	-111.3154
11962662	Tarímbaro	Tarimbaro	MX	6049	19.7958	-101.1778
3985301	San Miguel Zapotitlán	San Miguel Zapotitlan	MX	6048	25.9476	-109.0474
4029309	El Porvenir	El Porvenir	MX	6046	20.7538	-105.2420
4735013	Sunnyvale	Sunnyvale	US	6044	32.7965	-96.5608
3533439	Acatlán de Pérez Figueroa	Acatlan de Perez Figueroa	MX	6040	18.5388	-96.6051
4003739	Juchipila	Juchipila	MX	6035	21.4109	-103.1169
3665693	Yolombó	Yolombo	CO	6033	6.5984	-75.0114
4703372	Kingsland	Kingsland	US	6030	30.6582	-98.4406
4743432	Yoakum	Yoakum	US	6016	29.2877	-97.1519
3604181	Oropolí	Oropoli	HN	6013	13.8167	-86.8167
3530915	Chicxulub Puerto	Chicxulub Puerto	MX	6010	21.2962	-89.5987
3605222	Lucerna	Lucerna	HN	6009	14.5582	-88.9345
3533505	Abasolo	Abasolo	MX	6008	24.0590	-98.3743
3597976	Concepción Tutuapa	Concepcion Tutuapa	GT	6006	15.2394	-91.8446
3518280	Chapultepec	Chapultepec	MX	6004	19.2022	-99.5618
3532821	Antón Lizardo	Anton Lizardo	MX	6003	19.0596	-95.9927
3590788	Río Hondo	Rio Hondo	GT	5997	15.0450	-89.5852
3532597	Atliaca	Atliaca	MX	5997	17.6517	-99.3748
3515420	Tlaltenango	Tlaltenango	MX	5995	19.1716	-98.3407
4002462	La Estancia	La Estancia	MX	5992	20.4216	-100.0682
3701313	San Pablo Viejo Abajo	San Pablo Viejo Abajo	PA	5992	8.4546	-82.5049
4018625	Amanalco de Becerra	Amanalco de Becerra	MX	5990	19.3167	-100.0167
8858232	Fraccionamiento Galaxia Tarímbaro	Fraccionamiento Galaxia Tarimbaro	MX	5989	19.7617	-101.1944
3589975	San José Poaquil	San Jose Poaquil	GT	5987	14.8181	-90.9125
3589159	Santa Rosa de Lima	Santa Rosa de Lima	GT	5984	14.3881	-90.2956
8858233	Real del Sol	Real del Sol	MX	5983	25.9383	-100.1811
6690747	Puerto Aventuras	Puerto Aventuras	MX	5979	20.5008	-87.2265
3815444	Villa Alta	Villa Alta	MX	5974	19.2926	-98.4011
8858234	Fraccionamiento Metrópolis II	Fraccionamiento Metropolis II	MX	5973	19.7564	-101.2044
5365172	Las Flores	Las Flores	US	5971	33.5881	-117.6267
3704964	Los Santos	Los Santos	PA	5970	7.9345	-80.4122
3974329	Dulce Grande	Dulce Grande	MX	5967	23.0018	-102.1740
8858235	Ciudad de Cuetzalan	Ciudad de Cuetzalan	MX	5957	20.0186	-97.5211
4004331	Irámuco	Iramuco	MX	5954	19.9621	-100.9238
5516203	Alpine	Alpine	US	5952	30.3586	-103.6621
3614970	Azacualpa	Azacualpa	HN	5949	15.3436	-88.5523
3530935	Chicomuselo	Chicomuselo	MX	5938	15.7417	-92.2858
3827260	San Antonio Buenavista	San Antonio Buenavista	MX	5937	19.2608	-99.7119
3689157	Barranco de Loba	Barranco de Loba	CO	5933	8.9460	-74.1065
3518617	San Juan Tepa	San Juan Tepa	MX	5932	20.2158	-99.0655
3520427	Rayón	Rayon	MX	5928	21.8433	-99.6426
4720789	Progreso	Progreso	US	5922	26.0923	-97.9572
3827252	San Marcos Yachihuacaltepec	San Marcos Yachihuacaltepec	MX	5917	19.3232	-99.6791
3515991	Tenango del Aire	Tenango del Aire	MX	5915	19.1577	-98.8569
3974149	Los Zacatones	Los Zacatones	MX	5913	22.9614	-102.0556
3533268	Agua Dulce	Agua Dulce	MX	5910	20.3634	-97.2931
4026719	San Nicolás Guadalupe	San Nicolas Guadalupe	MX	5905	19.6141	-100.0308
3517822	San Sebastián	San Sebastian	MX	5904	19.7843	-99.0556
3987591	San Bartolo de Berrios	San Bartolo de Berrios	MX	5899	21.6121	-101.0675
4679148	Carrizo Springs	Carrizo Springs	US	5898	28.5219	-99.8606
3520428	Rayón	Rayon	MX	5895	17.2011	-93.0108
3532310	Belén	Belen	MX	5892	17.7870	-92.6130
3583278	Santa Elena	Santa Elena	SV	5887	13.3833	-88.4167
3815186	San José Tetel	San Jose Tetel	MX	5884	19.4331	-98.1595
3530758	Cholul	Cholul	MX	5880	21.0429	-89.5579
3984078	Santa María del Oro	Santa Maria del Oro	MX	5878	25.9494	-105.3644
3529654	Dzilam González	Dzilam Gonzalez	MX	5875	21.2811	-88.9298
3516974	Santiago Acutzilapan	Santiago Acutzilapan	MX	5866	19.7864	-99.7657
3529730	Domingo Arenas	Domingo Arenas	MX	5864	19.1400	-98.4568
3522514	Nunkiní	Nunkini	MX	5859	20.4010	-90.1488
3580895	Trial Farm	Trial Farm	BZ	5850	18.1012	-88.5658
3516127	Tecozautla	Tecozautla	MX	5844	20.5344	-99.6349
3589395	Santa Cruz Verapaz	Santa Cruz Verapaz	GT	5843	15.3734	-90.4286
3986082	San José Temascatío	San Jose Temascatio	MX	5839	20.6918	-101.2603
8858236	Colinas del Roble	Colinas del Roble	MX	5830	20.5042	-103.3983
3616356	Santo Domingo	Santo Domingo	NI	5827	12.2644	-85.0824
3516611	Soconusco	Soconusco	MX	5825	17.9631	-94.8810
3530588	Pemex	Pemex	MX	5822	17.8830	-92.4795
8858237	Granjas Ampliación Santa Rosa	Granjas Ampliacion Santa Rosa	MX	5821	19.5928	-98.9667
3976232	Isla del Bosque	Isla del Bosque	MX	5820	22.7331	-105.8456
4005370	Guadalupe y Calvo	Guadalupe y Calvo	MX	5816	26.0939	-106.9639
8858238	Héctor Caballero	Hector Caballero	MX	5812	25.6356	-100.1267
3533475	Acambay	Acambay	MX	5807	19.9552	-99.8443
3518326	San Miguel Tenochtitlán	San Miguel Tenochtitlan	MX	5805	19.7603	-99.9225
3516031	Temoac	Temoac	MX	5799	18.7722	-98.7775
3584260	Nueva Guadalupe	Nueva Guadalupe	SV	5798	13.5333	-88.3500
8858239	Quinto Barrio (Ejido Cahuacán)	Quinto Barrio (Ejido Cahuacan)	MX	5795	19.6222	-99.4181
4742537	Windcrest	Windcrest	US	5794	29.5155	-98.3803
3991148	Quilá	Quila	MX	5793	24.4227	-107.2214
3522364	Olinalá	Olinala	MX	5792	17.7784	-98.7394
4046274	Edna	Edna	US	5792	28.9786	-96.6461
3529932	Cuetzalan	Cuetzalan	MX	5785	20.0177	-97.5228
3587349	Apastepeque	Apastepeque	SV	5785	13.6667	-88.7833
3982461	Tapalpa	Tapalpa	MX	5782	19.9457	-103.7593
4024264	Mexicanos	Mexicanos	MX	5782	20.5297	-101.0715
3606069	Lejamaní	Lejamani	HN	5781	14.3668	-87.7072
3817790	Santa Ana Tlachiahualpa	Santa Ana Tlachiahualpa	MX	5781	19.7687	-98.9089
3976059	Ejido Benito Juárez	Ejido Benito Juarez	MX	5778	30.1494	-106.8836
4008868	El Oro de Hidalgo	El Oro de Hidalgo	MX	5776	19.8027	-100.1308
3520260	Río Frío de Juárez	Rio Frio de Juarez	MX	5774	19.3534	-98.6706
4018519	Angahuan	Angahuan	MX	5773	19.5478	-102.2248
3586981	Coatepeque	Coatepeque	SV	5773	13.9286	-89.5042
4018601	Amazcala	Amazcala	MX	5768	20.7001	-100.2626
6690612	Huapinol	Huapinol	MX	5768	17.9229	-92.9109
4708320	Luling	Luling	US	5764	29.6805	-97.6475
3518230	San Miguel Contla	San Miguel Contla	MX	5761	19.3611	-98.1325
3761196	Concepción Jolalpan	Concepcion Jolalpan	MX	5761	19.5840	-98.8464
3815278	San José Xicohténcatl	San Jose Xicohtencatl	MX	5761	19.3544	-97.8308
3980192	Villa de Cos	Villa de Cos	MX	5759	23.2940	-102.3466
8858240	Valle de Lincoln	Valle de Lincoln	MX	5759	25.7933	-100.4778
8858241	Emiliano Zapata	Emiliano Zapata	MX	5756	30.7542	-116.0031
3518538	San Lorenzo Oyamel	San Lorenzo Oyamel	MX	5753	19.4336	-99.5776
3621515	Santo Domingo	Santo Domingo	CR	5745	10.0639	-84.1550
3980487	Venado	Venado	MX	5743	22.9300	-101.0954
4728826	Sinton	Sinton	US	5736	28.0367	-97.5092
3601984	San Juan Pueblo	San Juan Pueblo	HN	5735	15.5833	-87.2333
3583090	Suchitoto	Suchitoto	SV	5735	13.9381	-89.0278
3518382	San Mateo del Mar	San Mateo del Mar	MX	5734	16.2111	-94.9818
3822745	Leona Vicario	Leona Vicario	MX	5731	20.9897	-87.2022
3530040	Cuanalá	Cuanala	MX	5728	19.1092	-98.3279
3527869	Villa Emilio Carranza	Villa Emilio Carranza	MX	5727	19.9702	-96.6116
4699608	Hutchins	Hutchins	US	5727	32.6493	-96.7130
3530913	Chietla	Chietla	MX	5726	18.5203	-98.5789
3520922	Quechultenango	Quechultenango	MX	5720	17.4147	-99.2419
3532958	Álvaro Obregón	Alvaro Obregon	MX	5717	14.9223	-92.3781
4717339	Palmview	Palmview	US	5715	26.2334	-98.3709
5315313	South Tucson	South Tucson	US	5715	32.1995	-110.9684
3517735	Santa Ana Hueytlalpan	Santa Ana Hueytlalpan	MX	5705	20.1710	-98.3104
8858242	Quinta del Cedro	Quinta del Cedro	MX	5704	32.4375	-117.0658
8858243	Lomas de Altavista	Lomas de Altavista	MX	5704	19.3614	-98.9447
3992858	Pesqueira	Pesqueira	MX	5699	29.3797	-110.8961
3707150	La Mitra	La Mitra	PA	5699	8.8426	-79.7845
3817791	San Luis Tecuhautitlán	San Luis Tecuhautitlan	MX	5694	19.7674	-98.8887
3521424	Pinotepa de Don Luis	Pinotepa de Don Luis	MX	5692	16.4276	-97.9767
8858244	Unidad Minera 11 de Julio	Unidad Minera 11 de Julio	MX	5692	20.1047	-98.7228
3527021	Hualahuises	Hualahuises	MX	5687	24.8850	-99.6741
3518181	San Nicolás de los Ranchos	San Nicolas de los Ranchos	MX	5685	19.0714	-98.4860
3518253	San Miguel Panixtlahuaca	San Miguel Panixtlahuaca	MX	5682	16.2601	-97.3771
4709215	Marlin	Marlin	US	5682	31.3063	-96.8980
8858245	Galaxia la Noria	Galaxia la Noria	MX	5681	20.4572	-103.4189
5290925	Corona de Tucson	Corona de Tucson	US	5675	31.9654	-110.7756
3815030	Benito Juárez	Benito Juarez	MX	5674	19.5859	-98.4283
3590458	San Antonio Huista	San Antonio Huista	GT	5669	15.6501	-91.7716
3519620	San Bernardino	San Bernardino	MX	5667	19.4767	-98.8963
4676266	Briar	Briar	US	5665	32.9951	-97.5428
4003574	Puente Grande	Puente Grande	MX	5664	20.5683	-103.1563
4029498	Saldarriaga	Saldarriaga	MX	5661	20.6285	-100.2913
3991350	Puerto Palomas de Villa	Puerto Palomas de Villa	MX	5659	31.7778	-107.6351
3994939	Nieves	Nieves	MX	5653	23.9946	-103.0200
3802806	La Curva	La Curva	MX	5651	17.8682	-92.4883
3998858	La Venta del Astillero	La Venta del Astillero	MX	5649	20.7265	-103.5463
3532526	Ayapa	Ayapa	MX	5640	18.2232	-93.1121
8858246	Monte Kristal	Monte Kristal	MX	5640	25.6261	-100.1569
8858247	La Lima	La Lima	MX	5638	17.9106	-92.9339
3669084	San Pelayo	San Pelayo	CO	5637	8.9583	-75.8363
3516056	Temamatla	Temamatla	MX	5633	19.2031	-98.8692
3526564	Jaumave	Jaumave	MX	5633	23.4064	-99.3762
8858248	Loma la Paz	Loma la Paz	MX	5629	25.7111	-100.1347
3514678	El Triunfo	El Triunfo	MX	5627	17.9226	-91.1706
3666042	Vigía del Fuerte	Vigia del Fuerte	CO	5624	6.5893	-76.8960
3995671	Mochicahui	Mochicahui	MX	5623	25.9513	-108.9297
3996647	Mapimí	Mapimi	MX	5623	25.8336	-103.8483
3586021	El Rosario	El Rosario	SV	5620	13.4978	-89.0297
8858249	Ciudad Coahuila (Kilómetro Cincuenta y Siete)	Ciudad Coahuila (Kilometro Cincuenta y Siete)	MX	5617	32.1956	-115.0025
4003618	La Aldea	La Aldea	MX	5615	20.9019	-101.4789
3701861	Río Hato	Rio Hato	PA	5615	8.3794	-80.1662
3992485	Pinos	Pinos	MX	5611	22.2988	-101.5748
4723369	Rockdale	Rockdale	US	5609	30.6555	-97.0014
3825909	Villa Progreso	Villa Progreso	MX	5604	20.6424	-99.8356
4012196	Cuitzeo (La Estancia)	Cuitzeo (La Estancia)	MX	5603	20.3428	-102.7839
3517685	Santa Catarina del Monte	Santa Catarina del Monte	MX	5599	19.4840	-98.7724
3514329	Yanga	Yanga	MX	5598	18.8329	-96.7984
4029579	La Valla	La Valla	MX	5597	20.4965	-100.0282
3519632	Teontepec	Teontepec	MX	5593	18.4922	-97.5296
3531168	Chanal	Chanal	MX	5592	16.7167	-92.4000
3815772	Rincón Chamula	Rincon Chamula	MX	5592	17.2081	-92.9390
4676181	Breckenridge	Breckenridge	US	5590	32.7557	-98.9023
4004170	Jala	Jala	MX	5586	21.1048	-104.4380
3827229	San Pedro Abajo	San Pedro Abajo	MX	5581	19.4809	-99.5670
5317377	Three Points	Three Points	US	5581	32.0767	-111.3137
3518200	San Nicolás	San Nicolas	MX	5576	20.4778	-99.9398
4717341	Palmview South	Palmview South	US	5575	26.2156	-98.3786
3599912	Aguacatán	Aguacatan	GT	5572	15.3422	-91.3114
3533404	Acolman de Netzahualcóyotl	Acolman de Netzahualcoyotl	MX	5571	19.6398	-98.9078
3827299	San Pedro Zictepec	San Pedro Zictepec	MX	5571	19.0366	-99.5777
3988430	Santa Cruz de Rosales	Santa Cruz de Rosales	MX	5570	28.1872	-105.5560
3993519	Panindícuaro	Panindicuaro	MX	5565	19.9843	-101.7612
3515333	Tocatlán	Tocatlan	MX	5564	19.3886	-98.0274
3482886	Cuauhtémoc	Cuauhtemoc	MX	5563	22.5450	-98.1514
4024289	San Roque	San Roque	MX	5563	20.5990	-101.3413
3800348	San Juan Colorado	San Juan Colorado	MX	5561	16.4607	-97.9543
3615226	Alubarén	Alubaren	HN	5558	13.7961	-87.4689
3515369	Tlatenchi	Tlatenchi	MX	5555	18.5964	-99.1864
8858250	Pedro Amaro	Pedro Amaro	MX	5551	18.5964	-99.1731
4676032	Brady	Brady	US	5549	31.1352	-99.3351
3516515	Sotuta	Sotuta	MX	5548	20.5967	-89.0080
4715696	Nurillo	Nurillo	US	5547	26.2670	-98.1214
8858251	Adolfo López Mateos (El Tamarindo)	Adolfo Lopez Mateos (El Tamarindo)	MX	5546	24.8964	-107.6328
4013141	Colorines	Colorines	MX	5543	19.1783	-100.2182
4670562	Alton North (historical)	Alton North (historical)	US	5541	26.2953	-98.3045
3609293	Guanaja	Guanaja	HN	5538	16.4419	-85.8872
3987485	Puerto San Carlos	Puerto San Carlos	MX	5538	24.7887	-112.1050
3589774	San Mateo	San Mateo	GT	5534	14.8580	-91.5900
5302053	Litchfield Park	Litchfield Park	US	5533	33.4934	-112.3579
3517029	Santa Rosalía	Santa Rosalia	MX	5528	18.0885	-93.3581
3521411	Piste	Piste	MX	5528	20.6997	-88.5889
3530948	Chichimila	Chichimila	MX	5528	20.6318	-88.2169
3530532	Santa Maria Coatepec	Santa Maria Coatepec	MX	5524	19.1092	-97.5925
3518129	San Pablo Huitzo	San Pablo Huitzo	MX	5519	17.2774	-96.8853
3522531	Nueva Villa de Padilla	Nueva Villa de Padilla	MX	5517	24.0482	-98.9006
5516368	Anthony	Anthony	US	5517	31.9993	-106.6055
3817639	La Candelaria Tlapala	La Candelaria Tlapala	MX	5506	19.2404	-98.8477
4004688	Huanímaro	Huanimaro	MX	5505	20.3679	-101.4988
3517151	Santander Jiménez	Santander Jimenez	MX	5504	24.2164	-98.4845
3590384	San Bernardino	San Bernardino	GT	5501	14.5424	-91.4581
3825948	La Llave	La Llave	MX	5497	20.4663	-99.9937
3518722	San Juan Bautista Valle Nacional	San Juan Bautista Valle Nacional	MX	5488	17.7754	-96.3039
4019042	Ajuchitlán	Ajuchitlan	MX	5483	20.7075	-100.0209
3816465	El Triunfo	El Triunfo	MX	5478	16.2020	-91.8592
3604576	Morolica	Morolica	HN	5472	13.5667	-86.9000
9513837	San Miguel Totoltepec	San Miguel Totoltepec	MX	5471	19.3240	-99.5778
3703938	Natá	Nata	PA	5470	8.3359	-80.5213
3622884	Mercedes	Mercedes	CR	5467	9.2745	-83.5797
3992857	Pesquería	Pesqueria	MX	5465	25.7856	-100.0514
4014740	Cerro Gordo	Cerro Gordo	MX	5460	20.5932	-101.1266
4678357	Cameron	Cameron	US	5460	30.8532	-96.9769
3519480	San Dionisio Ocotepec	San Dionisio Ocotepec	MX	5459	16.7969	-96.3958
3616597	San Rafael del Norte	San Rafael del Norte	NI	5458	13.2125	-86.1109
4018043	Atemajac de Brizuela	Atemajac de Brizuela	MX	5457	20.1407	-103.7276
3818985	Tehuitzingo	Tehuitzingo	MX	5456	18.3319	-98.2759
8858252	Los Arcos	Los Arcos	MX	5446	18.8872	-99.0242
3601496	Santa Rosa de Aguán	Santa Rosa de Aguan	HN	5432	15.9500	-85.7167
3516846	Santo Domingo Petapa	Santo Domingo Petapa	MX	5429	16.8182	-95.1395
3995652	Mocorito	Mocorito	MX	5426	25.4815	-107.9213
4018209	Villa de Arriaga	Villa de Arriaga	MX	5426	21.9092	-101.3822
3800562	Bajos de Chila	Bajos de Chila	MX	5425	15.9231	-97.1209
3823816	Peñuela	Penuela	MX	5421	18.8642	-96.8945
3620734	Belén	Belen	NI	5415	11.5030	-85.8893
3602281	San Francisco de la Paz	San Francisco de la Paz	HN	5411	14.9000	-86.2000
3992405	Pitiquito	Pitiquito	MX	5410	30.6766	-112.0545
3526715	San Francisco Ixhuatan	San Francisco Ixhuatan	MX	5408	16.3511	-94.4840
3581398	Punta Gorda	Punta Gorda	BZ	5406	16.0983	-88.8097
3620084	Los Copeles	Los Copeles	NI	5406	12.2087	-85.3124
8858253	Villas de Alcalá	Villas de Alcala	MX	5405	25.9153	-100.1853
3993763	Palo Alto	Palo Alto	MX	5399	21.9171	-101.9628
3802082	Miguel Hidalgo	Miguel Hidalgo	MX	5397	18.2548	-93.3059
3514052	Zaragoza	Zaragoza	MX	5393	19.1483	-99.6440
8858254	Calera Chica	Calera Chica	MX	5392	18.8583	-99.1819
3814127	Huitel	Huitel	MX	5390	20.1648	-99.2736
3827283	San Andrés Ocotlán	San Andres Ocotlan	MX	5388	19.1930	-99.5861
3532895	San Miguel Ameyalco	San Miguel Ameyalco	MX	5387	19.3068	-99.4588
3817759	San Lorenzo Tlalmimilolpan	San Lorenzo Tlalmimilolpan	MX	5386	19.6673	-98.8722
3674569	Moñitos	Monitos	CO	5385	8.2500	-76.0500
3817761	San Sebastián Xolalpa	San Sebastian Xolalpa	MX	5383	19.6765	-98.8453
3815199	San José Teacalco	San Jose Teacalco	MX	5381	19.3356	-98.0645
3713959	Bocas del Toro	Bocas del Toro	PA	5380	9.3403	-82.2420
3801225	Tezonapa	Tezonapa	MX	5376	18.6071	-96.6842
4718491	Perezville	Perezville	US	5376	26.2245	-98.4006
4018436	San Juanito de Escobedo	San Juanito de Escobedo	MX	5373	20.7982	-104.0016
5316172	Summit	Summit	US	5372	32.0670	-110.9515
3591028	Purulhá	Purulha	GT	5370	15.2357	-90.2357
3532951	Amacuzac	Amacuzac	MX	5368	18.5986	-99.3694
3815184	San Benito Xaltocan	San Benito Xaltocan	MX	5367	19.4059	-98.1668
3818819	Chapulco	Chapulco	MX	5358	18.6259	-97.4047
3801621	San Antonino Castillo Velasco	San Antonino Castillo Velasco	MX	5354	16.8014	-96.6826
3980122	Villa Unión	Villa Union	MX	5350	28.2223	-100.7262
5528596	Post	Post	US	5349	33.1912	-101.3790
3601903	San Marcos	San Marcos	HN	5346	14.4079	-88.9553
3673142	Palmito	Palmito	CO	5345	9.3319	-75.5417
3518122	San Pablo Tecalco	San Pablo Tecalco	MX	5344	19.6731	-98.9584
3609681	Florida	Florida	HN	5340	15.0269	-88.8357
3986450	San Jose de Lourdes	San Jose de Lourdes	MX	5339	23.2765	-103.0097
3526927	Hueytamalco	Hueytamalco	MX	5335	19.9403	-97.2885
4005777	Valentín Gómez Farías	Valentin Gomez Farias	MX	5330	29.3579	-107.7390
3531816	Calderitas	Calderitas	MX	5326	18.5556	-88.2552
8858255	El Rincón Citlaltépetl	El Rincon Citlaltepetl	MX	5326	19.1556	-97.8944
4016272	Cajititlán	Cajititlan	MX	5323	20.4306	-103.3092
3607966	La Esperanza	La Esperanza	HN	5318	14.3016	-88.1672
3530834	Chinampa de Gorostiza	Chinampa de Gorostiza	MX	5317	21.3596	-97.7348
3523412	Mazatlán	Mazatlan	MX	5316	17.4360	-99.4644
5346986	Eucalyptus Hills	Eucalyptus Hills	US	5313	32.8798	-116.9467
3987310	San Diego de Alejandría	San Diego de Alejandria	MX	5312	20.9931	-101.9932
3517954	San Pedro Tlanixco	San Pedro Tlanixco	MX	5307	19.0626	-99.6524
3589433	Santa Clara La Laguna	Santa Clara La Laguna	GT	5306	14.7151	-91.3036
3994863	Nombre de Dios	Nombre de Dios	MX	5302	23.8489	-104.2471
3533473	Acamixtla	Acamixtla	MX	5301	18.5650	-99.5650
4718236	Pecan Plantation	Pecan Plantation	US	5294	32.3604	-97.6756
3815382	Santa María Ixtulco	Santa Maria Ixtulco	MX	5293	19.3253	-98.2084
8858256	San Francisco de Asís	San Francisco de Asis	MX	5291	20.5969	-102.5636
3532903	Amayuca	Amayuca	MX	5287	18.7241	-98.7976
3595366	Ipala	Ipala	GT	5283	14.6199	-89.6194
3523616	Manlio Fabio Altamirano	Manlio Fabio Altamirano	MX	5283	19.0942	-96.3335
4024263	Sarabia	Sarabia	MX	5280	20.5235	-101.0606
3517236	Santa María Magdalena Cahuacán	Santa Maria Magdalena Cahuacan	MX	5279	19.6380	-99.4135
3817693	Tequexquináhuac	Tequexquinahuac	MX	5279	19.4776	-98.8248
3827368	San Mateo Atarasquíllo	San Mateo Atarasquillo	MX	5273	19.3230	-99.4616
3585653	Guatajiagua	Guatajiagua	SV	5273	13.6667	-88.2000
3992967	Peñón Blanco	Penon Blanco	MX	5271	24.7920	-104.0342
3817354	Pilcaya	Pilcaya	MX	5270	18.7472	-99.6749
3523113	Mochitlán	Mochitlan	MX	5269	17.4721	-99.3701
4018435	Antonio Escobedo	Antonio Escobedo	MX	5269	20.8000	-104.0167
3981652	Tierra Nueva	Tierra Nueva	MX	5261	21.6690	-100.5729
3514906	Úrsulo Galván	Ursulo Galvan	MX	5259	19.4053	-96.3609
3982215	Tecolotes	Tecolotes	MX	5259	32.5667	-114.9833
3518379	San Mateo Ixtacalco	San Mateo Ixtacalco	MX	5258	19.6992	-99.1716
4015076	Casas Grandes	Casas Grandes	MX	5256	30.3775	-107.9520
3515056	Tulcingo de Valle	Tulcingo de Valle	MX	5249	18.0437	-98.4407
3622325	Pocora	Pocora	CR	5248	10.1720	-83.6026
3983032	Sinaloa de Leyva	Sinaloa de Leyva	MX	5240	25.8225	-108.2228
3519487	Xochimanca	Xochimanca	MX	5239	19.4905	-98.8243
3533082	Aldama	Aldama	MX	5237	18.2412	-93.3510
3521972	Panabá	Panaba	MX	5232	21.2965	-88.2702
3987923	San Andrés Ixtlán	San Andres Ixtlan	MX	5230	19.8204	-103.4703
3530871	Chilón	Chilon	MX	5228	17.2333	-92.4167
8858257	Jicaltepec Autopan	Jicaltepec Autopan	MX	5228	19.3717	-99.6408
3617187	Potosí	Potosi	NI	5222	11.4942	-85.8568
3991930	Pozo de Gamboa	Pozo de Gamboa	MX	5221	22.9486	-102.5709
3792378	Altos del Rosario	Altos del Rosario	CO	5220	8.7916	-74.1656
3620473	Villa El Carmen	Villa El Carmen	NI	5219	11.9801	-86.5057
3515691	Tezontepec	Tezontepec	MX	5214	19.8813	-98.8194
3526983	Huayacocotla	Huayacocotla	MX	5211	20.5367	-98.4808
5284905	Bisbee	Bisbee	US	5208	31.4481	-109.9284
4014450	Charo	Charo	MX	5207	19.7477	-101.0461
3827476	San José el Vidrio	San Jose el Vidrio	MX	5204	19.6533	-99.3842
3800500	Santos Reyes Nopala	Santos Reyes Nopala	MX	5201	16.1069	-97.1444
7260996	Camp Pendleton North	Camp Pendleton North	US	5200	33.3147	-117.3160
3515397	Tlanchinol	Tlanchinol	MX	5199	20.9895	-98.6594
3520020	Salto de Agua	Salto de Agua	MX	5199	17.5544	-92.3403
3985024	San Pedro Itzicán	San Pedro Itzican	MX	5199	20.3172	-102.9541
8858258	Villas de Irapuato	Villas de Irapuato	MX	5199	20.6872	-101.4053
3521830	Paso del Toro	Paso del Toro	MX	5197	19.0313	-96.1358
3530840	Chiná	China	MX	5194	19.7691	-90.4951
3514559	X-Cán	X-Can	MX	5191	20.8572	-87.6692
3986228	San José de Gracia	San Jose de Gracia	MX	5190	20.6747	-102.5699
8858259	Arbolada los Sauces	Arbolada los Sauces	MX	5190	19.8158	-99.0442
3518611	Tianguismanalco	Tianguismanalco	MX	5187	18.9762	-98.4486
8858260	Atoluca	Atoluca	MX	5187	19.8550	-97.3536
3517449	Santa Gertrudis	Santa Gertrudis	MX	5185	19.7333	-99.3667
3816366	Frontera Corozal	Frontera Corozal	MX	5184	16.8147	-90.8835
3616028	Tisma	Tisma	NI	5182	12.0819	-86.0174
3523399	Mecatlán	Mecatlan	MX	5181	20.2105	-97.6820
3979510	Delta	Delta	MX	5180	32.3545	-115.1964
3802097	Quintín Arauz	Quintin Arauz	MX	5178	18.3672	-93.2142
3583937	Rosario de Mora	Rosario de Mora	SV	5178	13.5753	-89.2089
3516813	Hueyotlipan	Hueyotlipan	MX	5176	18.8915	-97.8658
8858262	Pocitos	Pocitos	MX	5169	21.9217	-102.3347
3515853	Tepetzintla	Tepetzintla	MX	5166	21.1641	-97.8524
3516191	Tecali	Tecali	MX	5156	18.9006	-97.9706
3519634	San Bartolo Oxtotitlán	San Bartolo Oxtotitlan	MX	5155	19.6190	-99.6135
3529372	El Bosque	El Bosque	MX	5155	17.0625	-92.7210
3529243	El Castillo	El Castillo	MX	5154	19.5472	-96.8651
8858263	Anacleto Canabal 2da. Sección	Anacleto Canabal 2da. Seccion	MX	5153	17.9756	-93.0242
3526884	Huitzila	Huitzila	MX	5151	19.8120	-98.9558
4704940	Lakehills	Lakehills	US	5150	29.6047	-98.9431
3583905	San Alejo	San Alejo	SV	5149	13.4314	-87.9631
3981432	Todos Santos	Todos Santos	MX	5148	23.4469	-110.2231
3980123	Villa Union	Villa Union	MX	5147	28.2167	-100.7167
4022983	Doctor Mora	Doctor Mora	MX	5140	21.1420	-100.3211
3986471	San José Agua Azul	San Jose Agua Azul	MX	5139	20.4857	-100.6564
3530556	San Juan Coajomulco	San Juan Coajomulco	MX	5137	19.7531	-99.9686
4016092	Caltzontzin	Caltzontzin	MX	5136	19.4289	-102.0064
8858264	La Pastoría	La Pastoria	MX	5135	19.5431	-98.9111
4023262	Plan de Ayala	Plan de Ayala	MX	5134	21.0713	-101.7232
4675803	Bowie	Bowie	US	5126	33.5590	-97.8487
3982292	Tayoltita	Tayoltita	MX	5124	24.1028	-105.9308
5523335	Homestead Meadows North	Homestead Meadows North	US	5124	31.8496	-106.1728
3516526	Soteapan	Soteapan	MX	5118	18.2339	-94.8730
3817756	Santa Catarina	Santa Catarina	MX	5116	19.6366	-98.9265
3514972	Tzimol	Tzimol	MX	5112	16.1793	-92.1854
3590522	San Andrés Villa Seca	San Andres Villa Seca	GT	5102	14.5780	-91.5854
4011587	Ejido Hermosillo	Ejido Hermosillo	MX	5101	32.5116	-114.9230
3817755	San Bartolo	San Bartolo	MX	5099	19.6553	-98.9022
3514433	Xochitlan Todos Santos	Xochitlan Todos Santos	MX	5097	18.7039	-97.7761
3522493	Ocampo	Ocampo	MX	5095	22.8458	-99.3357
4686472	Doffing	Doffing	US	5091	26.2745	-98.3859
4743575	Zapata	Zapata	US	5089	26.9073	-99.2714
3515475	Tlacotepec	Tlacotepec	MX	5087	18.8140	-98.7507
8858266	Los Tuzos	Los Tuzos	MX	5087	20.0539	-98.7564
3516376	Tamiahua	Tamiahua	MX	5086	21.2788	-97.4462
4018499	Angostura	Angostura	MX	5086	25.3655	-108.1611
4025215	Capula	Capula	MX	5086	19.6737	-101.3924
4027374	San Luis de La Loma	San Luis de La Loma	MX	5085	17.2700	-100.8937
3817701	Xocotlán	Xocotlan	MX	5082	19.5163	-98.8463
3816491	Venustiano Carranza	Venustiano Carranza	MX	5081	16.1902	-91.9275
4003703	Jungapeo de Juárez	Jungapeo de Juarez	MX	5073	19.4586	-100.4945
4017152	Benjamín Hill	Benjamin Hill	MX	5071	30.1691	-111.1138
4694535	Granite Shoals	Granite Shoals	US	5071	30.5891	-98.3839
4693472	Giddings	Giddings	US	5064	30.1827	-96.9364
4710129	McGregor	McGregor	US	5064	31.4441	-97.4092
3532462	Bachajón	Bachajon	MX	5063	17.0396	-92.1899
3688397	Buenavista	Buenavista	CO	5062	9.0496	-76.0028
9515129	Chalchihuapan	Chalchihuapan	MX	5061	18.9718	-98.3370
3583065	Tacuba	Tacuba	SV	5055	13.9011	-89.9297
4017987	Atoyac	Atoyac	MX	5052	20.0094	-103.5167
3988251	Sain Alto	Sain Alto	MX	5037	23.5799	-103.2477
4709615	Mathis	Mathis	US	5037	28.0945	-97.8281
3815412	San Damián Texoloc	San Damian Texoloc	MX	5033	19.2783	-98.2854
4018518	Angamacutiro de la Unión	Angamacutiro de la Union	MX	5030	20.1506	-101.7102
3801045	Tamazulapam Villa del Progreso	Tamazulapam Villa del Progreso	MX	5028	17.6771	-97.5731
4001240	Lampazos de Naranjo	Lampazos de Naranjo	MX	5026	27.0255	-100.5042
4012593	Creel	Creel	MX	5026	27.7528	-107.6347
3612929	Cuyamel	Cuyamel	HN	5022	15.6651	-88.1948
3827418	San Bartolomé Coatepec	San Bartolome Coatepec	MX	5021	19.3978	-99.3121
3516410	Tamalín	Tamalin	MX	5019	21.3394	-97.8119
4720060	Port Isabel	Port Isabel	US	5016	26.0734	-97.2086
3526816	Paseos de Itzincab	Paseos de Itzincab	MX	5013	20.9164	-89.6982
8858267	Ex-Hacienda Santa Inés	Ex-Hacienda Santa Ines	MX	5013	19.7067	-99.0725
3521120	Primero de Mayo	Primero de Mayo	MX	5011	22.2278	-97.8205
3530362	Comoapan	Comoapan	MX	5009	18.4069	-95.1746
8858268	San Lorenzo Axocomanitla	San Lorenzo Axocomanitla	MX	5007	19.2239	-98.2486
3530604	Citlaltépec	Citlaltepec	MX	5005	21.3291	-97.8786
3996039	Mezcala	Mezcala	MX	5005	20.3357	-103.0179
4728052	Shady Hollow	Shady Hollow	US	5004	30.1649	-97.8622
3531782	San Martín Caltenco	San Martin Caltenco	MX	5003	18.8849	-97.8189
3526599	Jaltepec	Jaltepec	MX	5001	19.7296	-98.6346
3821726	Tres Palos	Tres Palos	MX	5001	16.8296	-99.7781
3603157	Puerto Lempira	Puerto Lempira	HN	5000	15.2657	-83.7744
8896716	Hacienda San Marcos [Fraccionamiento]	Hacienda San Marcos [Fraccionamiento]	MX	5000	21.8061	-102.2656
3617730	Masachapa	Masachapa	NI	5000	11.7869	-86.5142
3803064	Jalapa	Jalapa	MX	4999	17.7217	-92.8127
3616732	San Juan de Limay	San Juan de Limay	NI	4997	13.1760	-86.6123
3984771	San Simón de la Laguna	San Simon de la Laguna	MX	4996	19.2927	-100.0807
3822809	Tihosuco	Tihosuco	MX	4994	20.1964	-88.3736
5317170	Thatcher	Thatcher	US	4992	32.8492	-109.7592
8858269	Nueva Santa Rosa	Nueva Santa Rosa	MX	4990	19.5903	-98.9600
4703760	Krum	Krum	US	4990	33.2615	-97.2381
4012202	San Bartolo Cuitareo	San Bartolo Cuitareo	MX	4989	19.6514	-100.6011
3688128	Cáceres	Caceres	CO	4987	7.5808	-75.3484
3588040	Usumatlán	Usumatlan	GT	4987	14.9478	-89.7771
3517786	San Simón	San Simon	MX	4980	18.9673	-97.7120
3817947	Santiago Casandeje	Santiago Casandeje	MX	4977	19.7697	-99.9692
3526714	Ixhuatlancillo	Ixhuatlancillo	MX	4975	18.8977	-97.1490
3531674	Cancuc	Cancuc	MX	4970	16.9167	-92.4833
3515782	Terrenate	Terrenate	MX	4967	19.4767	-97.9202
3522211	Pacho Viejo	Pacho Viejo	MX	4965	19.4812	-96.9183
4011631	El Largo	El Largo	MX	4964	29.6865	-108.2750
3827477	San Francisco Magú	San Francisco Magu	MX	4962	19.6854	-99.3480
4690070	Falfurrias	Falfurrias	US	4962	27.2270	-98.1442
3514060	Zapotlán de Juárez	Zapotlan de Juarez	MX	4961	19.9763	-98.8642
4727290	Scenic Oaks	Scenic Oaks	US	4957	29.7108	-98.6759
3517588	Santa Cruz Ayotuxco	Santa Cruz Ayotuxco	MX	4952	19.3827	-99.3719
3986970	San Francisco Pichátaro	San Francisco Pichataro	MX	4952	19.5727	-101.8069
3674337	Morroa	Morroa	CO	4949	9.3335	-75.3054
3518258	San Miguel Mimlapan	San Miguel Mimlapan	MX	4949	19.4483	-99.4633
3994581	Numarán	Numaran	MX	4944	20.2550	-101.9472
3533047	San Miguel Almaya	San Miguel Almaya	MX	4941	19.2105	-99.4420
3529672	Dzan	Dzan	MX	4939	20.3899	-89.4685
3995142	Naica	Naica	MX	4938	27.8566	-105.4921
3515848	Tepexi	Tepexi	MX	4933	18.5811	-97.9261
4010589	Ejido la Ventana	Ejido la Ventana	MX	4931	24.0140	-106.8518
4013459	San José de Gracia	San Jose de Gracia	MX	4927	22.1473	-102.4153
3532878	San Pedro Amuzgos	San Pedro Amuzgos	MX	4925	16.6539	-98.0918
8858270	Las Torres	Las Torres	MX	4925	25.9517	-100.3181
4677392	Bulverde	Bulverde	US	4925	29.7438	-98.4531
3518651	San Juan Ixcaquixtla	San Juan Ixcaquixtla	MX	4922	18.4607	-97.8310
4742296	Willow Park	Willow Park	US	4922	32.7626	-97.6506
3589355	Santa Eulalia	Santa Eulalia	GT	4921	15.7306	-91.4585
3979430	Primo Tapia	Primo Tapia	MX	4921	32.2210	-116.9155
8858271	Colonia Venustiano Carranza	Colonia Venustiano Carranza	MX	4921	28.6386	-100.5567
3827000	San Agustín Mextepec	San Agustin Mextepec	MX	4920	19.6329	-99.9265
3991622	La Providencia	La Providencia	MX	4916	28.7228	-111.5872
3532602	Atlatongo	Atlatongo	MX	4913	19.6678	-98.9040
3526929	Hueyotlipan	Hueyotlipan	MX	4911	19.4709	-98.3478
3590030	San José del Golfo	San Jose del Golfo	GT	4908	14.7641	-90.3723
3594143	La Reforma	La Reforma	GT	4905	14.8010	-91.8223
3992327	Plateros	Plateros	MX	4902	23.2294	-102.8410
3514144	Zacoalpan	Zacoalpan	MX	4900	16.7432	-98.2883
4012699	Cosío	Cosio	MX	4898	22.3662	-102.3010
4012085	Cutzamala de Pinzón	Cutzamala de Pinzon	MX	4895	18.4664	-100.5788
3515767	Tetecala	Tetecala	MX	4893	18.7297	-99.3981
3979819	Zacualpan	Zacualpan	MX	4893	21.2481	-105.1658
4000597	La Punta	La Punta	MX	4889	20.5695	-103.2094
4021449	Villa Juárez	Villa Juarez	MX	4888	22.0944	-102.0699
5553284	Benson	Benson	US	4888	31.9679	-110.2945
3524469	La Ventosa	La Ventosa	MX	4884	16.5519	-94.9476
3984340	Santa Fe de la Laguna	Santa Fe de la Laguna	MX	4879	19.6732	-101.5560
3581905	Independence and Mango Creek	Independence and Mango Creek	BZ	4878	16.5344	-88.4188
3518479	San Luis Tehuiloyocan	San Luis Tehuiloyocan	MX	4878	19.0392	-98.3375
3581782	Lord’s Bank	Lord's Bank	BZ	4876	17.5446	-88.3333
3998214	Los Algodones	Los Algodones	MX	4874	32.7000	-114.7333
3516001	Santiago Tenango	Santiago Tenango	MX	4870	19.0034	-97.6443
3522130	Palmar de Bravo	Palmar de Bravo	MX	4870	18.8357	-97.5470
3827038	San Antonio Enchisi	San Antonio Enchisi	MX	4870	19.7547	-99.8167
3520876	Rafael J. García	Rafael J. Garcia	MX	4869	19.2541	-97.1831
3518286	San Miguel Balderas	San Miguel Balderas	MX	4866	19.1094	-99.6517
5520110	Denver City	Denver City	US	4864	32.9646	-102.8291
3516614	Socoltenango	Socoltenango	MX	4863	16.2450	-92.3501
3514454	Xochihuehuetlán	Xochihuehuetlan	MX	4859	17.9060	-98.4875
4726971	Sansom Park	Sansom Park	US	4858	32.8060	-97.4031
3517982	San Pedro Mártir	San Pedro Martir	MX	4855	17.9794	-94.6094
3527679	Puntilla Aldama	Puntilla Aldama	MX	4855	20.1896	-96.9085
8858272	San José el Cuartel	San Jose el Cuartel	MX	4855	18.9597	-99.5772
3517178	Zacatepec	Zacatepec	MX	4854	16.7637	-97.9903
3987398	San Clemente	San Clemente	MX	4852	20.5146	-100.0856
8858273	Colinas de Plata	Colinas de Plata	MX	4852	20.0783	-98.7267
3820891	Nuevo Progreso	Nuevo Progreso	MX	4851	18.6222	-92.2917
3517538	Santa Cruz Tlaxcala	Santa Cruz Tlaxcala	MX	4848	19.3547	-98.1508
3522439	Ocuituco	Ocuituco	MX	4846	18.8781	-98.7749
3690572	Acandí	Acandi	CO	4840	8.5116	-77.2772
3617532	Muy Muy	Muy Muy	NI	4839	12.7622	-85.6291
3519402	San Felipe Usila	San Felipe Usila	MX	4838	17.8855	-96.5268
8858274	Palomar	Palomar	MX	4837	20.5925	-103.4606
3526698	Ixtacomitán	Ixtacomitan	MX	4835	17.4306	-93.0969
3532197	Boca del Monte	Boca del Monte	MX	4832	19.1539	-96.8354
3515876	Tepepa	Tepepa	MX	4830	20.1257	-98.1788
3520038	Salitrillo	Salitrillo	MX	4829	19.4333	-99.8500
3533422	San Jerónimo Acazulco	San Jeronimo Acazulco	MX	4827	19.2656	-99.4163
3823859	Dos Ríos	Dos Rios	MX	4825	18.9463	-97.0289
4704931	Lake Worth	Lake Worth	US	4822	32.8049	-97.4450
3518892	San José Chiapa	San Jose Chiapa	MX	4821	19.2411	-97.7664
4722831	Rio Bravo	Rio Bravo	US	4818	27.3642	-99.4800
3998913	La Unión	La Union	MX	4812	26.8202	-109.6083
4004616	Huejuquilla el Alto	Huejuquilla el Alto	MX	4811	22.6282	-103.8933
3527117	Hidalgo	Hidalgo	MX	4810	26.0500	-98.2000
3519061	San Jerónimo Ocotitla	San Jeronimo Ocotitla	MX	4809	19.0313	-97.9636
3615352	Aguanqueterique	Aguanqueterique	HN	4807	13.9514	-87.6633
8858275	Unidad Acaquilpan	Unidad Acaquilpan	MX	4806	19.3669	-98.9392
3533036	Almoloya	Almoloya	MX	4802	19.7041	-98.4037
9870876	Tianguismanalco	Tianguismanalco	MX	4802	19.2412	-98.4229
3802358	Jalupa	Jalupa	MX	4800	18.1369	-93.0474
3995648	Moctezuma	Moctezuma	MX	4792	22.7479	-101.0822
3515570	Tilzapotla	Tilzapotla	MX	4789	18.4889	-99.2743
3515877	Tepeojuma	Tepeojuma	MX	4788	18.7247	-98.4463
7315379	Providence Village	Providence Village	US	4786	33.2334	-96.9616
3996423	Matancillas (San Isidro Matancillas)	Matancillas (San Isidro Matancillas)	MX	4784	21.8904	-101.6506
4006677	Escalerillas	Escalerillas	MX	4778	22.1117	-101.0730
3984997	San Quintín	San Quintin	MX	4777	30.5723	-115.9461
4714895	Nolanville	Nolanville	US	4774	31.0788	-97.6056
3588206	Tucurú	Tucuru	GT	4772	15.2940	-90.1192
3524186	Los Altos	Los Altos	MX	4771	21.5131	-97.7553
3517250	Santa María Huazolotitlán	Santa Maria Huazolotitlan	MX	4763	16.3026	-97.9129
3685649	Cruces de Anorí	Cruces de Anori	CO	4762	7.1833	-75.0667
3523222	Mier	Mier	MX	4762	26.4302	-99.1516
4013131	Comachuén	Comachuen	MX	4762	19.5719	-101.9049
3984571	Santa Catarina de Tepehuanes	Santa Catarina de Tepehuanes	MX	4761	25.3383	-105.7227
4012466	Cuanajo	Cuanajo	MX	4758	19.4855	-101.5088
3532279	Benito Juárez	Benito Juarez	MX	4752	19.3739	-97.9090
4711212	Midway North	Midway North	US	4752	26.1878	-98.0171
3522328	Opichén	Opichen	MX	4751	20.5519	-89.8570
3517618	Santa Clara Ocoyucan	Santa Clara Ocoyucan	MX	4747	18.9762	-98.3014
3714875	Alto Boquete	Alto Boquete	PA	4746	8.7362	-82.4333
3526924	Huhi	Huhi	MX	4745	20.7260	-89.1607
3827219	Enthavi	Enthavi	MX	4744	19.4984	-99.5750
4013045	Concepción de Buenos Aires	Concepcion de Buenos Aires	MX	4744	19.9784	-103.2605
3818938	Huehuetlan el Chico	Huehuetlan el Chico	MX	4742	18.3735	-98.6900
3991246	Purificación	Purificacion	MX	4740	19.7174	-104.6053
3669956	San Cristóbal	San Cristobal	CO	4737	9.8781	-75.2525
3623307	Juntas	Juntas	CR	4737	10.2808	-84.9591
3515690	Tezontepec de Aldama	Tezontepec de Aldama	MX	4731	20.1930	-99.2726
3519530	Sanctórum	Sanctorum	MX	4731	19.4933	-98.4716
3824981	Gabino Barreda	Gabino Barreda	MX	4726	18.1781	-96.0918
3994614	Churumuco de Morelos	Churumuco de Morelos	MX	4725	18.6637	-101.6475
3801981	San Francisco del Mar	San Francisco del Mar	MX	4724	16.3399	-94.5153
3982051	Tenería del Santuario	Teneria del Santuario	MX	4722	20.5991	-100.7985
3527920	San Lucas	San Lucas	MX	4716	16.6117	-92.7181
3530759	Cholul Cantón	Cholul Canton	MX	4716	21.0108	-89.2915
4011703	Ecuandureo	Ecuandureo	MX	4716	20.1625	-102.1947
4718381	Penitas	Penitas	US	4715	26.2306	-98.4447
3516174	San Pedro Techuchulco	San Pedro Techuchulco	MX	4713	19.1136	-99.5242
4703958	La Grange	La Grange	US	4712	29.9055	-96.8766
3982065	Tenamaxtlán	Tenamaxtlan	MX	4711	20.2174	-104.1636
3517988	San Pedro Jicayán	San Pedro Jicayan	MX	4710	16.4514	-98.0143
3517999	San Pedro el Alto	San Pedro el Alto	MX	4708	19.5843	-99.8805
3515394	Tlanepantla	Tlanepantla	MX	4707	18.8631	-97.8870
8858276	Paseo del Prado	Paseo del Prado	MX	4706	20.5644	-103.3892
4829208	Devine	Devine	US	4705	29.1400	-98.9053
3613601	Chinda	Chinda	HN	4702	15.1167	-88.2000
8858277	El Centenario	El Centenario	MX	4696	24.1025	-110.4144
3532975	Alto Lucero	Alto Lucero	MX	4693	19.6244	-96.7341
3995794	Minatitlán	Minatitlan	MX	4691	19.3667	-104.0667
3527092	Hoctun	Hoctun	MX	4686	20.8651	-89.2013
4012121	Cuquío	Cuquio	MX	4682	20.9276	-103.0239
3528165	Melchor Ocampo	Melchor Ocampo	MX	4679	19.9440	-99.2851
3599298	Cabañas	Cabanas	GT	4678	14.9333	-89.8000
4015520	Capula	Capula	MX	4678	19.7000	-101.8000
8858278	Fraccionamiento Ocuiltzapotlán Dos	Fraccionamiento Ocuiltzapotlan Dos	MX	4675	18.1089	-92.8678
3607540	La Libertad	La Libertad	HN	4673	14.7579	-87.6076
3599265	Cahabón	Cahabon	GT	4671	15.6066	-89.8117
3531790	Calmeca	Calmeca	MX	4669	18.6350	-98.6341
3988515	Rodeo	Rodeo	MX	4666	25.1794	-104.5606
4003270	La Calera	La Calera	MX	4665	20.8012	-101.3323
8858279	Los Torrentes	Los Torrentes	MX	4665	19.2019	-96.2114
3816681	Cristóbal Obregón	Cristobal Obregon	MX	4664	16.4325	-93.4569
3522468	Ocotepec	Ocotepec	MX	4663	17.2260	-93.1643
3532925	Amatenango del Valle	Amatenango del Valle	MX	4661	16.5272	-92.4347
3600966	Taulabé	Taulabe	HN	4660	14.6925	-87.9654
3522280	Otatitlán	Otatitlan	MX	4659	18.1771	-96.0335
3600422	Valle de Ángeles	Valle de Angeles	HN	4649	14.1578	-87.0426
3526808	Ignacio de la Llave	Ignacio de la Llave	MX	4646	18.7258	-95.9870
3526584	Jantetelco	Jantetelco	MX	4645	18.7159	-98.7772
3530691	Chunhuhub	Chunhuhub	MX	4644	19.5853	-88.5922
3519418	San Felipe Coamango	San Felipe Coamango	MX	4638	19.8590	-99.6068
3516005	Tenango	Tenango	MX	4633	16.9667	-92.4167
3817614	San Pedro Nexapa	San Pedro Nexapa	MX	4633	19.0836	-98.7372
3816009	El Jobo	El Jobo	MX	4632	16.7037	-93.1057
3825958	Paso de Mata	Paso de Mata	MX	4632	20.3422	-99.9272
4720672	Primera	Primera	US	4626	26.2259	-97.7580
3816105	Navenchauc	Navenchauc	MX	4625	16.7350	-92.7790
3515722	Texcalyacac	Texcalyacac	MX	4623	19.1325	-99.5016
4011005	El Barril	El Barril	MX	4620	23.0751	-102.1537
3530176	Cosautlán	Cosautlan	MX	4617	19.3320	-96.9903
3980167	Villa Hidalgo	Villa Hidalgo	MX	4617	22.3541	-101.7131
8858280	Santa Justina Ecatepec	Santa Justina Ecatepec	MX	4616	19.3108	-98.3550
8858281	Aquiles Serdán (San Fernando)	Aquiles Serdan (San Fernando)	MX	4613	17.8056	-92.4897
3589896	San Juan La Laguna	San Juan La Laguna	GT	4608	14.6945	-91.2867
3514689	Trinidad de Viguera	Trinidad de Viguera	MX	4608	17.1306	-96.7502
3617162	Pueblo Nuevo	Pueblo Nuevo	NI	4608	13.3798	-86.4808
3980391	San Gabriel	San Gabriel	MX	4606	19.7479	-103.7673
3515753	Teteltzingo	Teteltzingo	MX	4605	19.0514	-97.1446
3709285	Gatuncillo	Gatuncillo	PA	4605	9.2447	-79.6459
3995789	Mineral de Angangueo	Mineral de Angangueo	MX	4601	19.6206	-100.2844
3981981	Tepechitlán	Tepechitlan	MX	4600	21.6711	-103.3267
3972429	General Pánfilo Natera	General Panfilo Natera	MX	4599	22.6650	-102.1098
8858282	Tungareo	Tungareo	MX	4597	19.9083	-100.3664
3515202	Totolapa	Totolapa	MX	4596	16.5438	-92.6812
3516148	Tecolutla	Tecolutla	MX	4591	20.4805	-97.0131
11778443	Minatitlán	Minatitlan	MX	4588	19.3875	-104.0493
3624730	Batán	Batan	CR	4584	10.0835	-83.3341
3983481	San Vicente	San Vicente	MX	4583	21.9504	-105.2973
3827338	San Nicolás Tlazala	San Nicolas Tlazala	MX	4578	19.2262	-99.4637
8858283	Villa Magna	Villa Magna	MX	4577	19.6836	-101.3267
3817987	Santa Ana Ixtlahuaca (Santa Ana Ixtlahuacingo)	Santa Ana Ixtlahuaca (Santa Ana Ixtlahuacingo)	MX	4574	19.5847	-99.8875
3624436	Canoas	Canoas	CR	4573	8.5330	-82.8384
3827426	San Nicolás Peralta	San Nicolas Peralta	MX	4573	19.3595	-99.4856
4004271	Ixtlán de los Hervores	Ixtlan de los Hervores	MX	4573	20.1684	-102.3942
3523415	Mazatepec	Mazatepec	MX	4572	18.7288	-99.3642
4010260	General Lázaro Cárdenas	General Lazaro Cardenas	MX	4572	20.5619	-100.2449
3526883	Huitzilac	Huitzilac	MX	4568	19.0289	-99.2678
3761664	Higuerón	Higueron	MX	4568	18.5775	-99.1806
3524051	Los Guerra	Los Guerra	MX	4566	26.3914	-99.0789
3527119	Hidalgo	Hidalgo	MX	4558	24.2481	-99.4378
8858284	Tianguistengo (La Romera)	Tianguistengo (La Romera)	MX	4558	19.9142	-99.3258
4696922	Hebbronville	Hebbronville	US	4558	27.3069	-98.6803
3515685	Tezoyuca	Tezoyuca	MX	4555	18.8046	-99.2024
3516063	Telixtac	Telixtac	MX	4554	18.5598	-98.7762
3532467	Baca	Baca	MX	4553	21.1087	-89.3987
8858285	San Felipe	San Felipe	MX	4552	25.6928	-103.3825
3980151	Francisco I. Madero	Francisco I. Madero	MX	4550	24.4021	-104.3186
3987245	San Felipe Aztatán	San Felipe Aztatan	MX	4546	22.3838	-105.4190
3817531	El Salitre	El Salitre	MX	4544	18.9525	-99.5897
3986862	San Ignacio	San Ignacio	MX	4543	23.9398	-106.4250
8858286	Hacienda los Fresnos	Hacienda los Fresnos	MX	4541	20.5194	-103.3931
10347282	El Palmar	El Palmar	PA	4536	8.3056	-82.8508
3801590	San Sebastián Tutla	San Sebastian Tutla	MX	4534	17.0583	-96.6760
8858287	El Pedregal de Guadalupe Hidalgo	El Pedregal de Guadalupe Hidalgo	MX	4534	19.2528	-99.4650
3516125	Tecpatán	Tecpatan	MX	4530	17.1354	-93.3104
3519925	San Andrés Hueyacatitla	San Andres Hueyacatitla	MX	4529	19.2560	-98.5363
5531548	Sparks	Sparks	US	4529	31.6726	-106.2397
3823425	Tlaltetela	Tlaltetela	MX	4528	19.3142	-96.9010
3517687	Santa Catarina	Santa Catarina	MX	4521	18.9697	-99.1403
3530926	Chicontepec	Chicontepec	MX	4519	20.9721	-98.1724
4018100	Asientos	Asientos	MX	4517	22.2381	-102.0893
8764398	Carbó	Carbo	MX	4516	29.6833	-110.9579
4023244	San Juan de Abajo	San Juan de Abajo	MX	4514	21.0555	-101.6340
3616572	San Sebastián de Yalí	San Sebastian de Yali	NI	4514	13.3054	-86.1864
3526877	Huitziltepec	Huitziltepec	MX	4513	17.7559	-99.4790
3530775	Chocholá	Chochola	MX	4511	20.7508	-89.8299
3981944	Tepezalá	Tepezala	MX	4511	22.2230	-102.1677
4708016	Lost Creek	Lost Creek	US	4509	30.2955	-97.8444
3817933	La Magdalena	La Magdalena	MX	4505	19.9480	-99.9995
3519289	Atexcatzingo	Atexcatzingo	MX	4504	19.4688	-98.1472
3821997	Las Vigas	Las Vigas	MX	4504	16.7614	-99.2294
8754520	Providencia	Providencia	MX	4501	27.5122	-109.9886
3517665	Santa Catarina Mechoacán	Santa Catarina Mechoacan	MX	4500	16.3351	-97.8362
3525491	La Libertad	La Libertad	MX	4500	14.5917	-92.1932
3521207	Potrero del Llano	Potrero del Llano	MX	4498	21.0727	-97.7330
3995847	Mina	Mina	MX	4495	26.0011	-100.5299
3985031	San Pedro de los Naranjos	San Pedro de los Naranjos	MX	4494	20.2261	-100.9375
3823413	Estanzuela	Estanzuela	MX	4492	19.4608	-96.8582
3980617	Valle de Guadalupe	Valle de Guadalupe	MX	4492	21.0115	-102.6170
4019085	Ahualulco del Sonido Trece	Ahualulco del Sonido Trece	MX	4492	22.4002	-101.1661
3514326	Yaonahuac	Yaonahuac	MX	4489	19.8708	-97.4659
8858288	Campestre las Palomas [Fraccionamiento]	Campestre las Palomas [Fraccionamiento]	MX	4488	20.8178	-103.4517
3984079	Santa María del Oro	Santa Maria del Oro	MX	4482	21.3335	-104.5868
3518743	San Acateno	San Acateno	MX	4481	19.8753	-97.3669
8858289	Villa Licenciado Jesús Terán (Calvillito)	Villa Licenciado Jesus Teran (Calvillito)	MX	4481	21.8253	-102.1878
3826911	San Mateo Tlalchichilpan	San Mateo Tlalchichilpan	MX	4478	19.3428	-99.7577
3515757	Teteles de Avila Castillo	Teteles de Avila Castillo	MX	4471	19.8575	-97.4570
3527878	Villa Emiliano Zapata	Villa Emiliano Zapata	MX	4469	19.3635	-96.6578
3532053	Buenavista	Buenavista	MX	4468	17.9167	-92.5333
3823818	Paraje Nuevo	Paraje Nuevo	MX	4465	18.8786	-96.8627
3517995	San Pedro Huaquilpan	San Pedro Huaquilpan	MX	4459	19.9914	-98.8676
4696862	Hearne	Hearne	US	4456	30.8785	-96.5930
11791879	Santa Cruz Quilehtla	Santa Cruz Quilehtla	MX	4455	19.2153	-98.2218
3514414	Xometla	Xometla	MX	4454	19.6428	-98.8817
3513969	Zumpahuacán	Zumpahuacan	MX	4450	18.9164	-99.5657
3982766	Suchitlán	Suchitlan	MX	4450	19.3751	-103.7103
3514634	San José Vista Hermosa	San Jose Vista Hermosa	MX	4447	18.6546	-99.2655
4029501	La Piedad	La Piedad	MX	4441	20.5790	-100.2554
3987383	San Cristóbal	San Cristobal	MX	4439	20.6578	-101.4762
3815423	San Jorge Tezoquipan	San Jorge Tezoquipan	MX	4438	19.3209	-98.3132
3516763	Santa Isabel Xiloxoxtla	Santa Isabel Xiloxoxtla	MX	4436	19.2679	-98.2140
8858290	Tenango	Tenango	MX	4436	16.9047	-92.2614
3517294	Acuexcomac	Acuexcomac	MX	4432	19.0374	-98.3850
3676912	La Unión	La Union	CO	4427	8.8497	-75.2794
3526486	Jitotol	Jitotol	MX	4427	17.0675	-92.8602
3482935	Graciano Sánchez	Graciano Sanchez	MX	4426	22.6544	-98.5548
4700455	Jacksboro	Jacksboro	US	4424	33.2184	-98.1587
3814481	San Ildefonso	San Ildefonso	MX	4423	19.9968	-99.3697
3521073	Pueblo Nuevo	Pueblo Nuevo	MX	4422	19.9371	-99.9153
3595224	Jerez	Jerez	GT	4421	14.0908	-89.7511
3589776	San Martín Zapotitlán	San Martin Zapotitlan	GT	4419	14.6079	-91.6061
3592086	Ocós	Ocos	GT	4417	14.5100	-92.1930
3526646	Jacala	Jacala	MX	4415	21.0084	-99.1918
3988149	El Salitre	El Salitre	MX	4408	20.6660	-100.4229
3517399	Santa Isabel Ixtapan	Santa Isabel Ixtapan	MX	4407	19.5865	-98.9467
3515120	Tres Picos	Tres Picos	MX	4403	15.8821	-93.5287
3817771	Santiago Tolman	Santiago Tolman	MX	4402	19.7278	-98.7901
3827490	Loma Alta	Loma Alta	MX	4402	19.6894	-99.4492
3979755	El Zapote	El Zapote	MX	4401	21.1144	-102.8070
3818675	Xalacapan de Lucke	Xalacapan de Lucke	MX	4398	19.9040	-97.5905
3981483	Tlacote el Bajo	Tlacote el Bajo	MX	4396	20.6629	-100.5068
4682380	Coleman	Coleman	US	4393	31.8274	-99.4265
8858291	Panuaya	Panuaya	MX	4392	20.1950	-99.2708
4005870	General Cepeda	General Cepeda	MX	4382	25.3777	-101.4757
3827237	San Mateo Mozoquilpan	San Mateo Mozoquilpan	MX	4381	19.4341	-99.5547
3517875	San Rafael Ixtapalucan	San Rafael Ixtapalucan	MX	4379	19.2919	-98.5583
3519216	San Gregorio Atzompa	San Gregorio Atzompa	MX	4378	19.0235	-98.3482
8858292	Lo de Juárez	Lo de Juarez	MX	4378	20.7683	-101.3411
4001301	La Moncada	La Moncada	MX	4377	20.2832	-100.8055
3827415	San Juan Yautepec	San Juan Yautepec	MX	4374	19.3489	-99.3405
8858293	Santiago Etla	Santiago Etla	MX	4374	17.1525	-96.7897
3827472	San Miguel Hila	San Miguel Hila	MX	4373	19.5936	-99.3253
3519192	San Ildefonso	San Ildefonso	MX	4371	19.5611	-99.7858
3617143	Puerto Sandino	Puerto Sandino	NI	4371	12.1957	-86.7601
3814172	El Rosario	El Rosario	MX	4370	20.2430	-99.0241
4726311	San Diego	San Diego	US	4368	27.7639	-98.2389
3533157	Ahuatepec	Ahuatepec	MX	4366	18.8583	-97.9176
3980349	San Vicente	San Vicente	MX	4362	31.3262	-116.2483
3515490	Tlacoachistlahuaca	Tlacoachistlahuaca	MX	4359	16.8107	-98.3003
3986954	San Gabriel	San Gabriel	MX	4358	21.0185	-103.0143
3515933	Teotitlán del Valle	Teotitlan del Valle	MX	4357	17.0296	-96.5196
4017233	Buaysiacobe	Buaysiacobe	MX	4356	27.0688	-109.6860
4717624	Parker	Parker	US	4352	33.0554	-96.6219
3518220	Zozutla	Zozutla	MX	4351	18.7543	-97.6548
5342353	Del Mar	Del Mar	US	4351	32.9595	-117.2653
3622663	Orosi	Orosi	CR	4350	9.7962	-83.8538
3519412	San Felipe del Progreso	San Felipe del Progreso	MX	4350	19.7144	-99.9520
4006180	Franco	Franco	MX	4349	20.9441	-101.4527
3515290	Tomatlán	Tomatlan	MX	4348	19.0310	-97.0099
3802428	Lomitas	Lomitas	MX	4347	18.0647	-92.9614
3532813	Apango	Apango	MX	4345	17.7411	-99.3280
3987423	San Cayetano	San Cayetano	MX	4345	21.4493	-104.8148
3519926	San Andrés Huayápam	San Andres Huayapam	MX	4344	17.1026	-96.6651
3995154	Nadadores	Nadadores	MX	4343	27.0282	-101.5942
3519658	San Bartolome Xicomulco	San Bartolome Xicomulco	MX	4340	19.2061	-99.0682
3688396	Buenavista	Buenavista	CO	4339	9.2143	-74.3136
8858294	San Bernabé Temoxtitla	San Bernabe Temoxtitla	MX	4338	18.9972	-98.3308
4722065	Redwood	Redwood	US	4338	29.8102	-97.9114
8858295	Villas de la Loma	Villas de la Loma	MX	4336	19.6900	-101.2994
4707859	Lopezville	Lopezville	US	4333	26.2381	-98.1597
8858296	Molino Abajo	Molino Abajo	MX	4330	19.4497	-99.6022
3588588	Tajumulco	Tajumulco	GT	4329	15.0835	-91.9223
3516396	Tamasopo	Tamasopo	MX	4326	21.9243	-99.3936
3995647	Moctezuma (Sonora)	Moctezuma (Sonora)	MX	4326	29.8061	-109.6795
4003520	Barra de Navidad	Barra de Navidad	MX	4324	19.2081	-104.6807
3589577	San Rafael Pie de la Cuesta	San Rafael Pie de la Cuesta	GT	4320	14.9305	-91.9139
3623258	La Cruz	La Cruz	CR	4319	11.0738	-85.6327
3985303	San Miguel Totolapan	San Miguel Totolapan	MX	4319	18.1599	-100.3895
3986396	San José de Bácum	San Jose de Bacum	MX	4318	27.5147	-110.1443
8858297	Jicaltepec Cuexcontitlán	Jicaltepec Cuexcontitlan	MX	4318	19.3731	-99.6275
3993984	Pabellón de Hidalgo	Pabellon de Hidalgo	MX	4316	22.1768	-102.3402
8858298	General Lázaro Cárdenas (El Colorado)	General Lazaro Cardenas (El Colorado)	MX	4315	20.5639	-100.2439
3605031	Mapulaca	Mapulaca	HN	4314	14.0333	-88.6167
3522617	Nueva Ciudad Guerrero	Nueva Ciudad Guerrero	MX	4312	26.5641	-99.2262
3530482	Cocula	Cocula	MX	4310	18.2360	-99.6610
3514833	Veinte de Noviembre	Veinte de Noviembre	MX	4309	14.9773	-92.2651
4012173	Culiacancito	Culiacancito	MX	4309	24.8249	-107.5344
4029461	Colonia los Ángeles	Colonia los Angeles	MX	4309	20.5352	-100.4883
4695270	Groesbeck	Groesbeck	US	4304	31.5243	-96.5339
3518131	San Pablo Guilá	San Pablo Guila	MX	4303	16.8031	-96.4401
3581447	Placencia	Placencia	BZ	4300	16.5142	-88.3665
4029583	La D	La D	MX	4298	20.4397	-100.1544
3585427	Jocoro	Jocoro	SV	4298	13.6167	-88.0167
3523745	Magdalena Teitipac	Magdalena Teitipac	MX	4297	16.9043	-96.5581
3531434	Castillo de Teayo	Castillo de Teayo	MX	4297	20.7493	-97.6303
8858299	Tatoxcac	Tatoxcac	MX	4297	19.8694	-97.5731
3531632	Cansahcab	Cansahcab	MX	4293	21.1580	-89.1021
3821727	San Pedro las Playas	San Pedro las Playas	MX	4292	16.8229	-99.7316
3710087	El Progreso	El Progreso	PA	4292	9.2574	-79.1149
4703997	La Joya	La Joya	US	4291	26.2470	-98.4814
3827339	San Pedro Atlapulco	San Pedro Atlapulco	MX	4288	19.2440	-99.3950
3980387	Venustiano Carranza	Venustiano Carranza	MX	4288	25.3519	-102.9571
3516510	Soyaniquilpan	Soyaniquilpan	MX	4287	20.0149	-99.5302
3616070	Teustepe	Teustepe	NI	4287	12.4203	-85.7980
3518676	San Juan Guichicovi	San Juan Guichicovi	MX	4284	16.9623	-95.0942
3530303	Conejos	Conejos	MX	4284	19.9752	-99.2424
4678111	Caldwell	Caldwell	US	4283	30.5313	-96.6930
8858300	Cereso del Hongo	Cereso del Hongo	MX	4278	32.4842	-116.2506
3522731	Nicolás Ruiz	Nicolas Ruiz	MX	4277	16.4389	-92.5822
3532779	Aquiles Serdán	Aquiles Serdan	MX	4277	17.7833	-92.2833
3827039	San Pedro del Rosal	San Pedro del Rosal	MX	4277	19.7781	-99.8125
3600608	Trinidad	Trinidad	HN	4276	15.1424	-88.2332
4701686	Jourdanton	Jourdanton	US	4275	28.9180	-98.5464
5356096	Heber	Heber	US	4275	32.7309	-115.5297
5317867	Tortolita	Tortolita	US	4274	32.4104	-111.0173
4002325	La Fuente	La Fuente	MX	4272	20.5523	-100.0364
9618707	Tecoanapa	Tecoanapa	MX	4268	16.9877	-99.2600
3514007	Zongozotla	Zongozotla	MX	4266	19.9793	-97.7275
3998337	Loma Pelada	Loma Pelada	MX	4262	20.5722	-101.2942
3517713	Santa Apolonia Teacalco	Santa Apolonia Teacalco	MX	4261	19.2415	-98.3119
3531391	Cazones de Herrera	Cazones de Herrera	MX	4260	20.7042	-97.3099
3816950	Buenos Aires	Buenos Aires	MX	4260	14.8898	-92.4812
3526275	Komchén	Komchen	MX	4259	21.1035	-89.6615
3624379	Carrillos	Carrillos	CR	4258	10.0292	-84.2740
5490374	Santa Teresa	Santa Teresa	US	4258	31.8559	-106.6392
3621762	San Marcos	San Marcos	CR	4255	9.6601	-84.0203
3514592	Xalpatláhuac	Xalpatlahuac	MX	4255	17.4711	-98.6057
3982287	Teacapán	Teacapan	MX	4252	22.5397	-105.7379
3518605	San Juan Tuxtepec	San Juan Tuxtepec	MX	4251	19.8587	-99.6329
3827413	Dos Ríos	Dos Rios	MX	4249	19.3747	-99.3436
3986990	San Francisco del Oro	San Francisco del Oro	MX	4249	26.8632	-105.8484
8858301	Villa Jiménez	Villa Jimenez	MX	4249	19.9231	-101.7469
5534109	Wolfforth	Wolfforth	US	4249	33.5059	-102.0091
8858302	Tacopan	Tacopan	MX	4248	19.8375	-97.4311
3515758	Tetelco	Tetelco	MX	4246	19.2167	-98.9729
3705894	Lídice	Lidice	PA	4245	8.7487	-79.9097
3596940	El Jícaro	El Jicaro	GT	4242	14.9133	-89.8965
4000705	La Presa	La Presa	MX	4241	21.7994	-105.2012
3977203	Bajío de San José	Bajio de San Jose	MX	4238	21.6752	-102.1161
3531872	Cochoapa	Cochoapa	MX	4237	16.7221	-98.3744
3518720	San Juan Cacahuatepec	San Juan Cacahuatepec	MX	4236	16.6153	-98.1550
4027456	San Luis San Pedro	San Luis San Pedro	MX	4236	17.2651	-100.8809
3515762	Tetela de Ocampo	Tetela de Ocampo	MX	4234	19.8177	-97.8069
3617204	Poneloya	Poneloya	NI	4232	12.3783	-87.0422
3998956	La Trinidad	La Trinidad	MX	4230	25.7334	-108.4837
4017758	Bácum	Bacum	MX	4227	27.5514	-110.0826
3516915	Santiago Tezontlale	Santiago Tezontlale	MX	4226	20.1622	-99.0990
3522235	Ozuluama de Mascareñas	Ozuluama de Mascarenas	MX	4225	21.6604	-97.8505
4829206	Dilley	Dilley	US	4223	28.6675	-99.1706
3815401	Tetlatlahuca	Tetlatlahuca	MX	4218	19.2323	-98.2956
3998147	Los Ángeles	Los Angeles	MX	4217	25.6024	-108.4809
4683696	Cotulla	Cotulla	US	4216	28.4369	-99.2350
8858303	Santa María de Guadalupe	Santa Maria de Guadalupe	MX	4213	19.8211	-99.1278
3532041	Buenavista	Buenavista	MX	4212	18.2279	-94.9329
3591092	Pueblo Nuevo Viñas	Pueblo Nuevo Vinas	GT	4211	14.2258	-90.4761
3532490	Azoyú	Azoyu	MX	4211	16.7331	-98.6016
4733485	Sparks	Sparks	US	4211	30.9285	-97.3597
3518235	San Miguel Tenextatiloyan	San Miguel Tenextatiloyan	MX	4209	19.7097	-97.5977
3814150	Teltipán de Juárez	Teltipan de Juarez	MX	4207	20.1154	-99.2020
4004161	Jalcocotán	Jalcocotan	MX	4207	21.4805	-105.0994
3820892	San Antonio Cárdenas	San Antonio Cardenas	MX	4206	18.6145	-92.2239
3519477	Yauhquemehcan	Yauhquemehcan	MX	4204	19.4070	-98.1823
8858304	Santa María la Asunción	Santa Maria la Asuncion	MX	4200	19.2675	-99.5525
4682698	Comanche	Comanche	US	4197	31.8974	-98.6037
4016756	Briseñas de Matamoros	Brisenas de Matamoros	MX	4193	20.2688	-102.5618
5495937	University Park	University Park	US	4192	32.2834	-106.7533
3590318	San Cristóbal Totonicapán	San Cristobal Totonicapan	GT	4191	14.9168	-91.4406
3984700	Santa Ana Amatlán	Santa Ana Amatlan	MX	4189	19.1611	-102.5399
4734864	Sullivan City	Sullivan City	US	4189	26.2776	-98.5636
5533510	Westway	Westway	US	4188	31.9587	-106.5781
3621153	Upala	Upala	CR	4185	10.8991	-85.0137
3980627	Valle de Ignacio Allende	Valle de Ignacio Allende	MX	4185	26.9351	-105.3939
4012957	Contepec	Contepec	MX	4184	19.9552	-100.1634
3607647	La Jutosa	La Jutosa	HN	4183	15.6417	-87.9920
4025194	Jesús del Monte	Jesus del Monte	MX	4182	19.6518	-101.1519
8858305	2da. Sección de Medio Monte	2da. Seccion de Medio Monte	MX	4182	14.8819	-92.1844
4002207	La Griega	La Griega	MX	4181	20.6663	-100.2400
3616659	San Miguelito	San Miguelito	NI	4181	11.4025	-84.8999
3517007	Santa Teresa	Santa Teresa	MX	4178	20.8887	-98.3830
3521274	Popola	Popola	MX	4176	20.7332	-88.2374
7315164	Avenue B and C	Avenue B and C	US	4176	32.7190	-114.6600
4018835	Aldama	Aldama	MX	4175	20.8174	-101.3149
3600629	Tras Cerros	Tras Cerros	HN	4174	15.3000	-88.6667
3702427	Puerto Caimito	Puerto Caimito	PA	4174	8.8739	-79.7157
3584190	Ozatlán	Ozatlan	SV	4171	13.3833	-88.5000
4712319	Morgans Point Resort	Morgans Point Resort	US	4170	31.1482	-97.4633
4014384	Chichimequillas	Chichimequillas	MX	4169	20.7653	-100.3358
3827566	San Pedro Xalpa	San Pedro Xalpa	MX	4168	19.8267	-99.1847
3979554	Benito Juárez	Benito Juarez	MX	4167	32.5680	-114.9963
3706396	Las Margaritas	Las Margaritas	PA	4165	9.1918	-79.0867
3532580	San Antonio Atotonilco	San Antonio Atotonilco	MX	4162	19.3747	-98.4658
3530144	Coxquihui	Coxquihui	MX	4160	20.1840	-97.5857
3705562	Los Algarrobos	Los Algarrobos	PA	4160	8.4967	-82.4242
3514986	Santa Ana Tzacuala	Santa Ana Tzacuala	MX	4156	20.1971	-98.2030
4013081	Compuertas	Compuertas	MX	4156	25.8417	-109.0194
4000433	La Rinconada	La Rinconada	MX	4155	20.0430	-102.2881
3514440	Xochistlahuaca	Xochistlahuaca	MX	4152	16.7944	-98.2411
3524292	Llera de Canales	Llera de Canales	MX	4148	23.3177	-99.0254
3531789	Calnali	Calnali	MX	4147	20.8975	-98.5837
4025185	Cuto del Porvenir	Cuto del Porvenir	MX	4147	19.8713	-101.1442
3519927	San Andrés Huaxpaltepec	San Andres Huaxpaltepec	MX	4146	16.3295	-97.9162
3523619	Mani	Mani	MX	4146	20.3877	-89.3919
3531118	Chapulhuacán	Chapulhuacan	MX	4143	21.1557	-98.9037
4004872	Hidalgo	Hidalgo	MX	4143	25.4903	-103.1402
3984072	Santa María del Valle	Santa Maria del Valle	MX	4142	20.8786	-102.3800
3618924	Jiquilillo	Jiquilillo	NI	4142	12.7459	-87.4516
4829219	Hickory Creek	Hickory Creek	US	4139	33.1223	-97.0431
4017546	Gonzales Ortega	Gonzales Ortega	MX	4137	23.1806	-102.4759
3531258	Chacaltianguis	Chacaltianguis	MX	4133	18.3053	-95.8417
3532621	Atlacholoaya	Atlacholoaya	MX	4131	18.7431	-99.2263
3527094	Hocaba	Hocaba	MX	4127	20.8162	-89.2463
3590973	Quezaltepeque	Quezaltepeque	GT	4126	14.6355	-89.4424
3526915	Huiloapan de Cuauhtémoc	Huiloapan de Cuauhtemoc	MX	4125	18.8172	-97.1544
8724576	El Chote	El Chote	MX	4124	20.4017	-97.3439
3522959	Morelos Cañada	Morelos Canada	MX	4121	18.7355	-97.4207
3516909	Santiago Yaitepec	Santiago Yaitepec	MX	4120	16.2263	-97.2695
3529954	Cucuyulapa	Cucuyulapa	MX	4120	17.9909	-93.2559
3814474	Tepojaco	Tepojaco	MX	4119	19.8407	-98.9482
3590195	San Gabriel	San Gabriel	GT	4118	14.5108	-91.5075
5519254	Colorado City	Colorado City	US	4117	32.3882	-100.8646
3817754	San Marcos Nepantla	San Marcos Nepantla	MX	4116	19.6693	-98.9320
4016696	Buenavista	Buenavista	MX	4115	20.8238	-100.4704
3800523	San José del Progreso	San Jose del Progreso	MX	4110	16.0961	-97.6970
3624822	Bagaces	Bagaces	CR	4108	10.5254	-85.2554
3982768	Súchil	Suchil	MX	4107	23.6221	-103.9222
3517426	Ahuatempan	Ahuatempan	MX	4105	18.4127	-98.0185
5312845	San Carlos	San Carlos	US	4103	33.3459	-111.8507
3533390	Actopan	Actopan	MX	4102	19.5043	-96.6167
4026682	Calvario del Carmen	Calvario del Carmen	MX	4101	19.6356	-100.0103
4729284	Smithville	Smithville	US	4101	30.0085	-97.1594
3819040	Calipan	Calipan	MX	4099	18.2952	-97.1638
4718153	Pecan Acres	Pecan Acres	US	4099	32.9701	-97.4747
3519539	San Cristóbal Amatlán	San Cristobal Amatlan	MX	4097	16.3178	-96.4092
3520874	Rafael Lucio	Rafael Lucio	MX	4097	19.5931	-96.9902
4024942	El Sabino	El Sabino	MX	4095	20.2818	-101.0029
4719021	Pilot Point	Pilot Point	US	4093	33.3965	-96.9606
4029421	Pie de Gallo	Pie de Gallo	MX	4089	20.7851	-100.4941
3623369	Jacó	Jaco	CR	4085	9.6150	-84.6298
3530916	Chicxulub Pueblo	Chicxulub Pueblo	MX	4080	21.1371	-89.5160
3827186	Santa María del Llano	Santa Maria del Llano	MX	4078	19.6344	-99.7250
3713715	Buena Vista	Buena Vista	PA	4077	9.2739	-79.6958
3516642	Singuilucan	Singuilucan	MX	4076	19.9676	-98.5186
3521925	Papalotla	Papalotla	MX	4076	19.5634	-98.8568
8858306	San Francisco Tepeyecac	San Francisco Tepeyecac	MX	4072	19.2486	-98.4383
8858308	Axotlán	Axotlan	MX	4071	19.6942	-99.2394
3581066	Shipyard	Shipyard	BZ	4070	17.8938	-88.6545
3981466	Tlalchapa	Tlalchapa	MX	4067	18.4088	-100.4760
3993118	Pegueros	Pegueros	MX	4063	20.9533	-102.6682
8858309	La Galarza	La Galarza	MX	4063	18.6678	-98.4553
3984558	Santa Clara	Santa Clara	MX	4061	24.4750	-103.3569
3621265	Tobosi	Tobosi	CR	4060	9.8384	-83.9839
3815720	Nueva Esperanza	Nueva Esperanza	MX	4059	17.2475	-92.4552
3993455	Parácuaro	Paracuaro	MX	4058	20.1440	-100.7627
11085957	Zumpahuacán	Zumpahuacan	MX	4056	18.8372	-99.5808
8858310	San Buenaventura Tecaltzingo	San Buenaventura Tecaltzingo	MX	4055	19.2478	-98.4606
4019219	Agua Verde	Agua Verde	MX	4053	22.8922	-105.9736
4019701	Agostitlán	Agostitlan	MX	4048	19.5380	-100.6180
3516509	Soyataco	Soyataco	MX	4046	18.2097	-93.0744
4001562	La Loma	La Loma	MX	4045	25.4641	-103.6733
3518679	San Juan Evangelista	San Juan Evangelista	MX	4044	17.8862	-95.1396
3988265	Sahuaripa	Sahuaripa	MX	4041	29.0542	-109.2337
3518364	San Mateo Texcalyacac	San Mateo Texcalyacac	MX	4038	19.1667	-99.4667
5312844	San Carlos	San Carlos	US	4038	33.3456	-110.4550
3519274	San Francisco del Mar Viejo	San Francisco del Mar Viejo	MX	4033	16.2319	-94.6330
3526450	Joquicingo	Joquicingo	MX	4033	19.0503	-99.5337
3826954	Mayorazgo de León	Mayorazgo de Leon	MX	4030	19.4689	-99.7437
5289961	Citrus Park	Citrus Park	US	4028	33.5487	-112.4443
8858311	Campestre Flamboyanes	Campestre Flamboyanes	MX	4027	21.2100	-89.6578
3533432	Acaxochitlán	Acaxochitlan	MX	4026	20.1587	-98.2015
3818940	Tlancualpican	Tlancualpican	MX	4024	18.4333	-98.7000
4003155	La Cantera	La Cantera	MX	4024	19.8641	-102.4083
4012842	Coroneo	Coroneo	MX	4024	20.2000	-100.3655
8858312	Villas de la Laguna	Villas de la Laguna	MX	4024	19.8361	-99.0900
11087404	Santa María Nenetzintla	Santa Maria Nenetzintla	MX	4024	19.0541	-97.9666
3526538	Jesús Carranza	Jesus Carranza	MX	4023	17.4353	-95.0264
3607419	La Masica	La Masica	HN	4022	15.6167	-87.1167
8858313	Alianza Real	Alianza Real	MX	4022	25.8514	-100.3828
3595255	Iztapa	Iztapa	GT	4020	13.9333	-90.7075
4670582	Alvarado	Alvarado	US	4015	32.4065	-97.2117
3516511	Soyaló	Soyalo	MX	4014	16.8905	-92.9240
3523907	Los Reyes	Los Reyes	MX	4012	19.6852	-99.7645
3522742	Nicolás Bravo	Nicolas Bravo	MX	4011	18.4591	-88.9280
3825094	El Salto de Eyipantla	El Salto de Eyipantla	MX	4011	18.3895	-95.2028
4000915	La Partida	La Partida	MX	4010	25.5912	-103.2997
3994969	Nextipac	Nextipac	MX	4008	20.7669	-103.5260
3515487	Tlacojalpan	Tlacojalpan	MX	4006	18.2310	-95.9468
3533381	Acuitlapán	Acuitlapan	MX	4006	18.6016	-99.5431
3980614	Valle de Juárez	Valle de Juarez	MX	4006	19.9323	-102.9437
3972973	Río Florido	Rio Florido	MX	4005	23.3454	-102.9905
3515170	Transfiguración	Transfiguracion	MX	4002	19.5771	-99.4195
9816309	Coecillo	Coecillo	MX	4002	20.9771	-101.4504
3818758	Máximo Serdán	Maximo Serdan	MX	3998	19.2630	-97.8282
3612840	Dolores	Dolores	HN	3997	14.5333	-89.1167
8858314	Colonia Revolución	Colonia Revolucion	MX	3995	28.2417	-105.4436
3532534	Ayahualulco	Ayahualulco	MX	3994	17.5022	-99.1825
3526928	Hueypoxtla	Hueypoxtla	MX	3989	19.9130	-99.0738
3980201	Villachuato	Villachuato	MX	3986	20.1481	-101.6338
3821007	Xpujil	Xpujil	MX	3984	18.5026	-89.3961
5330008	Bonsall	Bonsall	US	3982	33.2889	-117.2256
3621501	San Vito	San Vito	CR	3981	8.8208	-82.9709
9613543	San Bartolo Coyotepec	San Bartolo Coyotepec	MX	3981	16.9584	-96.7093
3527113	Hidalgotitlán	Hidalgotitlan	MX	3980	17.7705	-94.6470
3827235	San Agustín Mimbres	San Agustin Mimbres	MX	3977	19.4507	-99.5563
3526725	Ixcatepec	Ixcatepec	MX	3975	21.2371	-98.0065
3820759	Bolonchén de Rejón	Bolonchen de Rejon	MX	3975	20.0036	-89.7481
3817802	San Felipe Teotitlán	San Felipe Teotitlan	MX	3974	19.8043	-98.7011
3985769	San Lorenzo	San Lorenzo	MX	3971	19.5269	-102.1098
4014508	Charapan	Charapan	MX	3968	19.6504	-102.2517
4009717	Golfo de Santa Clara	Golfo de Santa Clara	MX	3967	31.6893	-114.4951
3604518	Naco	Naco	HN	3966	15.3911	-88.1831
3532263	Bernal	Bernal	MX	3965	20.7403	-99.9412
3979983	Yago	Yago	MX	3965	21.8369	-105.0637
3532559	Soledad Atzompa	Soledad Atzompa	MX	3964	18.7256	-97.1845
3523611	Reyes Mantecón	Reyes Mantecon	MX	3962	16.9072	-96.7270
4014179	Chiquilistlán	Chiquilistlan	MX	3962	20.0881	-103.8601
3516477	Sumidero	Sumidero	MX	3959	18.9040	-97.0222
3518739	San Juan Amecac	San Juan Amecac	MX	3956	18.8347	-98.6591
4720036	Port Aransas	Port Aransas	US	3955	27.8339	-97.0611
3590249	San Francisco	San Francisco	GT	3954	16.7978	-89.9351
3820793	Villa Madero	Villa Madero	MX	3954	19.5283	-90.6992
3824522	Zacate Colorado	Zacate Colorado	MX	3952	20.4977	-97.5253
4024946	Victoria de Cortazar	Victoria de Cortazar	MX	3950	20.3347	-101.0319
3519599	San Buenaventura	San Buenaventura	MX	3949	19.8221	-99.3255
3532930	Amatán	Amatan	MX	3947	17.3733	-92.8179
3818810	Cuesta Blanca	Cuesta Blanca	MX	3946	18.8454	-97.4675
8858315	Loma Larga	Loma Larga	MX	3945	19.6275	-99.3461
8858316	Nejapa	Nejapa	MX	3944	17.6139	-99.1450
3517821	San Sebastián	San Sebastian	MX	3942	19.8550	-97.3706
4010897	El Burrión	El Burrion	MX	3942	25.5402	-108.4100
3530369	San Pedro Comitancillo	San Pedro Comitancillo	MX	3941	16.4909	-95.1575
3521074	Pueblo Nuevo	Pueblo Nuevo	MX	3940	19.6742	-99.6175
3617569	Moyogalpa	Moyogalpa	NI	3940	11.5401	-85.6980
3515744	Tetiz	Tetiz	MX	3939	20.9634	-89.9339
3525203	La Perla	La Perla	MX	3939	18.9282	-97.1336
3703786	Ocú	Ocu	PA	3939	7.9452	-80.7773
3982028	Teocuitatlán de Corona	Teocuitatlan de Corona	MX	3938	20.0924	-103.3781
3995490	Monte Escobedo	Monte Escobedo	MX	3937	22.3031	-103.5618
4710485	Medina	Medina	US	3935	26.9212	-99.2595
3523296	Metlaltoyuca	Metlaltoyuca	MX	3934	20.7356	-97.8519
3823479	Los Altos	Los Altos	MX	3934	19.4456	-97.2019
3582524	Bullet Tree Falls	Bullet Tree Falls	BZ	3932	17.1680	-89.1110
3993456	Parácuaro	Paracuaro	MX	3932	19.1473	-102.2186
3827097	Las Huertas	Las Huertas	MX	3931	19.9722	-99.5561
4013688	Cloete	Cloete	MX	3930	27.9234	-101.1760
3523078	Molango de Escamilla	Molango de Escamilla	MX	3929	20.7875	-98.7303
3526588	Jamapa	Jamapa	MX	3928	19.0418	-96.2414
4742385	Wilmer	Wilmer	US	3928	32.5890	-96.6853
3614095	Caridad	Caridad	HN	3927	13.8272	-87.6931
3525265	La Palmilla	La Palmilla	MX	3927	20.0192	-97.1456
3527457	General Bravo	General Bravo	MX	3927	25.7930	-99.1802
8858317	La Trinidad Chautenco	La Trinidad Chautenco	MX	3927	19.0900	-98.2639
3601899	San Marcos	San Marcos	HN	3923	15.3025	-88.4160
3517256	Santa María del Monte	Santa Maria del Monte	MX	3922	19.2897	-99.8235
4003886	Jomulco	Jomulco	MX	3922	21.1029	-104.4255
8858318	Real Hacienda (Metrópolis)	Real Hacienda (Metropolis)	MX	3921	19.7506	-101.1969
4026952	Pantla	Pantla	MX	3917	17.7386	-101.6364
8858319	C-32 (Licenciado Francisco Trujillo Gurría)	C-32 (Licenciado Francisco Trujillo Gurria)	MX	3917	17.9683	-93.5014
3532469	Azumbilla	Azumbilla	MX	3914	18.6455	-97.3982
8858320	Hércules	Hercules	MX	3914	28.0431	-103.7911
3523905	Los Reyes	Los Reyes	MX	3910	20.1554	-98.1637
3825060	Calería	Caleria	MX	3910	18.4288	-95.1774
3616888	San Dionisio	San Dionisio	NI	3910	12.7602	-85.8502
3522923	Motzorongo	Motzorongo	MX	3909	18.6427	-96.7297
3665792	Yalí	Yali	CO	3908	6.6746	-74.8343
3518729	Cuicatlan	Cuicatlan	MX	3908	17.8027	-96.9594
4671212	Argyle	Argyle	US	3905	33.1212	-97.1834
3516507	Soyatitán	Soyatitan	MX	3904	16.2943	-92.4240
5528669	Presidio	Presidio	US	3904	29.5607	-104.3722
3620172	Diriá	Diria	NI	3903	11.8842	-86.0551
3984519	Santa Cruz	Santa Cruz	MX	3902	20.7094	-100.3034
3988449	Roque	Roque	MX	3900	20.5817	-100.8382
3616871	San Fernando	San Fernando	NI	3899	13.6776	-86.3149
3813281	Huitzitzilingo	Huitzitzilingo	MX	3898	21.1729	-98.6565
3515663	Ticumán	Ticuman	MX	3897	18.7599	-99.1194
3515799	Tequila	Tequila	MX	3897	18.7300	-97.0699
3714201	Bejuco	Bejuco	PA	3897	8.6050	-79.8865
3815407	Santa Cruz Aquiahuac	Santa Cruz Aquiahuac	MX	3896	19.2394	-98.2822
8858322	Delfino Victoria (Santa Fe)	Delfino Victoria (Santa Fe)	MX	3896	19.2075	-96.2733
5519648	Crane	Crane	US	3895	31.3974	-102.3501
3980782	Ures municipality	Ures municipality	MX	3894	29.4271	-110.3876
8858323	San Antonio	San Antonio	MX	3890	19.6672	-101.2681
8858324	San Pedro Zacachimalpa	San Pedro Zacachimalpa	MX	3889	18.9428	-98.1561
3827015	San Juan de las Manzanas	San Juan de las Manzanas	MX	3887	19.5511	-99.8383
3972702	General Enrique Estrada	General Enrique Estrada	MX	3887	22.9966	-102.7428
3523697	Santa María Malacatepec	Santa Maria Malacatepec	MX	3885	18.9415	-98.3022
3802278	Libertad	Libertad	MX	3885	18.1812	-93.3688
3516371	Tamos	Tamos	MX	3883	22.2197	-97.9972
8858325	Ichán	Ichan	MX	3883	19.8581	-102.0542
4029582	Arcila	Arcila	MX	3881	20.4105	-100.1093
4025182	Mariano Escobedo	Mariano Escobedo	MX	3880	19.9648	-101.0598
3591210	Pochuta	Pochuta	GT	3879	14.5445	-91.0890
3827158	Santa Clara de Juárez	Santa Clara de Juarez	MX	3878	19.7191	-99.6069
3824597	Felipe Carrillo Puerto	Felipe Carrillo Puerto	MX	3877	20.1374	-96.9524
3514026	Zinacantán	Zinacantan	MX	3876	16.7600	-92.7230
9872120	San Marcos Contla	San Marcos Contla	MX	3875	19.1992	-98.1995
3533022	Alpoyeca	Alpoyeca	MX	3874	17.6710	-98.5098
3600139	Zambrano	Zambrano	HN	3873	14.2667	-87.4000
3515434	Tlalnepantla	Tlalnepantla	MX	3872	19.0084	-98.9976
3515567	Timucuy	Timucuy	MX	3872	20.8105	-89.5147
3526505	Jilotepec	Jilotepec	MX	3871	19.6118	-96.9517
4029485	La Solana	La Solana	MX	3871	20.7452	-100.3945
3980172	Villa Guerrero	Villa Guerrero	MX	3869	21.9829	-103.5951
8858326	Peña Flores (Palo Verde)	Pena Flores (Palo Verde)	MX	3867	18.8672	-98.9683
4013568	Coeneo de la Libertad	Coeneo de la Libertad	MX	3865	19.8208	-101.5843
3516920	Santiago Tepatlaxco	Santiago Tepatlaxco	MX	3864	19.4748	-99.3441
3518249	San Miguel Quetzaltepec	San Miguel Quetzaltepec	MX	3860	16.9755	-95.7621
3614218	Cane	Cane	HN	3859	14.2793	-87.6579
3526347	Jumiltepec	Jumiltepec	MX	3859	18.9138	-98.7766
3517519	Santa Cruz Xitla	Santa Cruz Xitla	MX	3857	16.3223	-96.6727
3801460	María Lombardo de Caso	Maria Lombardo de Caso	MX	3857	17.4493	-95.4282
3990207	Lázaro Cárdenas (Rancho Grande)	Lazaro Cardenas (Rancho Grande)	MX	3857	23.4506	-102.9625
4717006	Ovilla	Ovilla	US	3855	32.5265	-96.8864
3817502	Santiago Oxtotitlán	Santiago Oxtotitlan	MX	3853	18.9615	-99.6683
3995236	Mulegé	Mulege	MX	3851	26.8914	-111.9826
3624198	Puerto Cortés	Puerto Cortes	CR	3850	8.9617	-83.5246
4692962	Garden Ridge	Garden Ridge	US	3850	29.6347	-98.3053
3526977	Huazulco	Huazulco	MX	3847	18.7529	-98.7754
4029417	Montenegro	Montenegro	MX	3844	20.7633	-100.4286
3827427	Colonia Álvaro Obregón	Colonia Alvaro Obregon	MX	3843	19.3769	-99.4948
3700070	Villa Rosario	Villa Rosario	PA	3843	8.7797	-79.8735
3998907	La Unión del Cuatro	La Union del Cuatro	MX	3841	20.5299	-103.3698
5355318	Harbison Canyon	Harbison Canyon	US	3841	32.8203	-116.8300
3517281	Ayoquezco de Aldama	Ayoquezco de Aldama	MX	3833	16.6843	-96.8436
3824493	Estero del Ídolo	Estero del Idolo	MX	3833	20.8902	-97.6588
8858327	La Trinidad	La Trinidad	MX	3832	18.9664	-99.5808
3523744	Magdalena Tequisistlán	Magdalena Tequisistlan	MX	3829	16.3991	-95.6029
3514658	Villa Victoria	Villa Victoria	MX	3827	19.4369	-99.9959
4716599	Olivarez	Olivarez	US	3827	26.2284	-97.9922
3532588	Atlzayanca	Atlzayanca	MX	3826	19.4311	-97.7956
8858328	Puerto Esmeralda	Puerto Esmeralda	MX	3826	18.1478	-94.5178
4688071	Eastland	Eastland	US	3825	32.4015	-98.8176
3581984	Guinea Grass	Guinea Grass	BZ	3821	17.9670	-88.5984
3533058	Aljojuca	Aljojuca	MX	3821	19.0993	-97.5297
8858329	Melchor Ocampo	Melchor Ocampo	MX	3821	18.0369	-93.3625
3983635	Santiago Maravatío	Santiago Maravatio	MX	3820	20.1729	-100.9954
3616721	San Juan de Río Coco	San Juan de Rio Coco	NI	3820	13.5448	-86.1650
5529592	Rosita North	Rosita North	US	3818	28.6564	-100.4222
3517978	San Pedro Mixtepec Distrito Veintiséis	San Pedro Mixtepec Distrito Veintiseis	MX	3816	16.2719	-96.2839
3604478	Naranjito	Naranjito	HN	3813	14.9530	-88.6833
3825170	Estación Juanita	Estacion Juanita	MX	3813	17.8089	-95.2175
3826965	Guadalupe Cachi	Guadalupe Cachi	MX	3812	19.6011	-99.8250
3995731	San Isidro Miranda	San Isidro Miranda	MX	3810	20.5692	-100.3227
3531010	Chiapilla	Chiapilla	MX	3809	16.5700	-92.7199
8858330	La Providencia	La Providencia	MX	3806	19.7583	-99.1467
3802438	El Cedro	El Cedro	MX	3805	18.0270	-92.9476
8858331	Colonia Lomas de San Ramón (Triquis)	Colonia Lomas de San Ramon (Triquis)	MX	3805	30.7017	-116.0028
3515184	Totutla	Totutla	MX	3802	19.2117	-96.9612
8858332	La Joya	La Joya	MX	3800	19.2764	-99.7589
3994536	Ocampo	Ocampo	MX	3799	19.5832	-100.3390
4014603	Chalchihuites	Chalchihuites	MX	3799	23.4773	-103.8838
5325305	Avalon	Avalon	US	3799	33.3428	-118.3278
3994968	Neutla	Neutla	MX	3797	20.7058	-100.8402
3516893	Santo Domingo	Santo Domingo	MX	3796	15.0307	-92.1036
3523717	Mahuixtlan	Mahuixtlan	MX	3794	19.4095	-96.9175
4002800	La Concha	La Concha	MX	3794	25.6359	-103.3785
3589554	Sansare	Sansare	GT	3792	14.7457	-90.1162
3483506	Matlapa	Matlapa	MX	3792	21.3365	-98.8278
4681521	Cisco	Cisco	US	3791	32.3882	-98.9792
3817599	San Juan Tepecoculco	San Juan Tepecoculco	MX	3790	18.9831	-98.7875
3817712	La Purificación	La Purificacion	MX	3790	19.5244	-98.8173
3996933	Madrid	Madrid	MX	3790	19.0841	-103.8703
3979618	Zóquite	Zoquite	MX	3788	22.7853	-102.4225
3974771	Praxédis Guerrero	Praxedis Guerrero	MX	3787	31.3667	-106.0167
4001034	La Palma	La Palma	MX	3787	20.1485	-102.7619
3516488	Sucilá	Sucila	MX	3785	21.1566	-88.3147
3972672	Chaparrosa	Chaparrosa	MX	3785	23.0845	-102.2769
8858333	San Bartolomé Aguas Calientes	San Bartolome Aguas Calientes	MX	3781	20.4956	-100.5483
3522347	Omealca	Omealca	MX	3780	18.7473	-96.7852
3518844	Ixtapa	Ixtapa	MX	3779	18.7160	-97.4594
3814126	Mangas	Mangas	MX	3776	20.1863	-99.2487
8858334	General Felipe Ángeles (Los Ángeles)	General Felipe Angeles (Los Angeles)	MX	3776	19.8975	-98.9261
3981727	Teuchitlán	Teuchitlan	MX	3774	20.6848	-103.8492
8858335	Colinas del Aeropuerto	Colinas del Aeropuerto	MX	3774	25.8170	-100.1026
8858336	San Bartolomé Cuahuixmatlac	San Bartolome Cuahuixmatlac	MX	3774	19.2933	-98.1481
3977506	El Cambio	El Cambio	MX	3773	25.6402	-103.3289
3816106	Pasté	Paste	MX	3771	16.7042	-92.7411
4682169	Clyde	Clyde	US	3771	32.4060	-99.4937
3825163	Nuevo Ixcatlán	Nuevo Ixcatlan	MX	3770	17.6414	-95.4381
9172205	San Lucas Totolmaloya	San Lucas Totolmaloya	MX	3770	20.1633	-99.8972
3603627	Pinalejo	Pinalejo	HN	3767	15.3871	-88.3921
3825059	Sihuapan	Sihuapan	MX	3767	18.4366	-95.1783
4672145	Ballinger	Ballinger	US	3767	31.7382	-99.9473
3827228	San Diego Alcalá	San Diego Alcala	MX	3766	19.4512	-99.6212
8858337	Vistas del Maguey [Fraccionamiento]	Vistas del Maguey [Fraccionamiento]	MX	3765	20.5281	-102.5233
3523260	Mezcala	Mezcala	MX	3763	17.9324	-99.6026
3820798	Santo Domingo Kesté	Santo Domingo Keste	MX	3763	19.4997	-90.5114
5391503	Salton City	Salton City	US	3763	33.2987	-115.9561
4004738	Hostotipaquillo	Hostotipaquillo	MX	3762	21.0582	-104.0498
3514584	Xaltepuxtla	Xaltepuxtla	MX	3761	20.1755	-97.9721
3522013	Palomares	Palomares	MX	3760	17.1382	-95.0623
8858338	Barrio Santa Cruz	Barrio Santa Cruz	MX	3757	19.3514	-99.6628
3526989	Huautla	Huautla	MX	3755	21.0314	-98.2873
8858339	Santa María Texmelucan	Santa Maria Texmelucan	MX	3754	19.2942	-98.5378
3517521	Manzana Tercera de Santa Cruz Tepexpan	Manzana Tercera de Santa Cruz Tepexpan	MX	3753	19.5692	-99.7036
3533327	Agua Buena	Agua Buena	MX	3753	21.9579	-99.3942
3985019	San Pedro Lagunillas	San Pedro Lagunillas	MX	3753	21.2218	-104.7511
11087502	Benito Juárez	Benito Juarez	MX	3751	19.0091	-97.8572
3686065	Colosó	Coloso	CO	3749	9.4948	-75.3527
3994563	Nurio	Nurio	MX	3749	19.6557	-102.1295
3600458	Valladolid	Valladolid	HN	3747	14.1500	-88.7333
3517288	Santa María Apaxco	Santa Maria Apaxco	MX	3747	19.9552	-99.1868
4026635	Santiago Coachochitlan	Santiago Coachochitlan	MX	3746	19.8629	-100.0345
3595674	Génova	Genova	GT	3744	14.6222	-91.8358
3516236	Tasquillo	Tasquillo	MX	3744	20.5484	-99.3122
3483327	Ramírez	Ramirez	MX	3743	25.9513	-97.7856
8858340	El Saucillo (Fraccionamiento)	El Saucillo (Fraccionamiento)	MX	3743	20.0678	-98.7319
3516427	Tahdziu	Tahdziu	MX	3742	20.2051	-88.9455
3991567	Pueblo Nuevo	Pueblo Nuevo	MX	3741	20.5255	-101.3716
4021384	Las Norias de Ojocaliente	Las Norias de Ojocaliente	MX	3741	21.8894	-102.2174
3817584	Cerro La Calera	Cerro La Calera	MX	3740	19.1833	-99.8167
3827012	Emilio Portes Gil	Emilio Portes Gil	MX	3737	19.6444	-99.9167
3622537	Parrita	Parrita	CR	3734	9.5217	-84.3229
4000901	Villa de la Paz	Villa de la Paz	MX	3734	23.6762	-100.7117
3614705	Bonito Oriental	Bonito Oriental	HN	3732	15.7477	-85.7356
4024570	San José de Llanos	San Jose de Llanos	MX	3732	20.8546	-101.3102
4014938	Ceballos	Ceballos	MX	3730	26.5241	-104.1302
9511674	San Juan del Llanito	San Juan del Llanito	MX	3729	20.5129	-100.5407
3526711	Ixil	Ixil	MX	3728	21.1538	-89.4818
3977161	Paso de Cuarenta	Paso de Cuarenta	MX	3727	21.5041	-101.7525
8858341	Santiago Chimalpa (Chimalpa)	Santiago Chimalpa (Chimalpa)	MX	3727	19.5692	-98.8917
10347320	Los Algarrobos Arriba	Los Algarrobos Arriba	PA	3727	8.5200	-82.4245
8858342	San Esteban (San Miguel Tateposco)	San Esteban (San Miguel Tateposco)	MX	3726	20.7989	-103.3744
4017743	Badiraguato	Badiraguato	MX	3725	25.3628	-107.5508
8858343	Plutarco Elías Calles (La Y Griega)	Plutarco Elias Calles (La Y Griega)	MX	3725	30.8019	-112.7183
3518539	Ometepec	Ometepec	MX	3724	18.8544	-97.8535
4004691	Huáncito	Huancito	MX	3722	19.8490	-102.0679
8858344	Yoshib	Yoshib	MX	3722	16.8453	-92.4461
3520120	Sacalum	Sacalum	MX	3721	20.4965	-89.5903
3529863	Cuzama	Cuzama	MX	3721	20.7420	-89.3173
3822147	Pueblo Hidalgo	Pueblo Hidalgo	MX	3716	16.9521	-98.6560
3533195	Ahuatitla	Ahuatitla	MX	3710	21.1651	-98.6647
3991692	Primero de Mayo	Primero de Mayo	MX	3710	25.7399	-108.9348
3514270	San Agustín Yatareni	San Agustin Yatareni	MX	3709	17.0818	-96.6656
3595282	Ixtahuacán	Ixtahuacan	GT	3708	15.4169	-91.7693
3519979	San Agustín Etla	San Agustin Etla	MX	3708	17.1865	-96.7666
8858346	Hacienda San Pedro	Hacienda San Pedro	MX	3707	25.9147	-100.1628
8858347	Forjadores de Pachuca	Forjadores de Pachuca	MX	3706	20.0550	-98.7633
3814496	Tinajas	Tinajas	MX	3705	19.9006	-99.3663
3518708	San Juan Cotzocón	San Juan Cotzocon	MX	3700	17.1637	-95.7826
3816461	Lázaro Cárdenas	Lazaro Cardenas	MX	3699	16.1165	-91.8335
3518488	San Luis Ayucán	San Luis Ayucan	MX	3693	19.4960	-99.3631
3979962	Yavaros	Yavaros	MX	3692	26.7051	-109.5203
4705564	Laureles	Laureles	US	3692	26.1092	-97.4942
3533503	Abasolo del Valle	Abasolo del Valle	MX	3691	17.7831	-95.5456
3530560	Coacuilco	Coacuilco	MX	3689	21.1034	-98.5864
4012873	Corerepe	Corerepe	MX	3689	25.6282	-108.7154
8858348	Unidad Habitacional José María Morelos y Pavón	Unidad Habitacional Jose Maria Morelos y Pavon	MX	3688	18.6202	-99.2188
4006820	Emiliano Zapata	Emiliano Zapata	MX	3687	19.9918	-102.6143
5307460	Oracle	Oracle	US	3686	32.6109	-110.7709
5290124	Clifton	Clifton	US	3685	33.0509	-109.2962
3525962	La Concepción	La Concepcion	MX	3684	19.6066	-96.9021
4014178	Chiquilistlán	Chiquilistlan	MX	3683	20.2000	-103.8167
3593500	La Unión	La Union	GT	3682	14.9666	-89.2902
8858349	San Miguel Jaltocan	San Miguel Jaltocan	MX	3681	19.7231	-99.0503
8858350	C-41 (Licenciado Carlos A. Madrazo)	C-41 (Licenciado Carlos A. Madrazo)	MX	3680	17.9231	-93.4481
3994534	Ocampo	Ocampo	MX	3679	27.3148	-102.3966
3617388	Palacagüina	Palacaguina	NI	3678	13.4557	-86.4062
3522917	Moyotepec	Moyotepec	MX	3677	18.7221	-98.9949
3532634	Atengo	Atengo	MX	3677	20.1732	-99.3261
3827381	San Lorenzo Tlacoyucan	San Lorenzo Tlacoyucan	MX	3676	19.1761	-99.0322
3985006	San Pedro Tenango	San Pedro Tenango	MX	3674	20.5071	-100.6330
3988153	Salitral de Carrera	Salitral de Carrera	MX	3669	22.8661	-102.0831
3821939	Xalpatláhuac	Xalpatlahuac	MX	3668	17.0233	-99.3307
3518118	San Pablo Tolimán	San Pablo Toliman	MX	3667	20.8570	-99.8999
4002135	Laguna de Guadalupe	Laguna de Guadalupe	MX	3667	21.7989	-101.3569
4687151	Dublin	Dublin	US	3664	32.0851	-98.3420
4012209	Cuisillos	Cuisillos	MX	3663	20.6094	-103.7760
3589720	San Miguel Ixtahuacán	San Miguel Ixtahuacan	GT	3662	15.2725	-91.7478
8858351	Santiago Puriatzícuaro	Santiago Puriatzicuaro	MX	3660	19.8831	-100.5886
8858352	Fraccionamiento Costa Dorada	Fraccionamiento Costa Dorada	MX	3660	19.2083	-96.2164
3589778	San Martín Sacatepéquez	San Martin Sacatepequez	GT	3658	14.8244	-91.6419
3518132	San Pablo Etla	San Pablo Etla	MX	3658	17.1440	-96.7481
4027699	El Paraíso	El Paraiso	MX	3656	17.3436	-100.2281
8858353	Colonia 2 de Septiembre	Colonia 2 de Septiembre	MX	3656	19.7006	-99.1167
3986643	San Isidro Mazatepec	San Isidro Mazatepec	MX	3655	20.5224	-103.6130
4011493	Nuevo León	Nuevo Leon	MX	3655	32.4095	-115.1890
3521816	Paso Hondo	Paso Hondo	MX	3654	15.6839	-92.0186
4015471	Carácuaro de Morelos	Caracuaro de Morelos	MX	3653	19.0172	-101.1272
4004618	Huejúcar	Huejucar	MX	3647	22.3589	-103.2108
3532869	Anáhuac	Anahuac	MX	3642	25.7768	-97.7759
8858354	Toreo Bajo (El Toreo Bajo)	Toreo Bajo (El Toreo Bajo)	MX	3642	19.4447	-102.0044
4016484	Bustamante	Bustamante	MX	3640	26.5323	-100.5072
3681029	Hatillo de Loba	Hatillo de Loba	CO	3639	8.9564	-74.0782
3689870	Angostura	Angostura	CO	3639	6.8851	-75.3347
3517377	Sanata Lucía	Sanata Lucia	MX	3639	19.7481	-98.9807
9520604	Benito Juárez	Benito Juarez	MX	3639	19.3125	-100.4344
3523120	Santa María Mixtequilla	Santa Maria Mixtequilla	MX	3638	16.3756	-95.2602
3818912	San Juan Raboso	San Juan Raboso	MX	3637	18.5715	-98.4396
3981947	Tepetixtla	Tepetixtla	MX	3636	17.2155	-100.1172
3981492	Tixtlancingo	Tixtlancingo	MX	3635	17.0571	-99.9614
3589249	Santa María Ixhuatán	Santa Maria Ixhuatan	GT	3634	14.1900	-90.2747
3526287	Kimbila	Kimbila	MX	3633	20.9340	-89.1247
11096473	Actipan	Actipan	MX	3631	18.9369	-97.9025
3988029	San Agustín de las Palmas	San Agustin de las Palmas	MX	3630	19.3261	-100.1491
4682665	Columbus	Columbus	US	3629	29.7066	-96.5397
3815442	Xocoyucan	Xocoyucan	MX	3628	19.3093	-98.3747
3531287	Chablekal	Chablekal	MX	3626	21.0961	-89.5773
3817647	San Lucas Amalinalco	San Lucas Amalinalco	MX	3626	19.2705	-98.8640
3621679	San Rafael	San Rafael	CR	3624	10.0644	-84.4736
3995005	Nazas	Nazas	MX	3622	25.2250	-104.1135
8858355	Santa Rosa (Santa Bárbara)	Santa Rosa (Santa Barbara)	MX	3622	19.3833	-102.0361
3526769	Ixhuatán	Ixhuatan	MX	3621	17.2931	-93.0081
3514444	Xochipala	Xochipala	MX	3620	17.8121	-99.6395
3988421	Rosamorada	Rosamorada	MX	3620	22.1227	-105.2039
3998473	Lo Arado	Lo Arado	MX	3617	19.6214	-104.5344
3516627	Santiago Apóstol	Santiago Apostol	MX	3616	16.8039	-96.7198
8858356	Villa URBI del Rey	Villa URBI del Rey	MX	3616	19.8413	-99.2572
8858357	Chalchocoyo	Chalchocoyo	MX	3614	21.3144	-98.7919
3827440	San Francisco Xochicuautla	San Francisco Xochicuautla	MX	3613	19.3729	-99.4453
3980230	Viesca	Viesca	MX	3610	25.3394	-102.8051
3532510	Ayotzintepec	Ayotzintepec	MX	3609	17.6722	-96.1291
3526932	Hueyapan de Ocampo	Hueyapan de Ocampo	MX	3608	18.1448	-95.1487
3516770	San Vicente Coatlán	San Vicente Coatlan	MX	3606	16.3890	-96.8440
3601436	San Vicente Centenario	San Vicente Centenario	HN	3601	14.8904	-88.2853
8858358	Barrio Cuarto (La Loma)	Barrio Cuarto (La Loma)	MX	3601	19.7686	-99.6769
3818868	Santa Rosa	Santa Rosa	MX	3597	18.8770	-97.7812
3516480	Sultepec	Sultepec	MX	3595	18.8586	-99.9659
3802431	Saloya 2da. Sección	Saloya 2da. Seccion	MX	3595	18.0531	-92.9364
3515009	Tuxpanguillo	Tuxpanguillo	MX	3594	18.7819	-97.0125
3517283	Santa María Actipac	Santa Maria Actipac	MX	3592	19.8555	-98.7456
8858359	Cristeros [Fraccionamiento]	Cristeros [Fraccionamiento]	MX	3592	21.3211	-101.9733
3612813	Dulce Nombre	Dulce Nombre	HN	3589	14.8480	-88.8316
3590424	San Antonio Palopó	San Antonio Palopo	GT	3588	14.6923	-91.1164
3617562	Muelle de los Bueyes	Muelle de los Bueyes	NI	3587	12.0700	-84.5350
3523292	Metlatónoc	Metlatonoc	MX	3586	17.1947	-98.4070
8858360	Zacango	Zacango	MX	3586	18.9561	-99.6981
3608500	Jutiquile	Jutiquile	HN	3585	14.7167	-86.0833
3802405	Guatacalca	Guatacalca	MX	3585	18.1666	-92.9784
4024597	Colonias Nuevo México	Colonias Nuevo Mexico	MX	3585	20.9850	-101.4839
3601707	Santa Ana	Santa Ana	HN	3579	15.6500	-87.0667
8858361	San Nicolás Zoyapetlayoca	San Nicolas Zoyapetlayoca	MX	3579	18.9242	-97.8653
3517022	Santa Rosa Xajay	Santa Rosa Xajay	MX	3578	20.4362	-99.8995
4004407	Ihuatzio	Ihuatzio	MX	3575	19.5660	-101.6180
3523971	Los Naranjos	Los Naranjos	MX	3573	18.3545	-96.1655
3821572	Tulimán	Tuliman	MX	3570	18.0286	-99.2557
3527345	Guadalupe	Guadalupe	MX	3569	18.8172	-96.9254
3814140	Bomintzha	Bomintzha	MX	3568	20.0117	-99.2704
3526880	Huitzilan	Huitzilan	MX	3567	19.9675	-97.6944
3529994	Cuautepec	Cuautepec	MX	3567	16.7494	-99.0029
3532284	Benito Juárez	Benito Juarez	MX	3567	16.4275	-93.3219
8858362	Colonia el Salado	Colonia el Salado	MX	3567	19.5839	-98.9914
3526607	Jaloxtoc	Jaloxtoc	MX	3566	18.7193	-98.9012
3827227	Tlachaloya	Tlachaloya	MX	3563	19.4485	-99.6623
3987986	San Agustín del Pulque	San Agustin del Pulque	MX	3561	19.9616	-101.0732
4698864	Horseshoe Bay	Horseshoe Bay	US	3560	30.5443	-98.3739
3620994	Zarcero	Zarcero	CR	3559	10.1845	-84.3916
8722488	Chililico	Chililico	MX	3559	21.1344	-98.4356
3800169	Álvaro Obregón	Alvaro Obregon	MX	3558	16.2981	-95.0839
3518902	San José Atlán	San Jose Atlan	MX	3557	20.3385	-99.6711
3603221	Pueblo Nuevo	Pueblo Nuevo	HN	3556	15.3466	-87.9904
3589632	San Pedro Necta	San Pedro Necta	GT	3554	15.4914	-91.7655
3603856	Peña Blanca	Pena Blanca	HN	3552	15.5333	-88.0500
5321088	Willcox	Willcox	US	3552	32.2529	-109.8320
5312933	San Manuel	San Manuel	US	3551	32.5998	-110.6309
3581112	Sarteneja	Sarteneja	BZ	3550	18.3533	-88.1454
3516384	Tambaca	Tambaca	MX	3550	21.9608	-99.3011
3826980	San Antonio de las Huertas	San Antonio de las Huertas	MX	3549	19.5622	-99.9711
3515801	Tequesquitengo	Tequesquitengo	MX	3548	18.6110	-99.2600
9621865	Santa Lucía Ocotlán	Santa Lucia Ocotlan	MX	3544	16.7376	-96.6788
3518961	San José Tzal	San Jose Tzal	MX	3543	20.8229	-89.6606
3585480	Intipucá	Intipuca	SV	3540	13.1969	-88.0544
4029463	Los Olvera	Los Olvera	MX	3539	20.5335	-100.4090
3827300	San Juan Xochiaca	San Juan Xochiaca	MX	3536	19.0135	-99.5394
4029412	La Gotera	La Gotera	MX	3536	20.8654	-100.3757
3824119	Dehesa	Dehesa	MX	3534	17.9417	-94.9981
3980828	Tzintzuntzan	Tzintzuntzan	MX	3534	19.6283	-101.5776
3516935	Santiago Michac	Santiago Michac	MX	3533	19.2199	-98.3393
3530393	Colotlipa	Colotlipa	MX	3531	17.4124	-99.1671
3979723	Zapotitlán de Vadillo	Zapotitlan de Vadillo	MX	3530	19.5493	-103.8111
3981464	Tlalpujahua de Rayón	Tlalpujahua de Rayon	MX	3530	19.8049	-100.1746
8858363	Sosa	Sosa	MX	3530	19.8011	-97.3961
3703839	Nueva Gorgona	Nueva Gorgona	PA	3530	8.5548	-79.8743
3533447	Acatlán	Acatlan	MX	3526	17.6570	-99.1688
4018438	Antonio Amaro	Antonio Amaro	MX	3526	24.2775	-104.0171
3815213	San Pedro Tlacotepec	San Pedro Tlacotepec	MX	3523	19.3958	-98.0459
3601834	San Nicolás	San Nicolas	HN	3522	14.9423	-88.3280
3996047	Mexticacán	Mexticacan	MX	3520	21.2654	-102.7798
3612801	Duyure	Duyure	HN	3519	13.6333	-86.8167
3527541	Frontera Hidalgo	Frontera Hidalgo	MX	3519	14.7777	-92.1771
3519228	San Gabriel Mixtepec	San Gabriel Mixtepec	MX	3518	16.0959	-97.0824
3827511	San Pablo Huantepec	San Pablo Huantepec	MX	3518	19.9822	-99.4913
3975344	Ignacio Zaragoza	Ignacio Zaragoza	MX	3518	29.6427	-107.7637
3516066	Telchac Pueblo	Telchac Pueblo	MX	3517	21.2031	-89.2695
3533164	Ahuacuotzingo	Ahuacuotzingo	MX	3517	17.7142	-98.9345
3532892	Amilcingo	Amilcingo	MX	3515	18.7440	-98.7716
8858364	San Antonio Portezuelo	San Antonio Portezuelo	MX	3515	18.9989	-97.7136
4018017	Atongo	Atongo	MX	3513	20.7713	-100.2387
8858365	Jardines de San Sebastián	Jardines de San Sebastian	MX	3513	20.5189	-103.4222
3819035	Tepetzitzintla	Tepetzitzintla	MX	3512	18.4716	-97.1193
3985603	San Luis Soyatlán	San Luis Soyatlan	MX	3512	20.1969	-103.3061
3518408	Peras	Peras	MX	3511	17.3592	-98.2372
3531046	Chelem	Chelem	MX	3509	21.2692	-89.7427
3824113	Colonia Lealtad	Colonia Lealtad	MX	3507	17.9631	-94.9025
3518732	Ánimas Trujano	Animas Trujano	MX	3505	16.9891	-96.7136
3993475	Papanoa	Papanoa	MX	3505	17.3238	-101.0412
3517993	San Pedro Ixcatlán	San Pedro Ixcatlan	MX	3504	18.1460	-96.5100
3803058	Juan Aldama	Juan Aldama	MX	3501	17.6088	-93.0278
3970531	Bacame Nuevo	Bacame Nuevo	MX	3501	27.1588	-109.5921
8531876	La Isla Km 10	La Isla Km 10	MX	3500	20.6068	-97.4995
3581187	San Jose	San Jose	BZ	3499	18.1958	-88.5712
8858366	Ex-Viñedos Guadalupe	Ex-Vinedos Guadalupe	MX	3499	21.9594	-102.2742
3515452	San Andrés Tlalamac	San Andres Tlalamac	MX	3497	18.9669	-98.8078
3981365	Tonaya	Tonaya	MX	3497	19.7862	-103.9710
3516425	Tahmek	Tahmek	MX	3493	20.8749	-89.2556
8858367	Chipilo de Francisco Javier Mina	Chipilo de Francisco Javier Mina	MX	3493	19.0061	-98.3306
3515529	Tixcacalcupul	Tixcacalcupul	MX	3492	20.5369	-88.2700
8858368	Zacualpan de Amilpas	Zacualpan de Amilpas	MX	3492	18.7839	-98.7658
3526301	Kantunil	Kantunil	MX	3491	20.7968	-89.0353
3522198	Pahuatlán de Valle	Pahuatlan de Valle	MX	3490	20.2780	-98.1500
3980044	Vista Hermosa	Vista Hermosa	MX	3490	19.6935	-103.3402
4704298	Laguna Heights	Laguna Heights	US	3488	26.0801	-97.2539
3986452	Estación San José	Estacion San Jose	MX	3487	23.1897	-102.7847
3815390	San Jerónimo Zacualpan	San Jeronimo Zacualpan	MX	3485	19.2408	-98.2614
5356722	Hidden Meadows	Hidden Meadows	US	3485	33.2253	-117.1125
3816576	Ricardo Flores Magón	Ricardo Flores Magon	MX	3483	16.3940	-92.6962
3986685	San Isidro	San Isidro	MX	3483	31.5474	-106.2803
3602758	Río Lindo	Rio Lindo	HN	3479	15.0462	-87.9863
3827241	Mina México	Mina Mexico	MX	3479	19.4101	-99.7277
4000237	La Sauceda	La Sauceda	MX	3478	20.8982	-101.1914
3823864	Tlilapan	Tlilapan	MX	3476	18.8056	-97.0987
3522605	Nueva Palestina	Nueva Palestina	MX	3475	15.8061	-92.7507
3814482	Santa María Ilucan	Santa Maria Ilucan	MX	3475	19.9907	-99.3391
3973756	Villa Juárez	Villa Juarez	MX	3474	22.3262	-100.2669
3515512	Tixpéhual	Tixpehual	MX	3470	20.9774	-89.4422
3817818	Ixtlahuaca de Cuauhtémoc	Ixtlahuaca de Cuauhtemoc	MX	3468	19.8814	-98.8603
4003737	Juchitlán	Juchitlan	MX	3468	20.0843	-104.0978
3517225	Nopaltepec	Nopaltepec	MX	3467	19.7783	-98.7105
3515111	Tres Zapotes	Tres Zapotes	MX	3464	18.4671	-95.4382
3515911	Tepango	Tepango	MX	3461	20.0031	-97.7965
8858369	San Francisco Ayotuzco	San Francisco Ayotuzco	MX	3459	19.3658	-99.3569
3518889	San José Chiltepec	San Jose Chiltepec	MX	3457	17.9468	-96.1687
3517498	Santa Elena	Santa Elena	MX	3456	20.3284	-89.6445
8858370	Alfonso G. Calderón (Poblado Siete)	Alfonso G. Calderon (Poblado Siete)	MX	3456	26.0653	-109.0197
3708948	Gualaca	Gualaca	PA	3453	8.5301	-82.2997
3517198	Santa María Tlahuitoltepec	Santa Maria Tlahuitoltepec	MX	3452	17.0977	-96.0630
3519063	Ixtapantongo	Ixtapantongo	MX	3449	19.5387	-99.7678
3979725	Zapotitán de Hidalgo	Zapotitan de Hidalgo	MX	3449	20.3253	-103.4794
3783663	San Carlos	San Carlos	CO	3447	8.7437	-75.7133
3523594	Mapachapa	Mapachapa	MX	3446	18.0282	-94.5666
3827371	Santiago Analco	Santiago Analco	MX	3446	19.3312	-99.4521
3531117	Chapulhuacanito	Chapulhuacanito	MX	3445	21.2091	-98.6702
3515958	San Francisco Tenopalco	San Francisco Tenopalco	MX	3442	19.7126	-99.1162
3516937	Santiago Matatlán	Santiago Matatlan	MX	3441	16.8654	-96.3821
3602355	San Esteban	San Esteban	HN	3439	15.2123	-85.7700
3994482	Ocumicho	Ocumicho	MX	3438	19.7970	-102.2222
8858371	San Antonio Gallardo	San Antonio Gallardo	MX	3438	20.6283	-100.7678
4701814	Justin	Justin	US	3437	33.0848	-97.2961
3827285	San Francisco Putla	San Francisco Putla	MX	3433	19.1278	-99.6356
3827486	El Puerto Magú	El Puerto Magu	MX	3433	19.6885	-99.3729
3713047	Capira	Capira	PA	3432	8.7584	-79.8776
8858372	PRI Chacón	PRI Chacon	MX	3431	20.0814	-98.7369
3972509	Hacienda Nueva	Hacienda Nueva	MX	3429	22.8246	-102.6084
5330143	Borrego Springs	Borrego Springs	US	3429	33.2559	-116.3750
3817773	Cuautlacingo	Cuautlacingo	MX	3428	19.6941	-98.7839
8858373	Los Tigres (San Marcos)	Los Tigres (San Marcos)	MX	3425	17.8906	-95.3494
3523264	Mextepec	Mextepec	MX	3424	19.4612	-99.8913
5518982	Cienegas Terrace	Cienegas Terrace	US	3424	29.3675	-100.9437
3802638	Libertad	Libertad	MX	3422	17.8344	-93.4183
3825946	Visthá	Vistha	MX	3421	20.4470	-99.9766
4702965	Kenedy	Kenedy	US	3421	28.8192	-97.8486
4024366	Rancho Nuevo de la Cruz	Rancho Nuevo de la Cruz	MX	3420	20.6511	-101.5179
4720270	Poteet	Poteet	US	3419	29.0405	-98.5681
3593235	Los Amates	Los Amates	GT	3417	15.2564	-89.0972
3531697	Canalejas	Canalejas	MX	3417	19.9787	-99.6055
3597966	Conguaco	Conguaco	GT	3415	14.0442	-90.0311
3981656	Tierra Fría	Tierra Fria	MX	3415	20.4613	-101.0399
3531915	Cabeza de Toro	Cabeza de Toro	MX	3413	15.9370	-93.7826
3533300	Aguacatenango	Aguacatenango	MX	3413	16.4739	-92.4087
4670165	Aledo	Aledo	US	3412	32.6960	-97.6022
3815357	San Pedro Muñoztla	San Pedro Munoztla	MX	3411	19.2817	-98.1669
3991141	Quimichis	Quimichis	MX	3409	22.3607	-105.5388
3533054	Ignacio Allende	Ignacio Allende	MX	3408	18.3830	-92.8442
8858374	Villa Santiago	Villa Santiago	MX	3408	18.9797	-99.1853
4000731	La Popular	La Popular	MX	3406	25.6786	-103.4661
3514988	Tuzuapan	Tuzuapan	MX	3404	18.9011	-97.6669
9082282	San Simón Atzitzintla	San Simon Atzitzintla	MX	3404	19.2634	-98.4758
3529235	El Cazadero	El Cazadero	MX	3401	20.3008	-99.8715
3826935	San Marcos de la Loma	San Marcos de la Loma	MX	3401	19.5011	-99.9604
9100352	La Providencia	La Providencia	MX	3401	18.7530	-96.7709
3516654	Siltepec	Siltepec	MX	3400	15.5568	-92.3225
3532358	Barretal	Barretal	MX	3400	24.0833	-99.1259
3529926	Santa María Cuevas	Santa Maria Cuevas	MX	3398	19.8661	-99.0987
4023835	Maravatío del Encinal	Maravatio del Encinal	MX	3398	20.2054	-100.9654
4025023	San José Huipana	San Jose Huipana	MX	3396	20.2786	-101.4690
4027555	El Ticui	El Ticui	MX	3389	17.2164	-100.4447
3823970	Calzadas	Calzadas	MX	3388	18.1012	-94.4552
3980865	Turícuaro	Turicuaro	MX	3388	19.5717	-101.9391
3519665	San Baltazar Guelavila	San Baltazar Guelavila	MX	3385	16.7971	-96.3030
3531398	Caxhuacán	Caxhuacan	MX	3383	20.0636	-97.6069
3985573	San Marcos	San Marcos	MX	3383	20.7927	-104.1968
3531290	Chablé	Chable	MX	3377	17.8576	-91.7810
4024595	Bajío de Bonillas	Bajio de Bonillas	MX	3377	20.9494	-101.4953
4022722	Ciudad Satélite del Norte	Ciudad Satelite del Norte	MX	3375	25.9147	-100.2656
3826989	Dolores Hidalgo	Dolores Hidalgo	MX	3374	19.6553	-99.9264
3981725	Teúl de González Ortega	Teul de Gonzalez Ortega	MX	3374	21.4638	-103.4610
3519917	San Andrés Payuca	San Andres Payuca	MX	3372	19.5256	-97.6178
8858375	San Bartolo	San Bartolo	MX	3372	18.0922	-96.1075
3529951	Cuentepec	Cuentepec	MX	3371	18.8612	-99.3253
4702664	Karnes City	Karnes City	US	3371	28.8850	-97.9008
3526896	Huixtepec	Huixtepec	MX	3370	16.6551	-98.3046
3827483	Cañada de Cisneros	Canada de Cisneros	MX	3369	19.6953	-99.3357
8858376	Colonia Santa Cecilia (La Sauceda)	Colonia Santa Cecilia (La Sauceda)	MX	3369	21.2525	-102.3514
3815445	San Mateo Ayecac	San Mateo Ayecac	MX	3366	19.2790	-98.3947
3523426	Santa Ana Mayorazgo	Santa Ana Mayorazgo	MX	3365	19.4295	-99.5127
3817775	San Francisco Mazapa	San Francisco Mazapa	MX	3365	19.6914	-98.8344
8858377	Samarkanda	Samarkanda	MX	3365	18.0422	-92.9105
3516914	Santiago Tlapacoya	Santiago Tlapacoya	MX	3362	20.1022	-98.8338
3985576	San Marcos	San Marcos	MX	3361	19.4461	-103.5064
4682066	Clifton	Clifton	US	3361	31.7824	-97.5767
4732870	South Alamo	South Alamo	US	3361	26.1570	-98.1086
3483646	Tampate	Tampate	MX	3359	21.6364	-99.0255
4024280	Los Prietos	Los Prietos	MX	3359	20.5754	-101.2665
3518613	San Juan Tetla	San Juan Tetla	MX	3355	19.2155	-98.5048
8858378	Genaro Estrada	Genaro Estrada	MX	3355	25.9361	-108.3964
3519337	San Francisco	San Francisco	MX	3353	20.5524	-98.0021
3533393	Altzayanca	Altzayanca	MX	3353	19.4312	-97.7956
3816758	Emiliano Zapata	Emiliano Zapata	MX	3353	16.1722	-94.0642
3992987	Penjamillo de Degollado	Penjamillo de Degollado	MX	3353	20.1044	-101.9335
3518905	San José Acateno	San Jose Acateno	MX	3352	20.1307	-97.2100
3532591	Atlixtac	Atlixtac	MX	3352	17.5636	-98.9339
4671620	Aubrey	Aubrey	US	3352	33.3043	-96.9861
3527342	Guadalupe Tlachco	Guadalupe Tlachco	MX	3350	19.3285	-98.1104
4715931	Oak Point	Oak Point	US	3349	33.1901	-96.9917
4013873	Ciénega Grande	Cienega Grande	MX	3348	22.1941	-102.0186
3822192	Juchitán	Juchitan	MX	3346	16.6240	-98.6403
8711865	Pujal-Coy	Pujal-Coy	MX	3346	22.1760	-98.5051
3981362	Tonila	Tonila	MX	3345	19.4337	-103.5166
3987877	San Antonio	San Antonio	MX	3345	22.2282	-102.2505
3983107	Sevina	Sevina	MX	3344	19.6294	-101.9010
4738884	Van Alstyne	Van Alstyne	US	3344	33.4215	-96.5772
3530940	Chicoasén	Chicoasen	MX	3343	16.9677	-93.1056
3623008	Los Chiles	Los Chiles	CR	3342	11.0325	-84.7154
4707191	Llano	Llano	US	3341	30.7594	-98.6750
3519266	San Francisco Lachigoló	San Francisco Lachigolo	MX	3338	17.0153	-96.5991
3987869	San Antonio del Cipres	San Antonio del Cipres	MX	3338	22.9386	-102.4871
3993291	Paso de Hidalgo (Paso de Álamos)	Paso de Hidalgo (Paso de Alamos)	MX	3338	20.2728	-102.5453
8858379	Colonia Lázaro Cárdenas (Los Hornos)	Colonia Lazaro Cardenas (Los Hornos)	MX	3337	19.6317	-99.1533
8858380	Atzingo (La Cumbre)	Atzingo (La Cumbre)	MX	3336	19.9797	-97.9686
3515443	Tlalixcoyan	Tlalixcoyan	MX	3335	18.8022	-96.0606
3530200	Corral Nuevo	Corral Nuevo	MX	3335	18.1146	-95.1154
3998629	León Guzmán	Leon Guzman	MX	3335	25.5007	-103.6591
8858381	Unidades Habitacionales	Unidades Habitacionales	MX	3333	20.0639	-98.4206
9622411	San Francisco Tutla	San Francisco Tutla	MX	3333	17.0709	-96.6681
3526999	Huatecalco	Huatecalco	MX	3332	18.6794	-99.1443
3530930	Chiconcuautla	Chiconcuautla	MX	3332	20.0952	-97.9390
3987248	San Felipe Santiago	San Felipe Santiago	MX	3332	19.3904	-100.1064
3532622	Atlacahualoya	Atlacahualoya	MX	3330	18.5405	-98.7292
3531172	Chamula	Chamula	MX	3329	16.7842	-92.6896
3517338	Santa María Huecatitla	Santa Maria Huecatitla	MX	3328	19.7251	-99.1691
8858382	Colinas de Santa Cruz Segunda Sección	Colinas de Santa Cruz Segunda Seccion	MX	3326	20.6236	-100.4667
8858383	Oasis	Oasis	MX	3325	19.2017	-96.2192
3683180	El Roble	El Roble	CO	3324	9.1019	-75.1951
3532548	Axapusco	Axapusco	MX	3324	19.7246	-98.7586
3818839	La Purísima	La Purisima	MX	3322	18.8297	-97.5730
3483819	Nuevo Tampaón	Nuevo Tampaon	MX	3321	22.0622	-98.5655
8858384	Francisco Sarabia	Francisco Sarabia	MX	3318	16.9458	-93.0131
7315385	Savannah	Savannah	US	3318	33.2260	-96.9079
8858385	Ocopulco	Ocopulco	MX	3317	19.5897	-98.8969
4740928	West Lake Hills	West Lake Hills	US	3317	30.2980	-97.8020
3527811	Entabladero	Entabladero	MX	3316	20.2760	-97.5493
4688216	Edcouch	Edcouch	US	3316	26.2940	-97.9606
8858386	Poblado 10	Poblado 10	MX	3315	17.2772	-94.4519
5517030	Big Lake	Big Lake	US	3315	31.1915	-101.4604
8858387	Arboledas Paso Blanco [Fraccionamiento]	Arboledas Paso Blanco [Fraccionamiento]	MX	3313	21.9636	-102.3019
3826906	San Bartolo el Viejo	San Bartolo el Viejo	MX	3312	19.2989	-99.8239
3824688	Colonia Libertad	Colonia Libertad	MX	3308	19.6775	-97.2131
4009028	El Nayar	El Nayar	MX	3308	23.9629	-104.6963
8858388	San Miguel Tianguistenco	San Miguel Tianguistenco	MX	3306	19.2939	-98.5308
3530925	Chicontla	Chicontla	MX	3305	20.2440	-97.8306
8858389	Barrio Tlatenco	Barrio Tlatenco	MX	3305	19.7392	-99.1917
5550996	Ajo	Ajo	US	3304	32.3717	-112.8607
3589629	San Pedro Pinula	San Pedro Pinula	GT	3302	14.6635	-89.8462
3518530	San Lorenzo Toxico	San Lorenzo Toxico	MX	3302	19.5092	-99.7628
3704571	Margarita	Margarita	PA	3302	9.3260	-79.8903
3516030	Temoaya	Temoaya	MX	3301	19.4675	-99.5941
3620982	Achuapa	Achuapa	NI	3299	13.0537	-86.5900
8858390	Amatillo	Amatillo	MX	3298	16.8203	-99.6661
4739052	Venus	Venus	US	3297	32.4335	-97.1025
3533458	Acatepec	Acatepec	MX	3296	16.7375	-98.4275
4017860	Baborigame	Baborigame	MX	3294	26.4302	-107.2682
3598006	Concepción	Concepcion	GT	3292	14.7842	-91.1475
3514688	Villa Aldama	Villa Aldama	MX	3291	19.6486	-97.2233
8858391	Colonia Gustavo Baz Prada	Colonia Gustavo Baz Prada	MX	3291	19.4214	-99.0136
3706455	Las Lajas	Las Lajas	PA	3291	8.5527	-79.9331
5524912	Las Quintas Fronterizas	Las Quintas Fronterizas	US	3290	28.6905	-100.4687
5524913	Las Quintas Fronterizas Colonia	Las Quintas Fronterizas Colonia	US	3290	28.6914	-100.4692
3588308	Todos Santos Cuchumatán	Todos Santos Cuchumatan	GT	3289	15.5085	-91.6038
3515332	Tochimilco	Tochimilco	MX	3289	18.8906	-98.5715
3522728	Niltepec	Niltepec	MX	3289	16.5640	-94.6137
3586930	Concepción Batres	Concepcion Batres	SV	3286	13.3500	-88.3667
8858392	Tlamaco (San Gerónimo Tlamaco)	Tlamaco (San Geronimo Tlamaco)	MX	3285	20.0347	-99.2292
8858393	Atecucario de la Constitución (Atecuario)	Atecucario de la Constitucion (Atecuario)	MX	3283	20.0644	-102.2386
3522448	Ocozotepec	Ocozotepec	MX	3282	18.2585	-94.9080
3979719	Zapotlán del Rey	Zapotlan del Rey	MX	3280	20.4664	-102.9261
3823904	Morelos	Morelos	MX	3277	18.1788	-94.9502
3818621	Ixtepec	Ixtepec	MX	3276	20.0246	-97.6461
3822398	Popolnah	Popolnah	MX	3276	20.9935	-87.5628
4024608	Cañada de Bustos	Canada de Bustos	MX	3275	20.9055	-101.3130
3814073	Tlaxcalilla	Tlaxcalilla	MX	3274	20.3795	-99.8120
8858394	Agrícola Lázaro Cárdenas	Agricola Lazaro Cardenas	MX	3273	18.8136	-97.1983
4688520	El Cenizo	El Cenizo	US	3273	27.3522	-99.4925
3531362	Cenotillo	Cenotillo	MX	3272	20.9659	-88.6048
4001543	La Luz	La Luz	MX	3270	20.1524	-102.4848
3524751	Las Lomas	Las Lomas	MX	3268	19.8239	-97.6123
3621490	Sardinal	Sardinal	CR	3267	10.5167	-85.6475
3518214	San Nicolás	San Nicolas	MX	3267	16.4171	-98.5175
8858395	Jagüey de Téllez (Estación Téllez)	Jagueey de Tellez (Estacion Tellez)	MX	3266	19.9806	-98.7883
3822414	Texan de Palomeque	Texan de Palomeque	MX	3264	20.9375	-89.8333
3519931	San Andrés Cacaloapan	San Andres Cacaloapan	MX	3263	18.5836	-97.5871
3523430	Mayapan	Mayapan	MX	3263	20.4684	-89.2139
3713667	Bugaba	Bugaba	PA	3263	8.4861	-82.6202
3825209	Aguilera	Aguilera	MX	3260	17.8108	-95.0150
8858396	Nachig	Nachig	MX	3260	16.7306	-92.7253
3821047	División del Norte	Division del Norte	MX	3259	18.5299	-90.7656
4010728	El Capulín	El Capulin	MX	3258	21.0414	-100.3204
8858397	Arroyo del Maíz Uno	Arroyo del Maiz Uno	MX	3257	20.5367	-97.4153
3981500	Tiríndaro	Tirindaro	MX	3256	19.7707	-101.7442
8858398	Colonia Nueva Era	Colonia Nueva Era	MX	3256	30.5067	-115.9225
3817959	San Lorenzo Malacota	San Lorenzo Malacota	MX	3255	19.6495	-99.6136
3979647	Zirándaro de los Chávez	Zirandaro de los Chavez	MX	3254	18.4779	-100.9774
4710484	Medina	Medina	US	3247	29.7966	-99.2464
3830322	Valley of Peace	Valley of Peace	BZ	3246	17.3347	-88.8347
8858399	Fraccionamiento Valle Dorado	Fraccionamiento Valle Dorado	MX	3245	18.8689	-97.1222
3517233	Santa María Mazatla	Santa Maria Mazatla	MX	3243	19.5153	-99.3869
8858400	Las Colonias de Hidalgo	Las Colonias de Hidalgo	MX	3243	20.1961	-97.9767
3708911	Guararé	Guarare	PA	3243	7.8198	-80.2809
3514246	Yextla	Yextla	MX	3242	17.6049	-99.9338
8858401	San Diego los Padres Cuexcontitlán Sección 5 B	San Diego los Padres Cuexcontitlan Seccion 5 B	MX	3242	19.3761	-99.6122
3998919	La Unión	La Union	MX	3241	17.9827	-101.8065
3523243	Miahuatlán	Miahuatlan	MX	3240	19.7079	-96.8708
3518275	San Miguel de La Victoria	San Miguel de La Victoria	MX	3238	20.0561	-99.5911
4019040	Ajuchitlancito	Ajuchitlancito	MX	3238	20.4760	-100.2157
3530378	Comaltepec	Comaltepec	MX	3236	19.8589	-97.5994
3982544	Tanganhuato	Tanganhuato	MX	3236	18.2859	-100.6114
4714990	North Alamo	North Alamo	US	3235	26.2173	-98.1289
4004452	Pozo de Ibarra	Pozo de Ibarra	MX	3233	21.8665	-105.2796
8858402	Belén Atzitzimititlán	Belen Atzitzimititlan	MX	3232	19.3469	-98.1900
3993514	Pantanal	Pantanal	MX	3231	21.4281	-104.8606
3514469	Xocchel	Xocchel	MX	3229	20.8330	-89.1826
3528341	El Realito	El Realito	MX	3228	25.6647	-97.8757
3529669	Dzemul	Dzemul	MX	3228	21.2112	-89.3094
3981455	Tlazazalca	Tlazazalca	MX	3228	19.9718	-102.0565
3515036	Tumbala	Tumbala	MX	3227	17.2775	-92.3170
4017788	Bachoco	Bachoco	MX	3226	25.6963	-108.8131
4696593	Haskell	Haskell	US	3226	33.1576	-99.7337
5527870	Ozona	Ozona	US	3225	30.7102	-101.2007
3815389	Tepeyanco	Tepeyanco	MX	3223	19.2456	-98.2341
3513976	Zozocolco de Hidalgo	Zozocolco de Hidalgo	MX	3221	20.1405	-97.5757
3518541	San Lorenzo Cuauhtenco	San Lorenzo Cuauhtenco	MX	3220	19.1957	-99.6316
3713196	Cañazas	Canazas	PA	3219	8.3200	-81.2115
3982573	Tamazula	Tamazula	MX	3217	25.4464	-108.4553
3520026	Saltabarranca	Saltabarranca	MX	3215	18.5912	-95.5323
3523982	Los Molinos	Los Molinos	MX	3215	19.5956	-97.2151
4025811	Zicuirán	Zicuiran	MX	3215	18.8773	-101.9698
3589460	Santa Catarina Barahona	Santa Catarina Barahona	GT	3214	14.5513	-90.7860
3801269	Tetela	Tetela	MX	3214	18.5085	-96.4579
8858403	Colonia Emiliano Zapata	Colonia Emiliano Zapata	MX	3213	19.3911	-99.5253
4704307	Laguna Vista	Laguna Vista	US	3212	26.1009	-97.2903
4007102	El Tuito	El Tuito	MX	3211	20.3196	-105.3242
3972464	La Zacatecana	La Zacatecana	MX	3210	22.7308	-102.4755
3981505	Tiquicheo	Tiquicheo	MX	3210	18.9016	-100.7368
3827002	Santa Ana la Ladera	Santa Ana la Ladera	MX	3208	19.5958	-99.8700
9513854	Arroyo Vista Hermosa	Arroyo Vista Hermosa	MX	3208	19.3308	-99.5369
3996776	Malpaso	Malpaso	MX	3207	22.6230	-102.7626
8858404	Unidad Habitacional Rinconada Acolapa	Unidad Habitacional Rinconada Acolapa	MX	3205	18.8972	-99.1314
3519191	San Ildefonso Tultepec	San Ildefonso Tultepec	MX	3204	20.1443	-99.9582
3514494	Xitlama	Xitlama	MX	3198	18.3034	-97.0174
3526746	Vicente Guerrero	Vicente Guerrero	MX	3198	19.5786	-89.6018
3615391	Agua Fría	Agua Fria	HN	3196	13.4689	-87.5511
5496286	Vado	Vado	US	3194	32.1118	-106.6625
3514219	Yoloxóchitl	Yoloxochitl	MX	3191	16.8160	-98.6863
3976594	El Limón de los Ramos	El Limon de los Ramos	MX	3191	24.9136	-107.5233
3531001	Chicavasco	Chicavasco	MX	3190	20.1970	-98.9528
8858405	El Saucito (El Horno)	El Saucito (El Horno)	MX	3190	22.7311	-102.0953
3518182	San Nicolas Buenos Aires	San Nicolas Buenos Aires	MX	3189	19.1649	-97.5513
3523559	Mariano Escobedo	Mariano Escobedo	MX	3188	18.9133	-97.1300
3530546	Coapilla	Coapilla	MX	3187	17.1302	-93.1588
4727466	Scissors	Scissors	US	3186	26.1398	-98.0539
3818734	Santa María Nepopualco	Santa Maria Nepopualco	MX	3183	19.1508	-98.4911
3515756	Tetelilla	Tetelilla	MX	3182	18.6133	-98.7706
3761638	San Miguel Tecomatlán	San Miguel Tecomatlan	MX	3180	18.9783	-99.5286
4716683	Olney	Olney	US	3179	33.3707	-98.7528
3518174	San Pablito	San Pablito	MX	3178	20.3007	-98.1620
3516182	Tecaxic	Tecaxic	MX	3177	19.3227	-99.7152
3519251	San Francisco Tepexoxica	San Francisco Tepexoxica	MX	3175	19.0604	-99.5478
3532581	Atotonilco	Atotonilco	MX	3175	18.6504	-98.8312
3827033	Tecoac (Santa María Nativitas)	Tecoac (Santa Maria Nativitas)	MX	3175	19.7892	-99.8531
3983349	Sauceda de La Borda	Sauceda de La Borda	MX	3175	22.8303	-102.5026
4012559	El Crucero de Santa María	El Crucero de Santa Maria	MX	3175	20.3832	-103.8613
3603805	Pespire	Pespire	HN	3172	13.5922	-87.3617
3516224	Taxco el Viejo	Taxco el Viejo	MX	3172	18.4842	-99.5840
3995112	Naranja de Tapia	Naranja de Tapia	MX	3172	19.7767	-101.7598
3529918	Cuichapa	Cuichapa	MX	3171	18.7715	-96.8689
8858406	San Isidro Vista Hermosa	San Isidro Vista Hermosa	MX	3171	18.5056	-97.4003
11072073	Cruz de Huanacaxtle	Cruz de Huanacaxtle	MX	3171	20.7541	-105.3773
3532560	Atzitzintla	Atzitzintla	MX	3170	18.8991	-97.3244
3527806	Epazoyucan	Epazoyucan	MX	3168	20.0181	-98.6359
3518328	San Miguel Almoloyan	San Miguel Almoloyan	MX	3165	19.3550	-99.7993
11085890	San Francisco	San Francisco	MX	3165	18.9493	-99.6472
3816518	Plan de Ayala	Plan de Ayala	MX	3164	16.4715	-92.0273
3518134	San Pablo de las Tunas	San Pablo de las Tunas	MX	3162	18.9956	-97.7097
3532506	Ayutla	Ayutla	MX	3162	18.5450	-98.5054
3687310	Carolina	Carolina	CO	3160	6.7244	-75.2817
3526976	Huazuntlán	Huazuntlan	MX	3160	18.1567	-94.7931
8858407	Simeprodeso (Colectivo Nuevo)	Simeprodeso (Colectivo Nuevo)	MX	3160	25.8531	-100.2917
3586884	Corinto	Corinto	SV	3160	13.8108	-87.9714
3587064	Chapeltique	Chapeltique	SV	3159	13.6333	-88.2667
8858408	Corral de Barrancos	Corral de Barrancos	MX	3158	21.9503	-102.3322
4018592	Amatlán de Cañas	Amatlan de Canas	MX	3157	20.8078	-104.4052
4004132	Jaluco	Jaluco	MX	3156	19.2304	-104.6845
3516960	Santiago Coltzingo	Santiago Coltzingo	MX	3155	19.3832	-98.5348
3787727	San Andrés	San Andres	CO	3154	6.9033	-75.6825
5522392	Grape Creek	Grape Creek	US	3154	31.5793	-100.5476
3610693	El Porvenir	El Porvenir	HN	3153	13.7617	-87.3458
3518233	San Miguel Tilquiápam	San Miguel Tilquiapam	MX	3153	16.7816	-96.5812
3533033	Almoloya de Alquisiras	Almoloya de Alquisiras	MX	3153	18.8656	-99.8945
8858409	San Pedro Benito Juárez	San Pedro Benito Juarez	MX	3153	18.9472	-98.5514
3526516	Jicolapa	Jicolapa	MX	3151	19.9660	-97.9734
4019095	Epigmenio González	Epigmenio Gonzalez	MX	3151	20.5506	-100.1649
4674593	Bishop	Bishop	US	3150	27.5861	-97.7992
5347315	Fairbanks Ranch	Fairbanks Ranch	US	3148	32.9939	-117.1873
4705417	Las Lomas	Las Lomas	US	3147	26.3648	-98.7753
3824673	Coahuitlán	Coahuitlan	MX	3145	20.2603	-97.7297
3824755	Palma Sola	Palma Sola	MX	3144	19.7719	-96.4321
8858410	Juárez Coronaco	Juarez Coronaco	MX	3144	19.3606	-98.5250
3530928	Chiconquiaco	Chiconquiaco	MX	3143	19.7421	-96.8185
3530992	Chicapa de Castro	Chicapa de Castro	MX	3143	16.4371	-94.8211
3531040	Chenalhó	Chenalho	MX	3143	16.8937	-92.6265
3519481	San Dionisio del Mar	San Dionisio del Mar	MX	3140	16.3237	-94.7583
3525722	La Gloria	La Gloria	MX	3140	19.4263	-96.4021
3801309	Benemérito Juárez	Benemerito Juarez	MX	3140	18.1194	-96.0019
4026072	Playa Azul	Playa Azul	MX	3139	17.9826	-102.3503
3483328	El Control	El Control	MX	3136	25.9610	-97.8121
5467187	Eunice	Eunice	US	3136	32.4373	-103.1591
8858411	Los Valles	Los Valles	MX	3135	32.3925	-116.9550
3815235	Toluca de Guadalupe	Toluca de Guadalupe	MX	3133	19.4690	-97.9559
3985317	San Miguelito	San Miguelito	MX	3133	20.7364	-100.5019
3582482	Camelote	Camelote	BZ	3132	17.2388	-88.8274
8858412	Pochahuizco	Pochahuizco	MX	3130	17.6647	-99.2228
4726293	San Carlos	San Carlos	US	3130	26.2956	-98.0720
3531115	Chapultenango	Chapultenango	MX	3129	17.3402	-93.1298
3522647	Nopaltepec	Nopaltepec	MX	3127	18.2770	-95.9994
3993857	Palmar Chico	Palmar Chico	MX	3127	18.6959	-100.3685
3618482	La Libertad	La Libertad	NI	3127	12.2164	-85.1659
3514952	Uayma	Uayma	MX	3126	20.7168	-88.3171
3822558	Kanxoc	Kanxoc	MX	3126	20.6155	-88.0976
4010946	El Blanco	El Blanco	MX	3126	20.6114	-100.1020
3523287	Metztitlán	Metztitlan	MX	3125	20.5948	-98.7642
4684330	Cross Mountain	Cross Mountain	US	3124	29.6455	-98.6595
8858413	Corral Falso	Corral Falso	MX	3123	18.2447	-100.5600
3822176	Cuanacaxtitlán	Cuanacaxtitlan	MX	3122	16.7995	-98.6399
3825001	Lindavista	Lindavista	MX	3121	18.0890	-95.7760
3973645	El Rosario	El Rosario	MX	3121	21.7341	-100.9263
3528248	Los Robles	Los Robles	MX	3119	18.9739	-96.1174
3818733	San Antonio Tlatenco	San Antonio Tlatenco	MX	3118	19.1734	-98.5000
5386073	Rancho Santa Fe	Rancho Santa Fe	US	3117	33.0203	-117.2028
3591106	Pueblo Nuevo	Pueblo Nuevo	GT	3116	14.6471	-91.5395
3823286	Mesa de Guadalupe	Mesa de Guadalupe	MX	3115	19.5634	-96.7000
4024305	El Carrizal Grande	El Carrizal Grande	MX	3113	20.7063	-101.3060
4012917	Copándaro de Galeana	Copandaro de Galeana	MX	3112	19.8931	-101.2139
3826958	San Agustín Citlali	San Agustin Citlali	MX	3111	19.4803	-99.8022
8858414	Santo Nombre	Santo Nombre	MX	3111	18.6739	-97.6761
8858415	Joshil	Joshil	MX	3110	17.2467	-92.3628
3675768	Maceo	Maceo	CO	3109	6.5520	-74.7874
3580986	Spanish Lookout	Spanish Lookout	BZ	3108	17.2628	-89.0092
3516078	Tekanto	Tekanto	MX	3105	21.0097	-89.1072
3523404	Mecapalapa	Mecapalapa	MX	3104	20.5268	-97.8564
3532824	Antiguo Morelos	Antiguo Morelos	MX	3104	22.5495	-99.0812
4009465	El Limón	El Limon	MX	3102	19.8252	-104.1536
8858416	Tezoquipa	Tezoquipa	MX	3098	20.0564	-99.2047
3516702	Señor	Senor	MX	3095	19.8442	-88.1352
3980149	Villamar	Villamar	MX	3095	20.0203	-102.5956
8858417	Colonia los Cedros	Colonia los Cedros	MX	3094	19.3117	-99.5411
3533032	Villa de Almoloya de Juárez	Villa de Almoloya de Juarez	MX	3091	19.3692	-99.7584
4735458	Taft	Taft	US	3091	27.9789	-97.3986
3522156	Palizada	Palizada	MX	3089	18.2552	-92.0912
4027138	San José Poliutla	San Jose Poliutla	MX	3088	18.2729	-100.3911
4011511	Michoacán de Ocampo	Michoacan de Ocampo	MX	3086	32.4658	-115.3085
4025157	Zurumbeneo	Zurumbeneo	MX	3086	19.7003	-101.0107
3985716	San Lucas	San Lucas	MX	3085	18.5911	-100.7847
4006931	El Walamo	El Walamo	MX	3085	23.1407	-106.2455
3530117	Coyotillos	Coyotillos	MX	3084	19.9998	-99.1582
3816580	Presidente Echeverría (Laja Tendida)	Presidente Echeverria (Laja Tendida)	MX	3084	16.3358	-92.6686
3816643	Cuauhtémoc	Cuauhtemoc	MX	3084	16.3145	-93.2105
4014504	Charay	Charay	MX	3084	26.0209	-108.8314
3517666	Santa Catarina Loxicha	Santa Catarina Loxicha	MX	3081	16.0695	-96.7547
3522245	Oxtotipac	Oxtotipac	MX	3081	19.6552	-98.7932
8858418	Prados de San Juan	Prados de San Juan	MX	3081	19.6400	-98.9752
3986585	San Jerónimo	San Jeronimo	MX	3080	22.6537	-102.4928
3611572	Elíxir	Elixir	HN	3079	15.4833	-86.3000
3516361	Tampamolón Corona	Tampamolon Corona	MX	3079	21.5588	-98.8187
4006056	Galindo	Galindo	MX	3079	20.3972	-100.0984
3815031	Francisco Villa	Francisco Villa	MX	3078	19.5863	-98.4622
4686709	Double Oak	Double Oak	US	3078	33.0651	-97.1106
4672494	Barton Creek	Barton Creek	US	3077	30.2852	-97.8692
3801703	La Soledad Salinas	La Soledad Salinas	MX	3076	16.6616	-95.9995
3996548	Marín	Marin	MX	3075	25.8786	-100.0306
4017164	Benito Juárez	Benito Juarez	MX	3074	19.2333	-100.4667
3621890	San Ignacio	San Ignacio	CR	3072	9.7985	-84.1617
3522225	Pablo L. Sidar	Pablo L. Sidar	MX	3070	15.8305	-92.2798
4000240	El Cerro de la Sauceda	El Cerro de la Sauceda	MX	3069	20.0939	-102.3416
4001661	La Laja	La Laja	MX	3069	20.5802	-103.1216
8858419	Changata	Changata	MX	3068	18.2731	-100.5853
3819039	Acatepec	Acatepec	MX	3066	18.3724	-97.0365
3531350	Cepeda	Cepeda	MX	3064	20.5082	-90.1101
3993557	Pamatácuaro	Pamatacuaro	MX	3064	19.6919	-102.3447
3700033	Vista Hermosa	Vista Hermosa	PA	3063	8.5269	-80.3749
4012589	Primera Fracción de Crespo	Primera Fraccion de Crespo	MX	3062	20.4964	-100.8539
3522914	Mozomboa	Mozomboa	MX	3061	19.5032	-96.4767
3702269	Canoa	Canoa	PA	3061	8.4386	-81.7793
3600232	Yarumela	Yarumela	HN	3059	14.3358	-87.6456
4682742	Combes	Combes	US	3059	26.2487	-97.7339
4024157	Jocoqui	Jocoqui	MX	3056	20.5820	-100.6988
8858420	San Lucas Pío	San Lucas Pio	MX	3056	19.7936	-100.9247
3515766	Tetecalita	Tetecalita	MX	3055	18.7689	-99.1787
3606171	La Unión	La Union	HN	3054	14.8139	-88.4085
3994911	Nocupétaro de Morelos	Nocupetaro de Morelos	MX	3054	19.0436	-101.1621
8858421	Los Cafetales	Los Cafetales	MX	3054	14.8674	-92.3020
8858422	San Francisco	San Francisco	MX	3054	19.7772	-97.3281
7261445	Holloman Air Force Base	Holloman Air Force Base	US	3054	32.8483	-106.0998
8858423	Arena 1ra. Sección	Arena 1ra. Seccion	MX	3053	18.2014	-93.3669
3520156	Sabanilla	Sabanilla	MX	3052	17.2839	-92.5532
3818941	Tzicatlán	Tzicatlan	MX	3051	18.4507	-98.7557
3818607	Cuacuila	Cuacuila	MX	3050	20.1720	-98.0315
3520430	Raymundo Enríquez	Raymundo Enriquez	MX	3049	14.8672	-92.3147
3514277	Yecuatla	Yecuatla	MX	3048	19.8661	-96.7784
3528566	El Pacayal	El Pacayal	MX	3045	15.5985	-92.0425
3516755	Simón Sarlat	Simon Sarlat	MX	3044	18.3418	-92.8067
3826993	San Lucas Ocotepec	San Lucas Ocotepec	MX	3043	19.6783	-99.9719
3814290	Santa María Asunción	Santa Maria Asuncion	MX	3042	20.1554	-98.2694
3517422	Tecuexcomac	Tecuexcomac	MX	3041	19.2938	-98.3472
3816510	La Independencia	La Independencia	MX	3041	16.2527	-92.0243
3984076	Santa María del Refugio	Santa Maria del Refugio	MX	3041	20.4397	-100.8012
3598958	Catarina	Catarina	GT	3040	14.8535	-92.0768
3522788	Nautla	Nautla	MX	3040	20.2080	-96.7730
4002110	Laguna Larga de Cortés	Laguna Larga de Cortes	MX	3040	20.3958	-101.9382
8858424	Colonia Vista Bella (Lomas del Peaje)	Colonia Vista Bella (Lomas del Peaje)	MX	3040	19.4908	-101.5939
8858425	Fraccionamiento las Fuentes	Fraccionamiento las Fuentes	MX	3039	19.4961	-96.8864
3614012	Casa Quemada	Casa Quemada	HN	3036	15.1167	-88.0833
5353559	Granite Hills	Granite Hills	US	3035	32.8031	-116.9048
3586917	Conchagua	Conchagua	SV	3034	13.3078	-87.8647
3583429	San Pablo Tacachico	San Pablo Tacachico	SV	3033	13.9756	-89.3400
3994932	Nío	Nio	MX	3032	25.6253	-108.4000
3515404	Tlamixtlahuacan	Tlamixtlahuacan	MX	3031	17.5031	-99.2258
4726582	San Saba	San Saba	US	3030	31.1957	-98.7181
3999927	Las Esperanzas	Las Esperanzas	MX	3029	27.7423	-101.3525
3587593	Yupiltepeque	Yupiltepeque	GT	3028	14.1971	-89.7926
3818790	Francisco I. Madero	Francisco I. Madero	MX	3028	19.2498	-97.2265
8858426	Nuevo San Miguel	Nuevo San Miguel	MX	3025	25.9631	-109.0540
3516103	Tehuetlán	Tehuetlan	MX	3024	21.0534	-98.5085
3519678	San Antonio Zaragoza	San Antonio Zaragoza	MX	3023	20.2544	-98.9985
4005405	Guadalupe	Guadalupe	MX	3022	31.3889	-106.1051
4026806	San Juan Xoconusco	San Juan Xoconusco	MX	3022	19.3116	-100.2593
8858427	Xoloateno	Xoloateno	MX	3022	19.8311	-97.3694
3606155	Lauterique	Lauterique	HN	3021	13.8536	-87.6606
3671470	Puerto Escondido	Puerto Escondido	CO	3020	9.0181	-76.2641
3589103	Santiago Chimaltenango	Santiago Chimaltenango	GT	3020	15.4766	-91.6966
8858428	El Hielo	El Hielo	MX	3020	19.4258	-99.3556
4025093	Irimbo	Irimbo	MX	3019	19.6999	-100.4788
3609690	Flores	Flores	HN	3018	14.2944	-87.5714
3521967	Panales	Panales	MX	3017	20.4690	-99.2673
4025820	Gámbara	Gambara	MX	3017	18.9321	-102.1131
4003813	Juanacatlán	Juanacatlan	MX	3016	20.0321	-103.6854
3816680	Nuevo México	Nuevo Mexico	MX	3014	16.4694	-93.4381
5324249	Anza	Anza	US	3014	33.5550	-116.6736
5516077	Agua Dulce	Agua Dulce	US	3014	31.6551	-106.1389
3817803	Santo Domingo Aztacameca	Santo Domingo Aztacameca	MX	3012	19.7822	-98.7681
3606669	Las Lajas	Las Lajas	HN	3011	14.7833	-87.7500
3623716	La Fortuna	La Fortuna	CR	3010	10.4709	-84.6453
11276314	El Castillo	El Castillo	MX	3009	24.5441	-107.7035
13286761	Santa Cruz	Santa Cruz	BZ	3008	16.6975	-88.4255
4707203	Llano Grande	Llano Grande	US	3008	26.1298	-97.9681
3514316	Yaxcabá	Yaxcaba	MX	3007	20.5475	-88.8269
4004524	Huiramba	Huiramba	MX	3007	19.5461	-101.4365
3531888	Cacaloxúchitl	Cacaloxuchitl	MX	3006	18.7875	-98.4861
3519238	San Gabriel las Palmas	San Gabriel las Palmas	MX	3005	18.6142	-99.3469
3527006	Huaquechula	Huaquechula	MX	3005	18.7712	-98.5446
8858429	Buena Vista 1ra. Sección	Buena Vista 1ra. Seccion	MX	3005	18.1442	-92.7497
3610813	El Pino	El Pino	HN	3004	15.7000	-86.9333
4004708	Huajicori	Huajicori	MX	3004	22.6367	-105.3197
4012143	Cumpas	Cumpas	MX	3003	29.9948	-109.7804
3518677	San Juan Guelavía	San Juan Guelavia	MX	3002	16.9551	-96.5438
3815882	Lázaro Cárdenas	Lazaro Cardenas	MX	3002	16.6042	-93.7914
3991203	Quetchehueca	Quetchehueca	MX	3001	27.2641	-109.9498
3621138	Uvita	Uvita	CR	3000	9.1704	-83.7395
3980163	Villa Juárez	Villa Juarez	MX	3000	21.6892	-105.3897
6692163	Zapopan2	Zapopan2	MX	3000	20.7167	-103.4000
3600134	Zamora	Zamora	HN	2999	15.6333	-86.0667
4012407	Cuauhtémoc	Cuauhtemoc	MX	2998	24.2905	-103.8087
4025081	Manzana de San Luis	Manzana de San Luis	MX	2996	19.5624	-100.2770
8858430	Fraccionamiento Cosmópolis Octavo Sector	Fraccionamiento Cosmopolis Octavo Sector	MX	2996	25.8253	-100.2461
8858431	La Mesa	La Mesa	MX	2996	31.1597	-110.9744
4021287	Emiliano Zapata	Emiliano Zapata	MX	2995	22.1056	-102.2998
3619420	El Rosario	El Rosario	NI	2991	11.7780	-86.3738
4720275	Potosi	Potosi	US	2991	32.3293	-99.6565
3615065	Armenta	Armenta	HN	2989	15.5000	-88.0500
3815756	San Andrés Duraznal	San Andres Duraznal	MX	2987	17.1319	-92.8043
4017604	Bamoa	Bamoa	MX	2987	25.7057	-108.3459
3818769	Emilio Portes Gil	Emilio Portes Gil	MX	2985	19.3075	-97.5103
8858433	La Colonia	La Colonia	MX	2982	20.0547	-98.7703
4024288	Tomelopitos	Tomelopitos	MX	2981	20.5946	-101.3685
4699304	Hudson Bend	Hudson Bend	US	2981	30.4171	-97.9292
3612064	El Ciruelo	El Ciruelo	HN	2980	15.2944	-88.5083
3522293	Ostuacán	Ostuacan	MX	2979	17.4069	-93.3363
3532631	Santa María Atexcac	Santa Maria Atexcac	MX	2978	19.1360	-98.4968
3984699	Santa Ana	Santa Ana	MX	2978	29.0308	-107.4720
4029500	Jesús María	Jesus Maria	MX	2978	20.6222	-100.2562
3531421	Catazajá	Catazaja	MX	2973	17.7244	-92.0121
8858434	Cuarta Brigada	Cuarta Brigada	MX	2973	20.6219	-101.2800
8858435	La Libertad	La Libertad	MX	2973	19.7558	-97.6072
4734041	Stamford	Stamford	US	2973	32.9454	-99.8029
3526837	Hunuku	Hunuku	MX	2971	20.8523	-88.0895
3514138	Zacualpan	Zacualpan	MX	2970	18.7189	-99.7760
3518726	Teacalco	Teacalco	MX	2970	19.8056	-98.8521
4003867	José María Morelos	Jose Maria Morelos	MX	2970	19.6776	-105.1846
4688248	Edgecliff Village	Edgecliff Village	US	2970	32.6576	-97.3428
4026541	Zacazonapan	Zacazonapan	MX	2968	19.0732	-100.2552
8858436	Rincones de la Hacienda	Rincones de la Hacienda	MX	2967	20.1200	-98.4017
8858437	Fraccionamiento Real de San Pablo	Fraccionamiento Real de San Pablo	MX	2967	19.3894	-99.6486
3518384	San Mateo Coapexco	San Mateo Coapexco	MX	2965	18.9616	-99.6835
3515939	Teopantlán	Teopantlan	MX	2963	18.7122	-98.2634
3816674	Doctor Domingo Chanona	Doctor Domingo Chanona	MX	2962	16.3461	-93.4167
4025015	Galeana	Galeana	MX	2962	20.0354	-101.5720
4026607	San Juan	San Juan	MX	2962	19.2468	-100.0304
3827126	Dongu	Dongu	MX	2961	19.8429	-99.5865
8858438	Colonia las Flores	Colonia las Flores	MX	2959	21.3617	-97.6931
8858439	El Saucillo	El Saucillo	MX	2957	20.0769	-98.7372
3526610	Jalcomulco	Jalcomulco	MX	2955	19.3318	-96.7625
3981677	Tierra Blanca	Tierra Blanca	MX	2955	20.7795	-100.3796
4013117	Comanjilla	Comanjilla	MX	2955	21.0658	-101.4733
8858440	Barrio San Joaquín el Junco	Barrio San Joaquin el Junco	MX	2952	19.5642	-99.7733
3589454	Santa Catarina Palopó	Santa Catarina Palopo	GT	2948	14.7233	-91.1343
3622323	Poco Sol	Poco Sol	CR	2947	10.3551	-84.6534
3982552	Tanaco	Tanaco	MX	2947	19.7388	-102.0803
5316405	Superior	Superior	US	2943	33.2940	-111.0962
3979649	Zirahuén	Zirahuen	MX	2942	19.4542	-101.7319
3610675	El Porvenir	El Porvenir	HN	2940	15.8333	-87.9333
8858441	Puerto de Buenavista (Lázaro Cárdenas)	Puerto de Buenavista (Lazaro Cardenas)	MX	2940	19.6881	-101.1272
11087507	Nicolás Bravo	Nicolas Bravo	MX	2940	19.0164	-97.8230
3514970	Tzinacapan	Tzinacapan	MX	2939	20.0294	-97.5405
4695938	Hamilton	Hamilton	US	2937	31.7038	-98.1239
5320160	Wellton	Wellton	US	2936	32.6728	-114.1469
5531683	Stanton	Stanton	US	2936	32.1293	-101.7885
5316540	Swift Trail Junction	Swift Trail Junction	US	2935	32.7298	-109.7140
3527454	Tancanhuitz	Tancanhuitz	MX	2933	21.5979	-98.9677
3529437	El Arenal	El Arenal	MX	2933	20.2237	-98.9092
3994544	Obrajuelo	Obrajuelo	MX	2932	20.5947	-100.5581
4005381	Guadalupe Victoria	Guadalupe Victoria	MX	2932	21.6797	-105.3275
4679459	Castroville	Castroville	US	2931	29.3558	-98.8786
3533446	Acatlán	Acatlan	MX	2929	19.6968	-96.8422
3997030	Luchana	Luchana	MX	2929	25.7904	-103.1940
3599253	Cajolá	Cajola	GT	2927	14.9221	-91.6148
4017353	Basconcobe	Basconcobe	MX	2926	26.9537	-109.6700
3688030	Caimito	Caimito	CO	2925	8.7896	-75.1169
4026754	La Puerta del Pilar	La Puerta del Pilar	MX	2925	19.4602	-100.0158
4727417	Schulenburg	Schulenburg	US	2925	29.6819	-96.9030
3530254	Copanatoyac	Copanatoyac	MX	2924	17.4624	-98.7133
4011508	Mochis	Mochis	MX	2924	25.8269	-109.0517
3518416	San Martín Chalchicuautla	San Martin Chalchicuautla	MX	2922	21.3703	-98.6570
3516253	Tapijulapa	Tapijulapa	MX	2921	17.4598	-92.7790
3979954	Yécora	Yecora	MX	2920	28.3715	-108.9278
3827554	Unidad San Miguel Jagüeyes	Unidad San Miguel Jagueeyes	MX	2919	19.8236	-99.2889
3517744	Santa Ana Ahuehuepan	Santa Ana Ahuehuepan	MX	2917	20.1230	-99.3464
3521383	Plan de Arroyos	Plan de Arroyos	MX	2915	19.8933	-97.1097
8858443	Iquinuapa	Iquinuapa	MX	2915	18.1958	-93.1206
9521224	Colonia Morelos	Colonia Morelos	MX	2915	19.2465	-99.7460
3519490	San Diego Linares	San Diego Linares	MX	2914	19.3863	-99.6375
3615125	Arada	Arada	HN	2913	14.8458	-88.3011
3616387	Santa Rosa del Peñón	Santa Rosa del Penon	NI	2913	12.8012	-86.3699
3483484	Tezapotla	Tezapotla	MX	2912	21.1738	-98.8124
3980158	Ciudad de Villaldama	Ciudad de Villaldama	MX	2912	26.5014	-100.4271
3985855	San Juan del Rio del Centauro del Norte	San Juan del Rio del Centauro del Norte	MX	2912	24.7782	-104.4583
3532514	Ayotoxco de Guerrero	Ayotoxco de Guerrero	MX	2911	20.0959	-97.4096
8858444	Javier Rojo Gómez	Javier Rojo Gomez	MX	2911	18.2739	-88.6811
3517257	Santa María del Monte	Santa Maria del Monte	MX	2910	18.5412	-97.1999
3815714	El Limar	El Limar	MX	2908	17.4149	-92.4029
3827157	San Sebastián Buenos Aires	San Sebastian Buenos Aires	MX	2908	19.7272	-99.6036
4005275	Guanaceví	Guanacevi	MX	2908	25.9321	-105.9553
8858445	Valle de Vaquerías	Valle de Vaquerias	MX	2908	25.6325	-100.1469
3816586	Nuevo Vicente Guerrero	Nuevo Vicente Guerrero	MX	2906	16.0386	-92.9754
3994030	San Juan de Otates	San Juan de Otates	MX	2905	21.1120	-101.5601
4704067	La Paloma	La Paloma	US	2903	26.0459	-97.6675
3712462	Chigoré	Chigore	PA	2899	8.5304	-80.3512
3523431	Mayanalán	Mayanalan	MX	2898	18.1723	-99.4326
3815140	San Simeón Xipetzingo	San Simeon Xipetzingo	MX	2898	19.4800	-98.2928
3686835	Chalán	Chalan	CO	2897	9.5477	-75.3113
3518366	San Mateo Tecalco	San Mateo Tecalco	MX	2897	19.0531	-98.7958
4024321	Cuchicuato	Cuchicuato	MX	2896	20.6606	-101.4621
3527536	Fuentezuelas	Fuentezuelas	MX	2895	20.5561	-99.9824
8858446	Río Medio [Granja]	Rio Medio [Granja]	MX	2895	19.2097	-96.2089
4012139	Cumuatillo	Cumuatillo	MX	2891	20.1492	-102.6217
3516249	Tapotzingo	Tapotzingo	MX	2890	18.2036	-93.0157
8858447	Necoxtla	Necoxtla	MX	2890	18.7786	-97.1536
4010248	El Colorado	El Colorado	MX	2889	25.7587	-109.3151
8858448	Juan Aldama (El Tigre)	Juan Aldama (El Tigre)	MX	2889	24.9397	-107.8208
3581813	Little Belize	Little Belize	BZ	2888	18.1980	-88.4079
3530835	Chinameca	Chinameca	MX	2887	18.6229	-98.9979
4015430	Cárdenas	Cardenas	MX	2885	20.6296	-101.2199
3600357	Victoria	Victoria	HN	2884	15.5038	-87.8263
3528549	El Palmar	El Palmar	MX	2884	20.6934	-99.7078
3533507	Abasolo	Abasolo	MX	2884	16.8214	-92.2161
4733103	South Padre Island	South Padre Island	US	2884	26.1037	-97.1647
4740686	West	West	US	2883	31.8024	-97.0917
8858449	Lomas de Río Medio Cuatro	Lomas de Rio Medio Cuatro	MX	2882	19.1933	-96.2106
3521297	Polotitlán de la Ilustración	Polotitlan de la Ilustracion	MX	2881	20.2253	-99.8154
8858450	Jardínes del Grijalva	Jardines del Grijalva	MX	2881	16.7285	-93.0346
8858451	Colonia la Asunción	Colonia la Asuncion	MX	2881	19.6908	-99.0642
3529652	Dzitás	Dzitas	MX	2879	20.8400	-88.5279
3522793	Santa María Nativitas	Santa Maria Nativitas	MX	2878	20.0388	-98.2972
8199578	El Castillo	El Castillo	MX	2878	20.5807	-100.4930
3517513	Huiloapan	Huiloapan	MX	2877	19.3868	-98.2699
3523663	Mama	Mama	MX	2876	20.4775	-89.3647
4727076	Santa Rosa	Santa Rosa	US	2876	26.2567	-97.8250
4018636	Amacueca	Amacueca	MX	2875	20.0116	-103.6001
4023233	Loza de los Padres	Loza de los Padres	MX	2875	21.0709	-101.5461
3827203	Barrio de San Pedro la Cabecera	Barrio de San Pedro la Cabecera	MX	2874	19.5653	-99.7500
8858452	Santa Mónica	Santa Monica	MX	2872	18.9931	-99.4236
3529630	Dziuche	Dziuche	MX	2870	19.8974	-88.8095
3823190	Álvaro Obregón	Alvaro Obregon	MX	2869	18.2990	-88.6514
3980185	Villa Emiliano Zapata	Villa Emiliano Zapata	MX	2869	20.1661	-102.9921
4018579	Amexhe	Amexhe	MX	2869	20.5517	-100.5849
4708477	Lytle	Lytle	US	2869	29.2333	-98.7964
3816221	Guaquitepec	Guaquitepec	MX	2868	16.9802	-92.2879
3985804	San Juan Pan de Arriba	San Juan Pan de Arriba	MX	2867	21.4724	-100.9194
4728064	Shady Shores	Shady Shores	US	2866	33.1651	-97.0294
3513984	Zoquitlán	Zoquitlan	MX	2865	18.3352	-97.0174
8858454	San Martín Coapaxtongo	San Martin Coapaxtongo	MX	2865	18.9942	-99.5700
3703354	Parita	Parita	PA	2864	7.9961	-80.5200
5495380	Tularosa	Tularosa	US	2864	33.0740	-106.0186
3514994	Tuzantán	Tuzantan	MX	2863	15.1465	-92.4231
3815149	La Trinidad Tenexyecac	La Trinidad Tenexyecac	MX	2863	19.3360	-98.3148
5531255	Sonora	Sonora	US	2863	30.5668	-100.6434
11097028	San Nicolás Tolentino	San Nicolas Tolentino	MX	2862	18.5508	-98.5037
3823853	Campo Grande	Campo Grande	MX	2859	18.8227	-97.0124
3519640	San Bartolomé Ayautla	San Bartolome Ayautla	MX	2858	18.0321	-96.6710
3526888	Huitiupán	Huitiupan	MX	2857	17.1717	-92.6853
3526797	Igualapa	Igualapa	MX	2856	16.7446	-98.4766
3613189	Corocito	Corocito	HN	2855	15.7500	-85.7833
4685515	DeCordova	DeCordova	US	2855	32.4299	-97.6950
4722145	Refugio	Refugio	US	2855	28.3053	-97.2753
3522244	Oyameles de Hidalgo	Oyameles de Hidalgo	MX	2854	19.6974	-97.5338
3530538	Coatecas Altas	Coatecas Altas	MX	2851	16.5382	-96.6679
4007146	El Trapiche	El Trapiche	MX	2851	19.2777	-103.6616
8858455	Miguel Hidalgo	Miguel Hidalgo	MX	2850	28.1536	-105.3939
8858456	Galaxia la Calera	Galaxia la Calera	MX	2850	18.9990	-98.1525
8858457	Zapotlán	Zapotlan	MX	2849	19.5467	-98.9031
3521724	Colonias Pedernales	Colonias Pedernales	MX	2848	20.0458	-97.0514
3515314	Tolimán	Toliman	MX	2847	20.9084	-99.9304
8858458	La Ciénega	La Cienega	MX	2847	18.9561	-99.5814
3814918	Emiliano Zapata	Emiliano Zapata	MX	2843	19.5586	-97.9167
3827081	Santa Cruz Bombatevi	Santa Cruz Bombatevi	MX	2843	19.8050	-99.8867
3595554	Guanagazapa	Guanagazapa	GT	2842	14.2260	-90.6433
3532638	Atenango del Río	Atenango del Rio	MX	2842	18.1045	-99.1079
3821972	Huamuchapa	Huamuchapa	MX	2841	16.9435	-99.3188
4013580	Cocucho	Cocucho	MX	2838	19.6938	-102.1899
8858459	Sector H Tres	Sector H Tres	MX	2837	15.7661	-96.1469
8858460	Tlatempan	Tlatempan	MX	2837	19.3317	-98.2031
3822072	Tototepec	Tototepec	MX	2836	17.4323	-98.5871
8858461	Ixtlahuaca Barrio	Ixtlahuaca Barrio	MX	2835	19.8389	-98.0144
3518519	San Lucas Camotlán	San Lucas Camotlan	MX	2834	16.9447	-95.7138
3622005	Salitral	Salitral	CR	2833	9.9116	-84.1783
3519000	San José del Progreso	San Jose del Progreso	MX	2833	16.6867	-96.6847
3976175	Ojo de Agua de Palmillas	Ojo de Agua de Palmillas	MX	2833	22.6197	-105.6039
4687635	Early	Early	US	2833	31.7421	-98.9456
3532533	Ayahualulco	Ayahualulco	MX	2832	19.3511	-97.1487
3820847	Carrillo Puerto	Carrillo Puerto	MX	2829	19.0940	-90.5228
3515026	Tunkás	Tunkas	MX	2828	20.9023	-88.7514
3533025	San Antonio Alpanocan	San Antonio Alpanocan	MX	2828	18.8772	-98.7108
3517994	San Pedro Huilotepec	San Pedro Huilotepec	MX	2827	16.2451	-95.1509
3616584	San Ramón	San Ramon	NI	2827	12.9234	-85.8390
3520011	Samahil	Samahil	MX	2826	20.8835	-89.8883
3514286	Yaxkukul	Yaxkukul	MX	2825	21.0620	-89.4190
3762772	Magdalena Apasco	Magdalena Apasco	MX	2824	17.2408	-96.8208
3532675	La Ascención	La Ascencion	MX	2823	24.3237	-99.9139
3526960	Huehuetla	Huehuetla	MX	2821	20.4607	-98.0766
8858462	Jesús Nazareno	Jesus Nazareno	MX	2821	18.8767	-97.6231
3602603	Salamá	Salama	HN	2820	14.8333	-86.5833
8858463	Guadalupe Zaragoza	Guadalupe Zaragoza	MX	2820	19.3583	-98.5375
3669557	San José de la Montaña	San Jose de la Montana	CO	2819	6.8503	-75.6833
3818748	Tlacamilco	Tlacamilco	MX	2819	19.0759	-97.9164
3822574	Kancab	Kancab	MX	2819	20.1955	-89.3458
3801447	San Miguel del Valle	San Miguel del Valle	MX	2818	17.0208	-96.4173
3981381	Tomochi	Tomochi	MX	2818	28.3539	-107.8447
3815171	San Simón Tlatlahuquitepec	San Simon Tlatlahuquitepec	MX	2817	19.3984	-98.2240
4004096	Jarácuaro	Jaracuaro	MX	2817	19.5605	-101.6778
3608514	Jutiapa	Jutiapa	HN	2815	15.7667	-86.5167
3970591	Rosario	Rosario	MX	2815	27.8411	-109.3681
3530944	Chichiquila	Chichiquila	MX	2812	19.2007	-97.0669
4733940	Springtown	Springtown	US	2811	32.9660	-97.6836
3514344	Yalkoba	Yalkoba	MX	2808	20.7917	-88.0367
3530396	Colotepec	Colotepec	MX	2808	17.0408	-99.2123
4014543	Chaparaco	Chaparaco	MX	2808	19.9600	-102.2604
3973814	Rancho Nuevo	Rancho Nuevo	MX	2807	22.2222	-100.9229
3602301	San Francisco	San Francisco	HN	2806	15.6500	-87.0500
3522453	Ocotlán de Betancourt	Ocotlan de Betancourt	MX	2806	19.7975	-97.5366
3817744	San Pedro Tepetitlán	San Pedro Tepetitlan	MX	2805	19.6284	-98.8884
3526378	Colonia Juárez	Colonia Juarez	MX	2803	16.2097	-95.0272
8858465	Bosques de la Magdalena	Bosques de la Magdalena	MX	2803	19.3578	-98.9475
3992191	Portezuelo	Portezuelo	MX	2802	20.4135	-102.5183
3980910	Tumbiscatío de Ruiz	Tumbiscatio de Ruiz	MX	2801	18.5248	-102.3755
3528797	El Limón	El Limon	MX	2800	22.8251	-99.0048
3802635	Ocuapan	Ocuapan	MX	2800	17.8541	-93.4894
3980188	Villa Hidalgo	Villa Hidalgo	MX	2800	22.4505	-100.6783
3984432	Santa Cruz el Grande	Santa Cruz el Grande	MX	2800	20.3745	-102.8638
4024301	Valencianita	Valencianita	MX	2800	20.7468	-101.3023
4024607	Puentecillas	Puentecillas	MX	2799	20.9317	-101.2786
3525948	Santo Tomás la Concordia	Santo Tomas la Concordia	MX	2798	19.2292	-98.3194
8858466	El Huaxtho	El Huaxtho	MX	2798	20.2344	-98.9622
4699204	Howe	Howe	US	2798	33.5087	-96.6122
3519676	Zoyatzingo	Zoyatzingo	MX	2795	19.0902	-98.7836
3700559	Tolé	Tole	PA	2794	8.2433	-81.6697
3517968	San Pedro Quiatoni	San Pedro Quiatoni	MX	2792	16.7832	-96.0313
3814460	Benito Juárez	Benito Juarez	MX	2792	19.8911	-98.8070
3518222	Zacaola	Zacaola	MX	2791	18.8810	-97.8476
4003771	Juan Martín	Juan Martin	MX	2791	20.4691	-100.7487
3604270	Ojojona	Ojojona	HN	2790	13.9339	-87.2958
4006678	Pablo Escaleras	Pablo Escaleras	MX	2790	22.2495	-102.3327
3827140	Jalpa de los Baños	Jalpa de los Banos	MX	2786	19.6783	-99.8739
3827231	San Mateo Capulhuac	San Mateo Capulhuac	MX	2786	19.4703	-99.5261
4688222	Eden	Eden	US	2786	31.2163	-99.8456
3581169	San Narciso	San Narciso	BZ	2784	18.3040	-88.5208
8858467	Tamazulápam del Espíritu Santo	Tamazulapam del Espiritu Santo	MX	2783	17.0550	-96.0653
3816572	Nuevo León	Nuevo Leon	MX	2782	16.4863	-92.5714
4001610	La Libertad	La Libertad	MX	2782	29.9131	-112.6918
4013828	Cieneguitas	Cieneguitas	MX	2782	22.7144	-102.4940
4017125	Betania	Betania	MX	2782	20.5811	-102.3797
3583009	Tecoluca	Tecoluca	SV	2781	13.7892	-89.0053
3802094	Puerto Ceiba	Puerto Ceiba	MX	2780	18.4108	-93.1786
8858468	Poblado C-33 20 de Noviembre	Poblado C-33 20 de Noviembre	MX	2779	17.9675	-93.5650
3526391	Juan Marcos (San José Buenavista)	Juan Marcos (San Jose Buenavista)	MX	2777	19.7292	-97.1967
3599972	Agua Blanca	Agua Blanca	GT	2776	14.4980	-89.6496
8858469	Santiago Acozac	Santiago Acozac	MX	2775	18.9569	-97.8117
3982367	Campestre Tarímbaro	Campestre Tarimbaro	MX	2774	19.7750	-101.1292
4001767	La Labor	La Labor	MX	2774	21.3718	-104.7194
3589734	San Miguel Acatán	San Miguel Acatan	GT	2773	15.7040	-91.5977
3817703	Santa María Tecuanulco	Santa Maria Tecuanulco	MX	2773	19.5066	-98.7621
3997205	Los Rodríguez	Los Rodriguez	MX	2773	21.0410	-100.6428
8858470	Colorines	Colorines	MX	2773	18.8847	-96.9783
3620930	Altagracia	Altagracia	NI	2771	11.5662	-85.5784
3818595	Xolotla	Xolotla	MX	2770	20.2580	-98.1333
4686621	Doolittle	Doolittle	US	2769	26.3534	-98.1167
3517830	San Salvador el Verde	San Salvador el Verde	MX	2768	19.2700	-98.5165
3814156	Colonia Teñhe	Colonia Tenhe	MX	2768	20.1927	-99.1783
3827214	San Antonio Bonixi	San Antonio Bonixi	MX	2768	19.4923	-99.7269
3971904	Florencia	Florencia	MX	2768	21.5045	-103.5546
3526359	Juchique de Ferrer	Juchique de Ferrer	MX	2766	19.8398	-96.6946
3991222	Puruagua	Puruagua	MX	2766	20.0795	-100.4526
3531786	Calotmul	Calotmul	MX	2764	21.0196	-88.1773
4002118	Laguna de San Vicente	Laguna de San Vicente	MX	2762	21.9460	-100.8593
5530403	Seagraves	Seagraves	US	2762	32.9443	-102.5649
3515743	Tetla	Tetla	MX	2761	18.9874	-97.0606
4672479	Bartlett	Bartlett	US	2761	30.7949	-97.4256
4024603	Los Rodríguez	Los Rodriguez	MX	2760	20.9368	-101.3635
3515592	Tilapa	Tilapa	MX	2759	18.5972	-98.5516
3614835	Barra Patuca	Barra Patuca	HN	2758	15.8000	-84.2833
8858472	Rancho Verde	Rancho Verde	MX	2758	31.9161	-116.5883
8858473	Entronque Laredo-Salinas Victoria	Entronque Laredo-Salinas Victoria	MX	2758	25.8550	-100.2472
3988663	Rincón de López	Rincon de Lopez	MX	2756	19.0536	-103.9331
3519726	Cuaxomulco	Cuaxomulco	MX	2755	19.3526	-98.0967
3532575	Atoyac	Atoyac	MX	2755	18.9121	-96.7786
4715957	Oak Trail Shores	Oak Trail Shores	US	2755	32.4888	-97.8342
3827562	San Miguel	San Miguel	MX	2754	19.8685	-99.1345
3985337	San Miguel de la Paz	San Miguel de la Paz	MX	2754	20.3705	-102.6627
8858474	Leona Vicario	Leona Vicario	MX	2754	20.9094	-89.6011
3530662	Ciénega de Zimatlán	Cienega de Zimatlan	MX	2753	16.8930	-96.7673
3814274	El Pedregal de San José	El Pedregal de San Jose	MX	2753	20.0658	-98.4099
3822825	Tepich	Tepich	MX	2753	20.2421	-88.2569
3827251	San Martín Toltepec	San Martin Toltepec	MX	2753	19.3519	-99.7058
7315378	Paloma Creek South	Paloma Creek South	US	2753	33.2114	-96.9355
3517991	San Pedro Ixtlahuaca	San Pedro Ixtlahuaca	MX	2751	17.0636	-96.8184
3521919	Papatlatla	Papatlatla	MX	2750	20.9017	-98.4515
3515915	Tepanco	Tepanco	MX	2747	18.5569	-97.5613
3529778	Villa Díaz Ordaz	Villa Diaz Ordaz	MX	2747	16.9963	-96.4327
8858475	San Felipe los Alzati (Colonia Nueva)	San Felipe los Alzati (Colonia Nueva)	MX	2747	19.4897	-100.3739
3587506	Zunilito	Zunilito	GT	2745	14.6126	-91.5098
3530563	Coacoyula de Álvarez	Coacoyula de Alvarez	MX	2744	18.0768	-99.6301
4014679	Santa Fe	Santa Fe	MX	2744	20.5267	-103.0848
3980829	Tzintzingareo	Tzintzingareo	MX	2743	19.7635	-100.4852
3991899	Pozos	Pozos	MX	2742	20.6201	-100.8958
4013665	Coamiles	Coamiles	MX	2741	21.9233	-105.2533
3581221	San Antonio	San Antonio	BZ	2738	17.0786	-89.0236
4004116	Janos	Janos	MX	2738	30.8887	-108.1933
4024145	San Pedro Tenango el Nuevo	San Pedro Tenango el Nuevo	MX	2738	20.5314	-100.6723
8858476	Rinconada de los Ángeles	Rinconada de los Angeles	MX	2738	20.0261	-98.7114
8858477	Manuel Ávila Camacho	Manuel Avila Camacho	MX	2738	20.1119	-98.7069
4692359	Freer	Freer	US	2732	27.8828	-98.6178
3516661	Sihochac	Sihochac	MX	2731	19.5011	-90.5844
3582431	Caye Caulker	Caye Caulker	BZ	2729	17.7366	-88.0276
3817963	Ejido Loma de Malacota	Ejido Loma de Malacota	MX	2729	19.6575	-99.6712
3826903	Tejalpa	Tejalpa	MX	2729	19.2517	-99.7658
3980575	Vanegas	Vanegas	MX	2728	23.8846	-100.9515
3818920	Tlapanalá	Tlapanala	MX	2727	18.6959	-98.5356
3983934	Santa Rosa	Santa Rosa	MX	2727	20.5662	-100.9244
3988274	Sahuaral	Sahuaral	MX	2726	26.9264	-109.6659
3523387	Medellín de Bravo	Medellin de Bravo	MX	2725	19.0587	-96.1578
3761195	San Lorenzo Tlalmimilolpan	San Lorenzo Tlalmimilolpan	MX	2725	19.2212	-98.8049
8858478	Sitio Ejido	Sitio Ejido	MX	2725	19.4533	-99.9007
3603097	Quebrada de Arena	Quebrada de Arena	HN	2723	15.7667	-85.9167
8708804	Guayalejo	Guayalejo	MX	2723	22.3831	-98.4831
3802101	Francisco I. Madero	Francisco I. Madero	MX	2722	18.3340	-93.2046
4026200	San Pedro Limón	San Pedro Limon	MX	2722	18.5820	-100.3071
4677979	Cactus	Cactus	US	2722	27.9069	-99.3939
3519724	San Antonio de la Cal	San Antonio de la Cal	MX	2721	20.7669	-99.9377
8858479	Constitución	Constitucion	MX	2721	18.0728	-92.8719
4722242	Reno	Reno	US	2720	32.9443	-97.5773
3527983	El Triunfo	El Triunfo	MX	2719	15.3500	-92.5460
8858480	Conjunto Habitacional Ecológico SUTEYM	Conjunto Habitacional Ecologico SUTEYM	MX	2719	19.3689	-99.7786
3526665	Ixtlán de Juárez	Ixtlan de Juarez	MX	2718	17.3316	-96.4876
3822069	Chiepetepec	Chiepetepec	MX	2718	17.5657	-98.7336
8858481	San José el Saladillo (El Saladillo)	San Jose el Saladillo (El Saladillo)	MX	2718	22.6850	-102.0378
3818867	La Purísima	La Purisima	MX	2717	18.8295	-97.7944
4004278	Ixtlahuacán	Ixtlahuacan	MX	2717	19.0010	-103.7371
3823852	Zapoapan	Zapoapan	MX	2716	18.8393	-96.9921
3624718	Belén	Belen	CR	2715	10.4079	-85.5884
3515310	Tolome	Tolome	MX	2715	19.2667	-96.3947
3813959	Caxuxi	Caxuxi	MX	2715	20.3021	-98.9937
3816584	Benito Juárez	Benito Juarez	MX	2715	16.0429	-92.8187
3992846	Petacalco	Petacalco	MX	2715	17.9810	-102.1086
3522240	San Mateo Ozolco	San Mateo Ozolco	MX	2713	19.0999	-98.5157
3595403	Huité	Huite	GT	2712	14.9279	-89.7163
4016700	Buenavista	Buenavista	MX	2711	20.4531	-103.5210
3517619	Santa Clara Huitziltepec	Santa Clara Huitziltepec	MX	2709	18.7689	-97.8812
3825877	Bordo Blanco	Bordo Blanco	MX	2709	20.4962	-99.9283
3975280	Constitución	Constitucion	MX	2709	29.9211	-106.7961
4012934	Copala	Copala	MX	2709	19.6115	-103.7695
8858482	El Huarache (El Guarache)	El Huarache (El Guarache)	MX	2709	25.5200	-103.4867
4007716	El Salitre	El Salitre	MX	2708	20.5089	-103.8572
8858483	El Boxtha	El Boxtha	MX	2708	20.2597	-98.9742
3983138	Senguio	Senguio	MX	2707	19.7341	-100.3532
4018341	Arantepacua	Arantepacua	MX	2707	19.5951	-101.9691
8858484	Colonia San Luis Rey	Colonia San Luis Rey	MX	2707	20.9356	-100.7361
3589400	Santa Cruz Muluá	Santa Cruz Mulua	GT	2706	14.5815	-91.6244
3601519	Santa Rita, Copan	Santa Rita, Copan	HN	2704	14.8675	-89.1000
3801034	Santo Domingo Tonalá	Santo Domingo Tonala	MX	2704	17.6746	-97.9643
8858485	El Progreso	El Progreso	MX	2704	16.8769	-93.2222
5529595	Rosita South	Rosita South	US	2704	28.6238	-100.4284
3818804	San Francisco Cuautlancingo	San Francisco Cuautlancingo	MX	2703	18.9969	-97.4149
8858486	Amuco de la Reforma	Amuco de la Reforma	MX	2703	18.2936	-100.6397
8858487	Colonia Progreso	Colonia Progreso	MX	2703	16.8011	-95.0797
4007319	El Tejocote	El Tejocote	MX	2701	20.6192	-100.0349
3514063	Zapotitlán	Zapotitlan	MX	2700	18.3296	-97.4740
3530898	Chikindzonot	Chikindzonot	MX	2699	20.3378	-88.4871
3815432	San Rafael Tenanyecac	San Rafael Tenanyecac	MX	2699	19.2479	-98.3712
8858488	Los Mangos	Los Mangos	MX	2699	18.2436	-95.1222
3609667	French Harbor	French Harbor	HN	2698	16.3500	-86.4333
3621200	Tucurrique	Tucurrique	CR	2697	9.8534	-83.7227
3993233	Pastor Rovaix	Pastor Rovaix	MX	2696	25.6823	-103.5102
3522061	Palo Blanco	Palo Blanco	MX	2695	17.4042	-99.4662
8858489	Rizos de la Joya (Rizos del Saucillo)	Rizos de la Joya (Rizos del Saucillo)	MX	2694	21.1486	-101.7619
8858490	San Pedro Yancuitlalpan	San Pedro Yancuitlalpan	MX	2694	19.0775	-98.4833
3598513	Chinique	Chinique	GT	2693	15.0415	-91.0259
3526078	Carboneras	Carboneras	MX	2693	24.6268	-97.7168
3972678	Chupaderos	Chupaderos	MX	2693	23.1604	-102.3279
3524733	Las Mesas	Las Mesas	MX	2692	17.0075	-99.4574
3991137	Quinceo	Quinceo	MX	2692	19.5944	-101.9994
8858491	Fraccionamiento San Miguel	Fraccionamiento San Miguel	MX	2692	20.0711	-102.6867
8858492	Colonia Agrícola México (Palmitas)	Colonia Agricola Mexico (Palmitas)	MX	2692	25.1097	-107.9447
3517282	Santa María Atlihuetzian	Santa Maria Atlihuetzian	MX	2691	19.3770	-98.1778
3607381	La Mina	La Mina	HN	2690	15.3167	-87.8333
3813992	El Tephé	El Tephe	MX	2690	20.4486	-99.1750
4717326	Palmhurst	Palmhurst	US	2687	26.2584	-98.3181
4018786	Alhuey	Alhuey	MX	2686	25.3781	-108.1303
3714598	Atalaya	Atalaya	PA	2686	8.0436	-80.9248
5333749	Campo	Campo	US	2684	32.6065	-116.4689
3601039	Támara	Tamara	HN	2683	14.1691	-87.3407
3514292	Yaxe	Yaxe	MX	2683	16.7253	-96.4724
4010867	El Cabezón	El Cabezon	MX	2683	20.4957	-103.9514
3589795	San Marcos La Laguna	San Marcos La Laguna	GT	2681	14.7250	-91.2584
4004892	Hernández	Hernandez	MX	2681	23.0334	-102.0376
3620106	El Almendro	El Almendro	NI	2681	11.6786	-84.7027
3589923	San Juan Bautista	San Juan Bautista	GT	2680	14.4227	-91.1790
3601989	San Juan Guarita	San Juan Guarita	HN	2678	14.1833	-88.8167
4029693	Puerto de Aguirre	Puerto de Aguirre	MX	2678	20.8069	-100.4329
8858493	Cerrillos (Campo 35)	Cerrillos (Campo 35)	MX	2677	25.8781	-108.9014
8858494	El Varal (San Sebastián Número Uno)	El Varal (San Sebastian Numero Uno)	MX	2677	25.6428	-108.4250
3522010	Palomas	Palomas	MX	2676	22.4812	-99.8492
3531510	Carrillo Puerto	Carrillo Puerto	MX	2676	15.0112	-92.1955
3761745	Santa Teresa	Santa Teresa	MX	2676	18.2297	-99.5052
4009297	Purísima Concepción Mayorazgo	Purisima Concepcion Mayorazgo	MX	2676	19.6916	-100.0021
9093087	Espinal	Espinal	MX	2676	20.2582	-97.4003
3531130	Chapopote Núñez	Chapopote Nunez	MX	2675	20.9322	-97.6840
3700933	Sioguí Abajo	Siogui Abajo	PA	2675	8.4814	-82.6630
3802049	Cocohital	Cocohital	MX	2674	18.3974	-93.3447
3823417	Pacho Nuevo	Pacho Nuevo	MX	2673	19.4754	-96.8781
4008535	El Plan	El Plan	MX	2673	20.4181	-103.6068
5312393	Sacaton	Sacaton	US	2672	33.0767	-111.7393
3520399	Reforma de Pineda	Reforma de Pineda	MX	2671	16.4010	-94.4579
3991337	Bahía Tortugas	Bahia Tortugas	MX	2671	27.6913	-114.8948
8858495	Portal de las Salinas	Portal de las Salinas	MX	2671	25.9822	-100.1433
4742503	Wimberley	Wimberley	US	2670	29.9974	-98.0986
4000411	Rosa Blanca	Rosa Blanca	MX	2668	21.1226	-104.3583
8858496	Paseo Puente Viejo	Paseo Puente Viejo	MX	2668	20.5692	-103.1906
8858497	Santa Cruz Tetela	Santa Cruz Tetela	MX	2668	19.2925	-98.2078
3826998	San Juan Jalpa Centro	San Juan Jalpa Centro	MX	2667	19.6981	-99.9300
3815214	Colonia Venustiano Carranza	Colonia Venustiano Carranza	MX	2665	19.4001	-98.0582
3993394	Paredón Colorado	Paredon Colorado	MX	2665	27.0797	-109.9325
3979407	Francisco Zarco	Francisco Zarco	MX	2664	32.0950	-116.5719
3532146	San Vicente Boquerón	San Vicente Boqueron	MX	2661	18.2798	-98.0554
3526869	San Pedro Huitzizilapan	San Pedro Huitzizilapan	MX	2659	19.4057	-99.4781
8858498	Almoloya	Almoloya	MX	2659	20.0228	-98.3167
4720529	Premont	Premont	US	2659	27.3606	-98.1236
3987147	San Francisco Curungueo	San Francisco Curungueo	MX	2657	19.4641	-100.3435
3996318	Mecatán	Mecatan	MX	2657	21.5361	-105.1195
4004871	Hidalgo	Hidalgo	MX	2655	25.8167	-103.2839
8858499	Fraccionamiento Misión de San Javier	Fraccionamiento Mision de San Javier	MX	2655	25.7456	-100.1519
3587372	Anamorós	Anamoros	SV	2655	13.7406	-87.8736
3583407	San Pedro Masahuat	San Pedro Masahuat	SV	2654	13.5436	-89.0386
3584714	Lolotique	Lolotique	SV	2654	13.5500	-88.3500
3588460	Tejutla	Tejutla	GT	2653	15.1225	-91.8063
8858500	Zona Urbana Ejido Isla Mujeres	Zona Urbana Ejido Isla Mujeres	MX	2653	21.2247	-86.8536
8858501	Fraccionamiento los Prados	Fraccionamiento los Prados	MX	2652	17.9778	-94.6392
4727948	Seymour	Seymour	US	2652	33.5943	-99.2604
8858502	Laguna del Rey (Químicas del Rey)	Laguna del Rey (Quimicas del Rey)	MX	2651	27.0306	-103.3667
3518380	San Mateo Yoloxochitlán	San Mateo Yoloxochitlan	MX	2650	18.1435	-96.8686
3516917	Texcaltitlán	Texcaltitlan	MX	2648	18.9303	-99.9387
3825054	Tlapacoyan	Tlapacoyan	MX	2648	18.4567	-95.4006
3531194	Chalma	Chalma	MX	2646	21.2088	-98.3980
3521014	Puerto Ángel	Puerto Angel	MX	2645	15.6686	-96.4918
8858504	Charco Blanco	Charco Blanco	MX	2645	23.8631	-103.6575
3516426	San Juan Tahitic	San Juan Tahitic	MX	2644	19.9361	-97.5508
3818671	Xonocuautla	Xonocuautla	MX	2644	19.7887	-97.5163
3817546	San Simón el Alto	San Simon el Alto	MX	2643	18.9965	-99.5034
3518516	San Lucas Tecopilco	San Lucas Tecopilco	MX	2642	19.4863	-98.2561
4025319	Zopoco	Zopoco	MX	2642	19.8406	-102.0756
8858505	Capoluca	Capoluca	MX	2641	18.8064	-97.0272
8858506	Chicahuaxtla	Chicahuaxtla	MX	2640	20.1425	-97.9456
3533379	Acula	Acula	MX	2639	18.5056	-95.7743
3824689	Ahueyahualco	Ahueyahualco	MX	2639	19.7199	-97.2623
3984027	Santa Rita	Santa Rita	MX	2638	20.4415	-102.3902
3995013	Jesús María	Jesus Maria	MX	2638	22.2510	-104.5178
4015974	Campo Acosta	Campo Acosta	MX	2638	19.7705	-105.2484
4025210	San Nicolás Obispo	San Nicolas Obispo	MX	2638	19.6521	-101.3156
3616019	Tola	Tola	NI	2638	11.4393	-85.9389
3998289	Loreto	Loreto	MX	2637	23.8503	-103.0108
9870980	San Francisco Cuapa	San Francisco Cuapa	MX	2637	19.0683	-98.3656
3817709	San Pedro Chiautzingo	San Pedro Chiautzingo	MX	2636	19.5711	-98.7888
3514915	Unión Juárez	Union Juarez	MX	2635	15.0623	-92.0809
3984018	Laguna de Santa Rita	Laguna de Santa Rita	MX	2635	22.1145	-100.8471
4005383	Guadalupe Septién	Guadalupe Septien	MX	2635	20.5271	-100.1137
3522513	Oacalco	Oacalco	MX	2634	18.9220	-99.0293
3802682	Emiliano Zapata	Emiliano Zapata	MX	2633	17.9946	-92.9630
3984563	Santa Clara	Santa Clara	MX	2633	20.1790	-101.4335
8858507	Paraje el Mirador	Paraje el Mirador	MX	2633	19.3994	-99.3269
8858508	Santa María Aranzazú (Santa María)	Santa Maria Aranzazu (Santa Maria)	MX	2633	18.9883	-99.6506
8858509	Macuilxóchitl de Artigas Carranza	Macuilxochitl de Artigas Carranza	MX	2633	17.0158	-96.5400
8675522	Santa Fe	Santa Fe	MX	2632	30.6804	-115.9763
4693325	George West	George West	US	2631	28.3325	-98.1175
3515581	San Juan Tilcuautla	San Juan Tilcuautla	MX	2630	20.1567	-98.8014
3823467	Ixhuacán de los Reyes	Ixhuacan de los Reyes	MX	2629	19.3553	-97.1175
3972199	Pedregoso	Pedregoso	MX	2629	22.2532	-101.7591
8858510	Cuauhtémoc (Campo Cinco)	Cuauhtemoc (Campo Cinco)	MX	2629	27.4333	-110.0167
3827436	Santa María Tlalmimilolpan	Santa Maria Tlalmimilolpan	MX	2628	19.3913	-99.4709
3999856	Las Grullas Margen Izquierda	Las Grullas Margen Izquierda	MX	2628	25.8539	-109.3289
3581050	Silk Grass	Silk Grass	BZ	2627	16.8833	-88.3333
4007858	El Roble	El Roble	MX	2627	23.2456	-106.2058
8858511	San Francisco Independencia (Santa María Aserradero)	San Francisco Independencia (Santa Maria Aserradero)	MX	2627	19.0689	-97.4303
4018380	Apozol	Apozol	MX	2626	21.4704	-103.0902
3522938	Morro de Mazatán	Morro de Mazatan	MX	2625	16.0972	-95.3789
3977187	Mesón de los Sauces	Meson de los Sauces	MX	2625	21.5742	-102.1383
3980136	Cañadas de Obregón	Canadas de Obregon	MX	2625	21.1492	-102.6873
3589812	San Manuel Chaparrón	San Manuel Chaparron	GT	2624	14.5199	-89.7692
3516139	Tecomatlán	Tecomatlan	MX	2624	18.1096	-98.3134
4007148	Transporte	Transporte	MX	2624	25.6360	-103.5418
4009366	El Lucero	El Lucero	MX	2622	25.8794	-103.4020
3521597	Petlalcingo	Petlalcingo	MX	2621	18.0846	-97.9175
3526483	Joachín	Joachin	MX	2621	18.6379	-96.2350
3800359	San Antonio Tepetlapa	San Antonio Tepetlapa	MX	2621	16.5431	-98.0661
4007281	El Terrero	El Terrero	MX	2621	29.1811	-107.3866
4025136	San Antonio Villalongín	San Antonio Villalongin	MX	2621	19.5332	-100.7528
4012985	Congregación Ortíz	Congregacion Ortiz	MX	2620	28.2538	-105.5192
8858512	Fraccionamiento Ex-Hacienda el Refugio	Fraccionamiento Ex-Hacienda el Refugio	MX	2620	19.9508	-102.2564
4006400	Estipac	Estipac	MX	2618	20.3624	-103.7228
4024944	Santiago Capitiro	Santiago Capitiro	MX	2618	20.3043	-101.0181
3801609	Santa Ana Zegache	Santa Ana Zegache	MX	2617	16.8375	-96.7275
4018812	Alfajayucan	Alfajayucan	MX	2617	20.7533	-100.2204
5320513	Whetstone	Whetstone	US	2617	31.6925	-110.3501
3817604	San Vicente Chimalhuacán	San Vicente Chimalhuacan	MX	2616	19.0238	-98.8018
3582514	Burrell Boom	Burrell Boom	BZ	2615	17.5693	-88.4053
3974900	Mariano Matamoros	Mariano Matamoros	MX	2615	26.7621	-105.5853
4024891	Estación Pénjamo	Estacion Penjamo	MX	2615	20.3939	-101.6929
5526164	Merkel	Merkel	US	2615	32.4707	-100.0129
3516958	Santiago Cuaula	Santiago Cuaula	MX	2614	19.6014	-98.6494
8858513	San Juan Benito Juárez (San Juan Tararameo)	San Juan Benito Juarez (San Juan Tararameo)	MX	2613	19.9169	-101.1286
3529269	El Carmen Aztama	El Carmen Aztama	MX	2612	19.2297	-98.2194
3523307	Metapa	Metapa	MX	2610	14.8364	-92.1914
3822105	Cochoapa el Grande	Cochoapa el Grande	MX	2610	17.1928	-98.4559
4002902	La Ciudad	La Ciudad	MX	2609	23.7328	-105.6912
4013532	Cohuibampo	Cohuibampo	MX	2609	25.9421	-109.1598
4014857	Cenobio Moreno	Cenobio Moreno	MX	2609	19.0957	-102.5034
3518126	San Pablo Ixayoc	San Pablo Ixayoc	MX	2608	19.4732	-98.7952
4708403	Lyford	Lyford	US	2607	26.4123	-97.7897
3514432	Xochitlán	Xochitlan	MX	2606	18.8840	-98.8154
3590524	San Andrés Semetabaj	San Andres Semetabaj	GT	2605	14.7450	-91.1334
3530147	Coxcatlán	Coxcatlan	MX	2605	21.5410	-98.9071
4006450	Estancia de Ánimas	Estancia de Animas	MX	2605	22.4913	-101.9926
8858514	La Aurora	La Aurora	MX	2605	20.6267	-100.7575
8858515	San Vicente la Mesilla	San Vicente la Mesilla	MX	2604	16.1786	-92.2933
8858516	Fraccionamiento Rinconada del Valle	Fraccionamiento Rinconada del Valle	MX	2604	19.4111	-99.5742
8858517	Unidad Habitacional Santa Teresa	Unidad Habitacional Santa Teresa	MX	2602	19.2161	-99.5522
3514948	Ucú	Ucu	MX	2601	21.0319	-89.7462
3816457	José María Morelos	Jose Maria Morelos	MX	2601	16.0419	-91.8320
4020749	Villa Nicolás Bravo	Villa Nicolas Bravo	MX	2601	18.2147	-100.5489
3581142	Santa Familia	Santa Familia	BZ	2600	17.1859	-89.0743
3816728	Tierra y Libertad	Tierra y Libertad	MX	2600	16.3789	-93.8606
3995954	Mechoacanejo	Mechoacanejo	MX	2600	21.5407	-102.5970
8858518	Prados San Francisco	Prados San Francisco	MX	2600	19.7215	-99.0837
4704188	La Villa	La Villa	US	2600	26.2987	-97.9286
8858519	Hualcaltzinco	Hualcaltzinco	MX	2599	19.4006	-98.1600
3985570	San Marcos	San Marcos	MX	2598	22.2776	-101.9513
4007913	El Rincón	El Rincon	MX	2598	19.6672	-103.4018
4012402	Cuautitlán	Cuautitlan	MX	2597	19.4519	-104.3585
8858520	Uruétaro	Uruetaro	MX	2596	19.7906	-101.0878
3983135	Sentispac	Sentispac	MX	2594	21.8053	-105.3457
9179499	El Nigromante	El Nigromante	MX	2594	17.7647	-95.7572
3827104	Las Manzanas	Las Manzanas	MX	2593	19.9507	-99.5611
5340655	Crest	Crest	US	2593	32.8073	-116.8681
4013966	Churintzio	Churintzio	MX	2592	20.1505	-102.0657
8858521	El Ámbar (El Ámbar de Echeverría)	El Ambar (El Ambar de Echeverria)	MX	2592	16.0964	-92.8333
4695866	Hallettsville	Hallettsville	US	2592	29.4439	-96.9411
4699938	Indian Hills	Indian Hills	US	2591	26.2128	-97.9164
3818672	El Mirador	El Mirador	MX	2590	19.8247	-97.5164
8858522	Santa María Huiramangaro (San Juan Tumbio)	Santa Maria Huiramangaro (San Juan Tumbio)	MX	2590	19.5131	-101.7653
3817911	La Comunidad	La Comunidad	MX	2589	20.0211	-99.5761
8858523	Anacleto Canabal 3ra. Sección	Anacleto Canabal 3ra. Seccion	MX	2589	18.0183	-92.9899
4004430	Ignacio Allende	Ignacio Allende	MX	2588	24.4747	-103.9980
3815352	San José Aztatla	San Jose Aztatla	MX	2586	19.3100	-98.1265
5488600	Ruidoso Downs	Ruidoso Downs	US	2586	33.3290	-105.6044
3514588	Xaltepec	Xaltepec	MX	2583	20.1650	-98.0013
8858524	Metepec	Metepec	MX	2581	18.8789	-98.7467
3515840	Santiago Tepeyahualco	Santiago Tepeyahualco	MX	2580	19.8487	-98.6713
3523442	Matzaco	Matzaco	MX	2580	18.5595	-98.4882
3532655	Asunción Ocotlán	Asuncion Ocotlan	MX	2580	16.7605	-96.7212
4693696	Glen Rose	Glen Rose	US	2580	32.2346	-97.7553
8858525	Carmen Zacatal	Carmen Zacatal	MX	2579	17.0808	-92.8025
3608798	Jacaleapa	Jacaleapa	HN	2578	14.0167	-86.6667
8858526	El Cid	El Cid	MX	2578	19.8672	-98.9269
8858527	San José Tejamanil	San Jose Tejamanil	MX	2578	19.4314	-99.3589
3530390	Colucan	Colucan	MX	2577	18.5090	-98.4808
3800370	Santo Domingo Armenta	Santo Domingo Armenta	MX	2577	16.3319	-98.3778
3610377	El Rosario	El Rosario	HN	2575	14.8000	-87.7667
8858528	San Nicolás Zecalacoayan	San Nicolas Zecalacoayan	MX	2575	19.1992	-98.4883
3600315	Virginia	Virginia	HN	2574	14.0167	-88.5667
4006682	Erongarícuaro	Erongaricuaro	MX	2573	19.5887	-101.7205
4736420	The Hills	The Hills	US	2573	30.3480	-97.9850
3589592	San Rafael Las Flores	San Rafael Las Flores	GT	2572	14.4760	-90.1786
8858529	Xochimilco	Xochimilco	MX	2572	18.8417	-97.7258
8858530	El Llano	El Llano	MX	2571	21.9439	-102.3228
8858531	Tuncingo	Tuncingo	MX	2570	16.8508	-99.7892
5532037	Tahoka	Tahoka	US	2570	33.1668	-101.7938
3519631	San Bartolo Tutotepec	San Bartolo Tutotepec	MX	2568	20.3982	-98.2007
8858532	Pueblo Mayo	Pueblo Mayo	MX	2568	27.2036	-109.5550
3527029	Huajintepec	Huajintepec	MX	2567	16.6100	-98.2303
3814208	El Huixmí	El Huixmi	MX	2567	20.0763	-98.8200
4004686	Huaniqueo de Morales	Huaniqueo de Morales	MX	2566	19.8987	-101.5046
8858533	Coahuixco	Coahuixco	MX	2566	19.8056	-97.4103
3703011	Pesé	Pese	PA	2565	7.9086	-80.6143
3516350	Tampico Alto	Tampico Alto	MX	2564	22.1124	-97.8018
3826984	San Jerónimo Bonchete	San Jeronimo Bonchete	MX	2564	19.6311	-99.9495
4022970	Victoria	Victoria	MX	2564	21.2119	-100.2165
3514453	Xochiltepec	Xochiltepec	MX	2563	15.1278	-92.4339
3516643	Sinanche	Sinanche	MX	2563	21.2259	-89.1850
3827003	San Isidro Boxipe	San Isidro Boxipe	MX	2563	19.6011	-99.8908
4742656	Winters	Winters	US	2563	31.9565	-99.9623
3516079	Tekal de Venegas	Tekal de Venegas	MX	2562	21.0160	-88.9469
3979659	Zipiajo	Zipiajo	MX	2562	19.7939	-101.5541
4024211	Rincón de Centeno	Rincon de Centeno	MX	2560	20.6613	-100.8849
3519237	San Gabriel	San Gabriel	MX	2557	20.1731	-99.3356
8858534	Colonia Morelos	Colonia Morelos	MX	2557	19.6378	-99.3392
8858535	Zoatecpan	Zoatecpan	MX	2556	19.9344	-97.6203
3514910	Salvador Urbina	Salvador Urbina	MX	2555	15.0353	-92.2081
3531227	Chacsinkin	Chacsinkin	MX	2555	20.1722	-89.0165
3827075	San Jerónimo de los Jarros	San Jeronimo de los Jarros	MX	2555	19.8786	-99.9233
3592349	Morazán	Morazan	GT	2554	14.9328	-90.1431
3515473	Tlacotepec (San Mateo)	Tlacotepec (San Mateo)	MX	2554	20.0603	-97.8492
8858536	José María Pino Suárez (Nuevo Nahuapa)	Jose Maria Pino Suarez (Nuevo Nahuapa)	MX	2554	19.9489	-105.3278
8858537	La Planada	La Planada	MX	2554	19.7813	-99.1827
8858538	Llano de la Y	Llano de la Y	MX	2554	19.4028	-99.6164
3814324	Santa Elena Paliseca	Santa Elena Paliseca	MX	2553	19.9977	-98.2436
3988652	Rincón de Parangueo	Rincon de Parangueo	MX	2553	20.4218	-101.2518
3800412	Tepenixtlahuaca	Tepenixtlahuaca	MX	2551	16.2924	-97.4918
3516942	Santiago Laollaga	Santiago Laollaga	MX	2550	16.5846	-95.2051
3816463	La Esperanza	La Esperanza	MX	2549	16.1519	-91.8687
3982268	Tecario	Tecario	MX	2549	19.2325	-101.5449
4001460	La Manzanilla de la Paz	La Manzanilla de la Paz	MX	2549	20.0054	-103.1543
3802235	Poblado C-11 José María Morelos y Pavón	Poblado C-11 Jose Maria Morelos y Pavon	MX	2547	18.1742	-93.6236
8858539	San Gregorio Aztotoacan	San Gregorio Aztotoacan	MX	2547	19.2644	-98.4919
3523031	Montecristo	Montecristo	MX	2546	15.6929	-92.6193
3817781	Santiago Zacualuca	Santiago Zacualuca	MX	2546	19.7004	-98.9291
3516095	San Juan Teitipac	San Juan Teitipac	MX	2545	16.9296	-96.6064
3533083	Alcozauca de Guerrero	Alcozauca de Guerrero	MX	2545	17.4635	-98.3842
4710317	McQueeney	McQueeney	US	2545	29.5922	-98.0333
3527232	Guaytalpa	Guaytalpa	MX	2544	18.2155	-93.0316
3518619	Tejupa	Tejupa	MX	2543	18.8552	-98.5412
3984440	Santa Cruz del Astillero	Santa Cruz del Astillero	MX	2541	20.7466	-103.6428
8858540	Loma de San José	Loma de San Jose	MX	2541	19.6422	-99.3278
3516070	Tekom	Tekom	MX	2540	20.6023	-88.2648
8858541	San Diego la Huerta	San Diego la Huerta	MX	2540	19.1447	-99.6333
8858542	Santa María Chimalapa	Santa Maria Chimalapa	MX	2540	16.9064	-94.6833
3825185	La Cerquilla	La Cerquilla	MX	2539	17.9079	-95.0550
4021395	Norias del Paso Hondo	Norias del Paso Hondo	MX	2539	21.8616	-102.2068
3522629	Paraiso Novillero	Paraiso Novillero	MX	2538	18.2529	-95.9361
3532769	Aramberri	Aramberri	MX	2538	24.0980	-99.8155
3815417	San Hipólito Chimalpa	San Hipolito Chimalpa	MX	2538	19.3196	-98.2500
4006600	Esperanza	Esperanza	MX	2537	20.6456	-100.1110
8858543	San Lorenzo Queréndaro	San Lorenzo Querendaro	MX	2537	19.6675	-100.4886
4016708	Buenavista	Buenavista	MX	2536	19.9135	-100.2316
3589900	San Juan Ixcoy	San Juan Ixcoy	GT	2535	15.6002	-91.4464
3526878	Huitzililla	Huitzililla	MX	2535	18.6945	-98.8972
3532647	Atasta	Atasta	MX	2535	18.6192	-92.1039
4690428	Ferris	Ferris	US	2534	32.5340	-96.6655
7261055	Central Heights-Midland City	Central Heights-Midland City	US	2534	33.4037	-110.8154
3982098	Temascaltepec de González	Temascaltepec de Gonzalez	MX	2533	19.0441	-100.0424
8858544	La Ermita (Nueva Jerusalén)	La Ermita (Nueva Jerusalen)	MX	2533	19.0744	-101.5067
3602561	Sambo Creek	Sambo Creek	HN	2532	15.8167	-86.6833
3819034	Telpatlán	Telpatlan	MX	2532	18.4842	-97.1522
3518700	San Juan del Estado	San Juan del Estado	MX	2531	17.2740	-96.7994
4717448	Pantego	Pantego	US	2531	32.7143	-97.1564
5476799	Lordsburg	Lordsburg	US	2531	32.3504	-108.7087
3592217	Nentón	Nenton	GT	2530	15.8011	-91.7542
3600642	Toyós	Toyos	HN	2530	15.5500	-87.6500
3815724	Tzajalá	Tzajala	MX	2529	17.1356	-92.3933
8858545	Gabriel Leyva Velázquez	Gabriel Leyva Velazquez	MX	2529	25.7911	-108.5633
3998067	Bejucos	Bejucos	MX	2528	18.7780	-100.4278
3584264	Nueva Esparta	Nueva Esparta	SV	2528	13.7836	-87.8386
3587208	Cacaopera	Cacaopera	SV	2528	13.7667	-88.0833
3518018	San Pedro Atoyac	San Pedro Atoyac	MX	2527	16.4898	-97.9863
3518904	Alchichica	Alchichica	MX	2527	19.4343	-97.3899
3532466	Bacabchén	Bacabchen	MX	2527	20.2887	-90.0571
11096605	La Compañia	La Compania	MX	2526	18.9708	-97.7228
3607847	La Guacamaya	La Guacamaya	HN	2525	15.2500	-87.8000
3827411	Ignacio Allende	Ignacio Allende	MX	2525	19.3443	-99.3615
5308867	Pima	Pima	US	2524	32.8966	-109.8284
3980212	El Vegil	El Vegil	MX	2521	20.4311	-100.3502
8858546	Analco de Ponciano Arriaga (Santa Cruz Analco)	Analco de Ponciano Arriaga (Santa Cruz Analco)	MX	2521	19.2644	-98.5003
3814151	Munitepec de Madero	Munitepec de Madero	MX	2520	20.1290	-99.1993
3823637	Vargas	Vargas	MX	2519	19.2274	-96.3201
3532890	Amixtlán	Amixtlan	MX	2518	20.0478	-97.7992
4014383	Chichimequillas	Chichimequillas	MX	2518	21.0371	-101.4437
3670506	Sabanalarga	Sabanalarga	CO	2517	6.8489	-75.8171
3530328	Concepción Capulac (La Ex-Hacienda)	Concepcion Capulac (La Ex-Hacienda)	MX	2514	19.0944	-98.0614
3700269	Ustupo	Ustupo	PA	2514	9.1311	-77.9262
4002062	Lagunillas	Lagunillas	MX	2513	20.4593	-100.2931
8858547	San Isidro	San Isidro	MX	2512	19.7964	-97.3836
8858548	Cala Sur	Cala Sur	MX	2511	19.8328	-97.4211
3823485	La Gloria	La Gloria	MX	2510	19.3956	-97.2825
4006655	Escolásticas	Escolasticas	MX	2510	20.4279	-100.2122
8858549	Viñas del Sol	Vinas del Sol	MX	2509	32.6269	-115.5467
3609928	El Zapotal del Norte	El Zapotal del Norte	HN	2508	15.5167	-88.0500
3711631	Divalá	Divala	PA	2506	8.4129	-82.7137
3979527	Ejido Sinaloa	Ejido Sinaloa	MX	2505	32.5460	-115.2708
3985712	San Lucas Evangelista	San Lucas Evangelista	MX	2505	20.4079	-103.3622
4743274	Wyldwood	Wyldwood	US	2505	30.1294	-97.4728
3827100	Xhimojay	Xhimojay	MX	2503	19.9214	-99.6423
8858550	Kotolte	Kotolte	MX	2503	16.8644	-92.4611
8858551	Tepetzingo	Tepetzingo	MX	2503	18.9381	-99.6125
3601162	Sula	Sula	HN	2502	15.2477	-88.5605
3516612	Soconusco	Soconusco	MX	2502	15.3150	-92.7264
3526730	Ixcateopan de Cuauhtémoc	Ixcateopan de Cuauhtemoc	MX	2502	18.5014	-99.7914
3816615	Villa Hidalgo	Villa Hidalgo	MX	2502	16.3046	-93.1547
4007638	El Salvador	El Salvador	MX	2502	21.0167	-103.7160
3824980	Novara	Novara	MX	2501	18.1999	-96.1091
7315377	Paloma Creek	Paloma Creek	US	2501	33.2253	-96.9374
4024199	San José de Guanajuato	San Jose de Guanajuato	MX	2500	20.5565	-100.8929
4026716	San Miguel Agua Bendita	San Miguel Agua Bendita	MX	2500	19.6304	-100.0793
8858552	Apango de Zaragoza	Apango de Zaragoza	MX	2500	19.0683	-97.9403
3526608	Jaleaca de Catalán	Jaleaca de Catalan	MX	2496	17.4463	-99.8601
3532562	San Matías Atzala	San Matias Atzala	MX	2496	19.2513	-98.4817
3815705	Hidalgo Joshil	Hidalgo Joshil	MX	2496	17.2274	-92.3472
3817482	Buenavista	Buenavista	MX	2496	18.9456	-99.6569
3821841	Topiltepec	Topiltepec	MX	2496	17.6504	-99.2225
8858553	Cartagena [Fraccionamiento]	Cartagena [Fraccionamiento]	MX	2496	21.9564	-102.2764
3607983	La Ermita	La Ermita	HN	2495	14.4667	-87.0667
5313737	Sells	Sells	US	2495	31.9120	-111.8812
3991052	Villa de Ramos	Villa de Ramos	MX	2494	22.8304	-101.9108
4002068	Lagunillas	Lagunillas	MX	2494	19.5637	-101.4155
4024306	El Carrizalito	El Carrizalito	MX	2492	20.7032	-101.3255
8858554	Bellavista de Victoria (San José Bellavista)	Bellavista de Victoria (San Jose Bellavista)	MX	2492	18.8764	-97.5439
3800170	Santa Rosa	Santa Rosa	MX	2491	16.3165	-95.0994
4721444	Rancho Viejo	Rancho Viejo	US	2491	26.0395	-97.5564
4675146	Blue Mound	Blue Mound	US	2490	32.8565	-97.3389
3530450	Colipa	Colipa	MX	2489	19.9232	-96.7271
3979821	Zacualpan	Zacualpan	MX	2488	17.0893	-100.3264
4703882	La Blanca	La Blanca	US	2488	26.2929	-98.0378
3514222	Yolotepec	Yolotepec	MX	2487	20.3897	-99.0775
3972196	La Victoria	La Victoria	MX	2487	22.2591	-101.6292
8858555	Ninguno [Centro de Readaptación Social de Atlacholoaya]	Ninguno [Centro de Readaptacion Social de Atlacholoaya]	MX	2487	18.7578	-99.2294
8858556	Suchilapan del Río	Suchilapan del Rio	MX	2487	17.3861	-94.9881
3814145	Tlalminulpa	Tlalminulpa	MX	2486	20.0759	-99.2224
3987381	San Cristóbal	San Cristobal	MX	2485	20.9818	-101.7017
3522314	Orilla del Monte	Orilla del Monte	MX	2484	19.6578	-97.2929
3532607	Atlapexco	Atlapexco	MX	2484	21.0199	-98.3458
3515270	Santo Domingo Tomaltepec	Santo Domingo Tomaltepec	MX	2483	17.0606	-96.6233
9870940	San Lucas Atzala	San Lucas Atzala	MX	2483	19.1038	-98.4820
4686903	Dripping Springs	Dripping Springs	US	2483	30.1902	-98.0867
8858557	Polígonos	Poligonos	MX	2482	19.4161	-98.9909
8858558	San Jerónimo Almoloya	San Jeronimo Almoloya	MX	2482	18.9411	-98.0106
4716128	Odem	Odem	US	2482	27.9506	-97.5822
3824598	Guadalupe Victoria	Guadalupe Victoria	MX	2481	20.1673	-96.9146
3520940	Pustunich	Pustunich	MX	2480	20.3692	-89.5116
3823414	El Chico	El Chico	MX	2480	19.4661	-96.8367
3483512	Jalpilla	Jalpilla	MX	2479	21.3957	-98.8723
8858559	Tlalnepantla	Tlalnepantla	MX	2478	21.1800	-98.8461
3516851	Santo Domingo Huehuetlán	Santo Domingo Huehuetlan	MX	2477	18.7394	-98.1644
4003760	Pueblo Juárez (La Magdalena)	Pueblo Juarez (La Magdalena)	MX	2477	19.1672	-103.9311
3827094	Agua Escondida	Agua Escondida	MX	2476	19.9789	-99.5783
3982263	Techaluta de Montenegro	Techaluta de Montenegro	MX	2476	20.0725	-103.5514
8858560	Rinconada la Loma [Fraccionamiento]	Rinconada la Loma [Fraccionamiento]	MX	2476	20.4542	-103.2192
8723482	Ricardo Flores Magón	Ricardo Flores Magon	MX	2475	20.5144	-97.4950
3611144	El Níspero	El Nispero	HN	2474	14.7667	-88.3333
3521102	Progreso de Zaragoza	Progreso de Zaragoza	MX	2474	20.2749	-97.7116
4029578	El Organal	El Organal	MX	2474	20.4766	-100.0537
4023265	Los Ramírez	Los Ramirez	MX	2473	21.0192	-101.6446
3817708	San Bernardo Tlalmimilolpan	San Bernardo Tlalmimilolpan	MX	2472	19.5618	-98.7929
4026605	San Jerónimo	San Jeronimo	MX	2472	19.2426	-100.0222
3527033	Huahuaxtla	Huahuaxtla	MX	2471	19.9163	-97.6372
3483723	Rascón	Rascon	MX	2469	21.9707	-99.2574
5521075	Elm Creek	Elm Creek	US	2469	28.7744	-100.4917
3816464	El Porvenir Agrarista	El Porvenir Agrarista	MX	2468	16.1647	-91.8358
3802591	Tecominoacán	Tecominoacan	MX	2467	17.9195	-93.5630
3816598	Jericó	Jerico	MX	2467	16.2871	-92.9663
3515004	Tuxtla	Tuxtla	MX	2466	20.0004	-97.6553
4017991	Atotonilco el Bajo	Atotonilco el Bajo	MX	2466	20.3515	-103.6745
3532370	Barrancas	Barrancas	MX	2465	18.0691	-94.5864
8858561	Llano Suchiapa	Llano Suchiapa	MX	2465	16.8661	-95.0539
4714829	Nixon	Nixon	US	2465	29.2675	-97.7644
3526803	Ignacio Zaragoza	Ignacio Zaragoza	MX	2464	14.7408	-92.1714
4721504	Ranger	Ranger	US	2464	32.4699	-98.6790
4011530	Ejido Lázaro Cárdenas	Ejido Lazaro Cardenas	MX	2463	32.6058	-115.0200
8858562	Colonia Paraíso Escondido	Colonia Paraiso Escondido	MX	2463	21.0533	-105.2383
8858563	Colonia Emiliano Zapata Ejido de Tenancingo	Colonia Emiliano Zapata Ejido de Tenancingo	MX	2461	18.9536	-99.5589
4019838	Acachuén	Acachuen	MX	2460	19.8477	-102.0922
8858564	Progreso	Progreso	MX	2460	20.0197	-99.2386
3826915	San Pedro de la Hortaliza (Ejido Almoloyán)	San Pedro de la Hortaliza (Ejido Almoloyan)	MX	2459	19.3881	-99.8178
4675057	Bloomington	Bloomington	US	2459	28.6478	-96.8925
3602786	Río Blanquito	Rio Blanquito	HN	2458	15.7276	-87.9015
3530864	Chiltoyac	Chiltoyac	MX	2458	19.5770	-96.8652
4004318	Janitzio	Janitzio	MX	2458	19.5740	-101.6516
4003789	Juan E. García	Juan E. Garcia	MX	2457	25.4920	-103.6917
8858565	Acxotla del Río	Acxotla del Rio	MX	2455	19.3242	-98.2375
3529988	Cuautinchán	Cuautinchan	MX	2454	18.9546	-98.0157
3618410	La Paz de Carazo	La Paz de Carazo	NI	2454	11.8231	-86.1278
3824680	Ocotepec	Ocotepec	MX	2453	19.8072	-97.2743
3827051	Detiña (San Antonio Detiña)	Detina (San Antonio Detina)	MX	2453	19.9703	-99.8839
4689429	Escobares	Escobares	US	2451	26.4106	-98.9625
3531206	Chalcatzingo	Chalcatzingo	MX	2449	18.6890	-98.7746
3995913	Capilla de Milpillas	Capilla de Milpillas	MX	2449	20.6636	-102.8430
8858566	El Rincón (Santa Cruz del Rincón)	El Rincon (Santa Cruz del Rincon)	MX	2449	16.9961	-98.7353
3817423	Santa Cruz	Santa Cruz	MX	2448	18.8333	-99.9833
8858567	El Nabo	El Nabo	MX	2448	20.6939	-100.4803
3531207	Villa Chalcatongo de Hidalgo	Villa Chalcatongo de Hidalgo	MX	2447	17.0325	-97.5706
3980145	Villa Morelos	Villa Morelos	MX	2446	20.0038	-101.4128
3482978	Primero de Mayo	Primero de Mayo	MX	2445	22.9624	-98.9537
3527760	Españita	Espanita	MX	2445	19.4629	-98.4243
3996246	San José de Mendoza	San Jose de Mendoza	MX	2445	20.6888	-101.2145
4722843	Rio Hondo	Rio Hondo	US	2445	26.2354	-97.5819
3800518	La Luz	La Luz	MX	2444	16.1147	-97.5952
4701791	Junction	Junction	US	2444	30.4894	-99.7720
3824519	Nuevo Progreso	Nuevo Progreso	MX	2443	20.6166	-97.5066
3824927	Presidio (Plan de Libres)	Presidio (Plan de Libres)	MX	2443	18.6806	-96.7719
3827145	San Marcos Tlazalpan	San Marcos Tlazalpan	MX	2441	19.8061	-99.7175
3816007	Pacú	Pacu	MX	2440	16.6358	-93.1344
8858568	Jorobas	Jorobas	MX	2439	19.8239	-99.2483
4010492	El Capulín	El Capulin	MX	2438	20.2280	-102.4898
3623112	La Suiza	La Suiza	CR	2434	9.8506	-83.6169
3802384	Gregorio Méndez	Gregorio Mendez	MX	2434	18.0473	-93.0828
3826972	Fresno Nichi	Fresno Nichi	MX	2434	19.5669	-99.9489
3601462	Santiago de Puringla	Santiago de Puringla	HN	2433	14.3578	-87.9041
3515992	Tenango de Doria	Tenango de Doria	MX	2433	20.3387	-98.2274
3817924	Ganzda	Ganzda	MX	2433	19.9900	-99.8475
3818581	Coronel Tito Hernández	Coronel Tito Hernandez	MX	2432	20.4564	-97.7361
4001536	La Luz	La Luz	MX	2432	25.7259	-103.2441
4004424	Ignacio Ramírez	Ignacio Ramirez	MX	2432	24.5070	-104.0870
8858569	Lomas de la Maestranza	Lomas de la Maestranza	MX	2432	19.6875	-101.3303
8858570	Paseos del Pedregal	Paseos del Pedregal	MX	2432	20.6642	-100.3981
3581304	Roaring Creek	Roaring Creek	BZ	2430	17.2595	-88.7962
3530383	Comales	Comales	MX	2429	26.1814	-98.9186
3712419	Chiriquí	Chiriqui	PA	2429	8.3971	-82.3216
3816454	Miguel Hidalgo	Miguel Hidalgo	MX	2428	16.1039	-91.7783
3979593	San Martín de Zula	San Martin de Zula	MX	2428	20.4092	-102.7284
3980502	Velardeña	Velardena	MX	2425	25.0640	-103.7363
3987673	San Antonio de las Alazanas	San Antonio de las Alazanas	MX	2425	25.2714	-100.5787
4008078	El Refugio	El Refugio	MX	2425	20.7266	-102.8977
4013679	Coahuayana Viejo	Coahuayana Viejo	MX	2425	18.7517	-103.6677
8858571	Las Esperanzas (El Ranchito)	Las Esperanzas (El Ranchito)	MX	2425	23.8497	-103.1311
3581184	San Jose Soccoths	San Jose Soccoths	BZ	2424	17.0845	-89.1301
8858572	Centro de Readaptación Social	Centro de Readaptacion Social	MX	2424	19.6250	-97.2203
3517454	Santa Gertrudis	Santa Gertrudis	MX	2422	16.7858	-96.7981
3800267	El Barrio de la Soledad	El Barrio de la Soledad	MX	2422	16.8033	-95.1124
8858573	Ejido de Mozoquilpan	Ejido de Mozoquilpan	MX	2422	19.4242	-99.5283
3710875	El Espino	El Espino	PA	2422	8.8392	-79.8467
13118144	Armenia	Armenia	BZ	2421	17.1553	-88.7464
3815353	San Pedro Xochiteotla	San Pedro Xochiteotla	MX	2421	19.3079	-98.1386
8858575	La Noria	La Noria	MX	2420	16.2544	-95.2206
3827238	Ejido de Dolores	Ejido de Dolores	MX	2419	19.4308	-99.6128
8858576	Colonia San Isidro	Colonia San Isidro	MX	2419	19.4117	-98.1128
3825095	Chuniapan de Arriba	Chuniapan de Arriba	MX	2418	18.3482	-95.1812
9870444	Santiago Tepopula	Santiago Tepopula	MX	2418	19.1440	-98.8569
3972976	Seis de Enero	Seis de Enero	MX	2416	23.3669	-103.0746
4014894	Los Cedros	Los Cedros	MX	2416	20.3898	-103.2325
4021293	La Punta	La Punta	MX	2416	22.3232	-102.2925
4023109	Río Laja	Rio Laja	MX	2416	21.2032	-100.9230
8858577	Chiloljá	Chilolja	MX	2415	16.8853	-92.4247
3516534	Sontecomapan	Sontecomapan	MX	2413	18.5027	-95.0356
3528511	El Paredón	El Paredon	MX	2413	19.8669	-98.2522
8858578	Pantitlán	Pantitlan	MX	2413	17.6397	-99.1097
3590029	San José El Ídolo	San Jose El Idolo	GT	2412	14.4502	-91.4222
3519666	San Baltazar Chichicápam	San Baltazar Chichicapam	MX	2412	16.7618	-96.4899
3602287	San Francisco de Becerra	San Francisco de Becerra	HN	2411	14.6333	-86.1000
3827031	San Juan de los Jarros	San Juan de los Jarros	MX	2411	19.8619	-99.9161
3518327	San Miguel Enyege	San Miguel Enyege	MX	2410	19.5698	-99.8596
3999161	Las Varas	Las Varas	MX	2410	28.1544	-105.3418
4008076	Testerazo	Testerazo	MX	2410	21.4018	-104.8936
3521079	Pueblillo	Pueblillo	MX	2409	20.2545	-97.2571
8858579	San Francisco (El Calvito)	San Francisco (El Calvito)	MX	2409	16.3217	-92.5619
3532309	Belem	Belem	MX	2408	19.6333	-98.7966
8599113	Ejido Javier Rojo Gómez	Ejido Javier Rojo Gomez	MX	2408	32.4939	-116.8222
8858580	Fraccionamiento Ciudad Yagul	Fraccionamiento Ciudad Yagul	MX	2408	16.9775	-96.4619
8858581	San Miguel del Progreso	San Miguel del Progreso	MX	2408	19.9897	-97.6667
3514468	Xocen	Xocen	MX	2407	20.5977	-88.1643
3598659	Chiché	Chiche	GT	2406	15.0089	-91.0638
4029512	San Ildefonso	San Ildefonso	MX	2406	20.5672	-100.1720
8858582	El Recuerdo de Ancón (Xoconoxtle de Arriba)	El Recuerdo de Ancon (Xoconoxtle de Arriba)	MX	2405	20.6381	-101.1269
4017205	Belén del Refugio	Belen del Refugio	MX	2404	21.5305	-102.4356
3515027	Tunititlán	Tunititlan	MX	2403	20.2504	-99.2445
8858583	Fraccionamiento Ex-Hacienda Catano	Fraccionamiento Ex-Hacienda Catano	MX	2403	17.2275	-96.8156
8858584	Tlacotepec de José Manzo	Tlacotepec de Jose Manzo	MX	2403	19.2719	-98.4847
3517802	Tecomaxtlahuaca	Tecomaxtlahuaca	MX	2402	17.3472	-98.0317
4026751	San Diego del Cerrito	San Diego del Cerrito	MX	2402	19.5080	-100.0068
8858585	San José Tenería (Tenería)	San Jose Teneria (Teneria)	MX	2402	18.9503	-99.5431
3515474	Tlacotepec de Mejía	Tlacotepec de Mejia	MX	2401	19.1895	-96.8380
3582954	Texistepeque	Texistepeque	SV	2401	14.1333	-89.5000
3620243	San Francisco de Cuapa	San Francisco de Cuapa	NI	2400	12.2688	-85.3821
3522870	Muxupip	Muxupip	MX	2399	21.0430	-89.3297
3819030	Necoxtla	Necoxtla	MX	2399	18.3981	-97.3600
3993764	Palo Alto	Palo Alto	MX	2399	20.5407	-100.2212
8858586	Palma Grande	Palma Grande	MX	2399	21.9933	-105.3894
8858587	Colonia las Malvinas (Colonia Antorcha)	Colonia las Malvinas (Colonia Antorcha)	MX	2397	19.8783	-102.2258
3589480	Santa Apolonia	Santa Apolonia	GT	2396	14.7905	-90.9727
3987618	Francisco Serrato (San Bartolo)	Francisco Serrato (San Bartolo)	MX	2396	19.5068	-100.2600
3523125	Mixquiapan	Mixquiapan	MX	2395	19.6998	-97.2794
3824607	Hueytepec	Hueytepec	MX	2395	20.3266	-97.0266
9626582	San Juan Bautista la Raya	San Juan Bautista la Raya	MX	2395	16.9862	-96.7247
3816607	Julián Grajales	Julian Grajales	MX	2394	16.4871	-92.9693
8858588	Manzana Quinta (La Cañada)	Manzana Quinta (La Canada)	MX	2393	19.5422	-99.6025
7316034	Circle D-KC Estates	Circle D-KC Estates	US	2393	30.1610	-97.2347
3515516	Tixmehuac	Tixmehuac	MX	2392	20.2361	-89.1072
4001032	La Palma	La Palma	MX	2392	20.5156	-100.6975
3597301	El Chol	El Chol	GT	2391	14.9605	-90.4880
3987822	San Antonio	San Antonio	MX	2391	25.6386	-100.0583
3801610	San Bartolomé Quialana	San Bartolome Quialana	MX	2390	16.9019	-96.5014
3814922	Lázaro Cárdenas	Lazaro Cardenas	MX	2389	19.5375	-97.9822
4024255	El Divisador	El Divisador	MX	2389	20.5772	-101.1581
4024865	La Estrella	La Estrella	MX	2389	20.3908	-101.9212
3792374	Buriticá	Buritica	CO	2388	6.7187	-75.9073
8578672	Poblado Lázaro Cárdenas (La Veintiocho)	Poblado Lazaro Cardenas (La Veintiocho)	MX	2388	32.3733	-115.0653
8858589	Carrillo Puerto	Carrillo Puerto	MX	2388	22.4314	-97.9642
8858590	Cherán Atzicuirín (Cheranástico)	Cheran Atzicuirin (Cheranastico)	MX	2386	19.7000	-102.0156
3977202	El Tecuán	El Tecuan	MX	2384	21.6820	-102.0220
5532893	Val Verde Park	Val Verde Park	US	2384	29.3749	-100.8318
3530003	Cuauchichinola	Cuauchichinola	MX	2383	18.6639	-99.3758
4011326	El Aguajito	El Aguajito	MX	2383	25.9589	-109.3289
3606159	La Unión	La Union	HN	2382	15.7167	-87.0000
3482942	Nueva Apolonia	Nueva Apolonia	MX	2382	22.4976	-98.6312
3533399	Acopinalco del Peñón	Acopinalco del Penon	MX	2382	19.6593	-98.1630
3982691	Tacátzcuaro	Tacatzcuaro	MX	2382	19.7311	-102.5475
4025824	El Cháuz	El Chauz	MX	2382	18.8916	-102.0406
3602205	San Jerónimo	San Jeronimo	HN	2381	13.1767	-87.1364
3524417	Lázaro Cárdenas	Lazaro Cardenas	MX	2381	19.6402	-98.4717
4023249	Alfaro	Alfaro	MX	2381	21.1471	-101.6074
3815635	Damasco	Damasco	MX	2380	17.1616	-91.6006
3824977	Poblado Dos	Poblado Dos	MX	2380	18.3185	-96.0396
11096412	San Luis Ajajalpan	San Luis Ajajalpan	MX	2380	18.9362	-97.9339
3984951	San Rafael	San Rafael	MX	2379	25.0294	-100.5542
8858591	Ejido la Soledad	Ejido la Soledad	MX	2379	19.6450	-100.1064
3827292	San Bartolomé	San Bartolome	MX	2378	19.0094	-99.6786
3817719	Tepetitlán	Tepetitlan	MX	2377	19.5727	-98.8705
3821754	Lomas de San Juan	Lomas de San Juan	MX	2377	16.9847	-99.8038
8858592	Tehuilotepec	Tehuilotepec	MX	2377	18.5517	-99.5811
8858593	Villa de Guadalupe	Villa de Guadalupe	MX	2376	25.5144	-103.4892
3761009	San Nicolás Tecomatlán	San Nicolas Tecomatlan	MX	2375	20.1794	-99.0364
3482946	Santa Martha	Santa Martha	MX	2374	22.3428	-98.7064
3529655	Dzilam de Bravo	Dzilam de Bravo	MX	2374	21.3917	-88.8942
3973404	Hidalgo	Hidalgo	MX	2373	23.9776	-103.6604
8858594	Hacienda la Cruz [Fraccionamiento]	Hacienda la Cruz [Fraccionamiento]	MX	2373	20.6333	-100.2628
4684955	Dalworthington Gardens	Dalworthington Gardens	US	2373	32.7029	-97.1553
3674161	Murindó	Murindo	CO	2372	6.9806	-76.8212
3529535	Ejido Nuevo	Ejido Nuevo	MX	2372	16.9745	-99.7369
3827429	Santiago Tejocotillos	Santiago Tejocotillos	MX	2372	19.4331	-99.4515
3600165	Yuscarán	Yuscaran	HN	2371	13.9444	-86.8524
8858595	San Salvador (Naranjillo)	San Salvador (Naranjillo)	MX	2371	19.8314	-97.3150
3814983	El Rosario	El Rosario	MX	2368	19.6611	-98.2289
3816514	Villahermosa Yaluma	Villahermosa Yaluma	MX	2368	16.3337	-92.0777
3815275	Concepción Hidalgo	Concepcion Hidalgo	MX	2367	19.3981	-97.8195
3616759	San José de Bocay	San Jose de Bocay	NI	2367	13.5420	-85.5394
3818752	San Sebastián Teteles	San Sebastian Teteles	MX	2366	19.0324	-97.7902
3711828	Cristóbal	Cristobal	PA	2366	9.3522	-79.9044
3514446	Xochinanacatlán	Xochinanacatlan	MX	2365	20.1948	-97.8976
3986099	San José de Raíces	San Jose de Raices	MX	2365	24.5703	-100.2401
8858596	Colonia Campesina	Colonia Campesina	MX	2365	28.1403	-105.5267
3608718	Jericó	Jerico	HN	2364	15.9500	-85.9667
3525004	Larráinzar	Larrainzar	MX	2364	16.8845	-92.7134
3531742	Camotepec	Camotepec	MX	2364	20.0472	-98.0683
3815371	San Cosme Atlamaxac	San Cosme Atlamaxac	MX	2364	19.2384	-98.2251
4019067	Ahuisculco	Ahuisculco	MX	2364	20.5684	-103.7023
8858597	San Miguel Tianguizolco	San Miguel Tianguizolco	MX	2364	19.1586	-98.4408
3814404	Chimalpa Tlalayote	Chimalpa Tlalayote	MX	2363	19.6651	-98.5119
4026117	Infiernillo (Morelos de Infiernillo)	Infiernillo (Morelos de Infiernillo)	MX	2363	18.2825	-101.9011
4682748	Comfort	Comfort	US	2363	29.9677	-98.9050
3514399	Xoxocotla	Xoxocotla	MX	2362	18.6466	-97.1524
3801510	Donaji	Donaji	MX	2362	17.2295	-95.0529
3976531	Guadalupe Victoria	Guadalupe Victoria	MX	2362	24.2994	-107.2709
3712579	Chame	Chame	PA	2362	8.5815	-79.8843
3590017	San José La Arada	San Jose La Arada	GT	2361	14.7227	-89.5860
3987619	San Bartolo	San Bartolo	MX	2360	19.2450	-100.0533
3516984	Santiago Tlaltepoxco	Santiago Tlaltepoxco	MX	2359	19.8823	-99.2605
4006064	Galeras	Galeras	MX	2358	20.6176	-100.1571
4016040	Camichín de Jauja	Camichin de Jauja	MX	2358	21.4647	-104.8010
4024572	San Antonio el Rico	San Antonio el Rico	MX	2358	20.8231	-101.3734
3527652	Faja de Oro	Faja de Oro	MX	2356	15.0324	-92.1563
3818780	El Fuerte de la Unión	El Fuerte de la Union	MX	2356	19.4308	-97.5606
4021357	San Jacinto	San Jacinto	MX	2356	22.3486	-102.2336
8858599	Mismaloya (Fraccionamiento Pedregal de Santa Martha)	Mismaloya (Fraccionamiento Pedregal de Santa Martha)	MX	2356	20.6069	-103.1714
3824817	Tapalapan	Tapalapan	MX	2354	18.5324	-95.3061
4026598	San Francisco Mihualtepec	San Francisco Mihualtepec	MX	2354	19.2451	-100.0983
3992194	Portes Gil	Portes Gil	MX	2353	20.6581	-103.9384
3680090	Juradó	Jurado	CO	2351	7.1042	-77.7620
3622036	Roxana	Roxana	CR	2351	10.2671	-83.7511
3533150	Ahuazotepec	Ahuazotepec	MX	2351	20.0453	-98.1633
3972525	Ermita de Guadalupe	Ermita de Guadalupe	MX	2351	22.5866	-103.0324
8858600	La Roca	La Roca	MX	2351	20.5128	-103.4264
8858601	El Cuervero (Cuerveros)	El Cuervero (Cuerveros)	MX	2350	21.8606	-102.6839
3815745	Los Naranjos	Los Naranjos	MX	2348	17.2645	-92.6197
8858602	San Bartolo del Llano (San Isidro)	San Bartolo del Llano (San Isidro)	MX	2348	19.3053	-99.8275
8858603	San Isidro Gallinero (El Gallinero)	San Isidro Gallinero (El Gallinero)	MX	2347	16.8814	-99.7142
3524561	La Tigrilla	La Tigrilla	MX	2346	15.9877	-92.8522
3528454	El Pital	El Pital	MX	2346	20.1572	-96.8981
4024272	La Luz	La Luz	MX	2345	20.5539	-101.1806
3591955	Pachalum	Pachalum	GT	2344	14.9247	-90.6628
3532795	Apipilulco	Apipilulco	MX	2344	18.1931	-99.6708
3514623	El Volador	El Volador	MX	2343	20.6429	-97.2489
3604203	Orica	Orica	HN	2342	14.7000	-86.9500
3482989	El Abra	El Abra	MX	2342	22.6203	-99.0202
3815153	Los Reyes Quiahuixtlan	Los Reyes Quiahuixtlan	MX	2342	19.3395	-98.2515
3826948	Benito Juárez	Benito Juarez	MX	2342	19.4377	-99.8538
8858604	Guadalupe Victoria	Guadalupe Victoria	MX	2342	16.7561	-98.1817
3597676	El Adelanto	El Adelanto	GT	2341	14.1710	-89.8272
3526296	Kaua	Kaua	MX	2340	20.6213	-88.4143
3529666	Dzibalchén	Dzibalchen	MX	2340	19.4582	-89.7321
4028219	Cofradía de Morelos	Cofradia de Morelos	MX	2339	18.8683	-103.8355
3582294	Cotton Tree	Cotton Tree	BZ	2338	17.2736	-88.7140
3530938	Chicola	Chicola	MX	2338	18.9014	-97.1081
3815178	San Matías Tepetomatitlán	San Matias Tepetomatitlan	MX	2338	19.3539	-98.1949
4022368	El Pescadero	El Pescadero	MX	2338	23.3642	-110.1683
3617565	Mozonte	Mozonte	NI	2338	13.6603	-86.4384
3814139	Ignacio Zaragoza	Ignacio Zaragoza	MX	2337	20.0149	-99.3203
3982574	Tamazula de Victoria	Tamazula de Victoria	MX	2337	24.9693	-106.9662
3515360	Santiago Tlautla	Santiago Tlautla	MX	2336	19.9645	-99.3720
3532270	Beristain	Beristain	MX	2335	20.0943	-98.1329
4670901	Anson	Anson	US	2334	32.7565	-99.8962
3516810	Mazaltepec	Mazaltepec	MX	2333	17.1722	-96.8736
8858605	Amacuitlapilco	Amacuitlapilco	MX	2332	18.6961	-98.8117
8858606	Loma Bonita	Loma Bonita	MX	2332	18.9314	-99.1756
3800385	José María Morelos	Jose Maria Morelos	MX	2331	16.2024	-97.9288
8858607	Colonia Río Lerma (Tic Ti)	Colonia Rio Lerma (Tic Ti)	MX	2331	19.8056	-99.8972
3602257	San Ignacio	San Ignacio	HN	2330	14.6500	-87.0333
3604292	Ojo de Agua	Ojo de Agua	HN	2330	14.0167	-86.3500
4003988	Jesús María	Jesus Maria	MX	2330	25.0894	-107.4523
3814175	El Jiadi	El Jiadi	MX	2329	20.2477	-98.9286
3824687	Ignacio Zaragoza	Ignacio Zaragoza	MX	2329	19.7122	-97.2250
3515485	Tlacolula	Tlacolula	MX	2328	21.0914	-97.9596
8858608	San Mateo Capultitlán	San Mateo Capultitlan	MX	2328	19.1950	-98.4153
3981672	Tierra Blanca	Tierra Blanca	MX	2327	22.3490	-102.0650
8858609	Ignacio Zaragoza	Ignacio Zaragoza	MX	2327	18.4014	-92.9594
3620441	Catarina	Catarina	NI	2327	11.9120	-86.0738
3802349	Nicolás Bravo	Nicolas Bravo	MX	2326	18.1608	-93.0817
9172513	San Juan Totolcintla	San Juan Totolcintla	MX	2326	17.9067	-99.3269
3530600	Ciudad Cuauhtémoc	Ciudad Cuauhtemoc	MX	2325	15.6659	-92.0039
8858610	San Juan Ahuehueyo	San Juan Ahuehueyo	MX	2325	18.7150	-98.9328
3522765	Nepantla de Sor Juana Inés de la Cruz	Nepantla de Sor Juana Ines de la Cruz	MX	2324	18.9803	-98.8408
3822149	Buena Vista	Buena Vista	MX	2324	16.9625	-98.5808
3824472	Pisaflores	Pisaflores	MX	2324	20.6094	-97.9278
3581351	Red Bank Village	Red Bank Village	BZ	2323	16.6165	-88.5591
3514955	Uayalceh de Peón	Uayalceh de Peon	MX	2323	20.6934	-89.5948
4018061	Atapan	Atapan	MX	2323	19.6503	-102.4248
3517220	Santa María Petapa	Santa Maria Petapa	MX	2322	16.8204	-95.1190
3824976	Poblado Tres	Poblado Tres	MX	2322	18.2897	-96.0919
3609415	Guaimitas	Guaimitas	HN	2321	15.5000	-87.7167
3520879	Rodulfo Figueroa	Rodulfo Figueroa	MX	2321	15.9198	-91.9040
4681542	Citrus City	Citrus City	US	2321	26.3265	-98.3853
3530748	Chontla	Chontla	MX	2320	21.2958	-97.9242
3529933	Cuetzala del Progreso	Cuetzala del Progreso	MX	2319	18.1340	-99.8324
3529642	Dzoncauich	Dzoncauich	MX	2318	21.1289	-88.8907
3996618	Maravillas	Maravillas	MX	2317	22.4013	-102.0165
3815170	Topilco de Juárez	Topilco de Juarez	MX	2316	19.4210	-98.1999
3993417	Parangarico	Parangarico	MX	2316	20.1911	-101.1682
8858611	San José Carpinteros	San Jose Carpinteros	MX	2316	18.9947	-97.9117
3622895	Matina	Matina	CR	2315	10.0836	-83.2843
8858612	Colonia Ricardo Flores Magón	Colonia Ricardo Flores Magon	MX	2315	19.2683	-99.7583
8858613	Santa Martha	Santa Martha	MX	2314	19.4315	-98.9174
9086057	El Daxtha	El Daxtha	MX	2313	20.2804	-98.9785
3525837	La Esperanza	La Esperanza	MX	2311	17.7601	-99.2481
3526885	San Lucas Huitzilhuacán	San Lucas Huitzilhuacan	MX	2311	19.5869	-98.8836
4011468	Ejido Quintana Roo	Ejido Quintana Roo	MX	2311	32.4686	-115.0841
4023239	San Francisco de Durán	San Francisco de Duran	MX	2311	21.0044	-101.6208
4000660	La Primavera	La Primavera	MX	2310	20.7248	-103.5637
4741057	West Sharyland	West Sharyland	US	2309	26.2726	-98.3286
3516093	San Felipe Tejalápam	San Felipe Tejalapam	MX	2308	17.1113	-96.8542
8858614	Hermenegildo J. Aldana	Hermenegildo J. Aldana	MX	2308	18.0061	-94.6122
3823635	Puente Jula	Puente Jula	MX	2306	19.2006	-96.3486
3976938	Chihuahuita	Chihuahuita	MX	2306	26.1554	-109.0550
8858615	Colonia Guadalupe Victoria (La Capilla)	Colonia Guadalupe Victoria (La Capilla)	MX	2306	19.4022	-99.4542
3518398	San Mateo Ixtlahuaca	San Mateo Ixtlahuaca	MX	2304	19.6065	-99.8010
3520943	Purísima de Arista	Purisima de Arista	MX	2304	21.3117	-99.5120
3802398	Mazateupa	Mazateupa	MX	2304	18.2035	-93.0096
8858616	Corral del Risco (Punta de Mita)	Corral del Risco (Punta de Mita)	MX	2304	20.7736	-105.5167
3515488	San Jerónimo Tlacochahuaya	San Jeronimo Tlacochahuaya	MX	2302	17.0083	-96.5817
3801305	Papaloapan	Papaloapan	MX	2302	18.1601	-96.0936
3987955	San Andrés Ziróndaro	San Andres Zirondaro	MX	2302	19.6695	-101.6326
8858617	El Curtidor	El Curtidor	MX	2301	19.2917	-99.8350
3802287	El Tular	El Tular	MX	2300	18.1504	-93.3352
3814325	San Lorenzo Sayula	San Lorenzo Sayula	MX	2300	19.9890	-98.2972
4021415	Jaltomate	Jaltomate	MX	2299	22.0153	-102.1458
8858618	San Andrés	San Andres	MX	2299	19.7900	-97.3389
3531266	Chacalapa	Chacalapa	MX	2298	18.0781	-94.7025
3995973	Mezquitic	Mezquitic	MX	2298	22.3893	-103.7280
3704327	Metetí	Meteti	PA	2298	8.4991	-77.9790
3988301	Sacramento	Sacramento	MX	2297	27.0026	-101.7246
3600328	Villa Nueva	Villa Nueva	HN	2295	14.0317	-87.1413
3823815	Manuel León	Manuel Leon	MX	2295	18.8524	-96.8703
3827233	La Concepción de Hidalgo	La Concepcion de Hidalgo	MX	2295	19.4505	-99.5314
8858619	Poblado C-21 Licenciado Benito Juárez García	Poblado C-21 Licenciado Benito Juarez Garcia	MX	2294	18.0678	-93.5614
3666436	Uramita	Uramita	CO	2292	6.8994	-76.1742
3817638	Zula	Zula	MX	2292	19.2201	-98.8895
4027747	Aguas Blancas	Aguas Blancas	MX	2292	17.0365	-100.0630
4017198	Bellavista	Bellavista	MX	2291	21.5631	-104.8828
3515692	Tezonteopan de Bonilla	Tezonteopan de Bonilla	MX	2290	18.7480	-98.4913
8858620	Cima del Sol (Fraccionamiento Cima del Sol)	Cima del Sol (Fraccionamiento Cima del Sol)	MX	2290	20.4689	-103.4172
4009338	El Maguey	El Maguey	MX	2289	20.9804	-101.8465
3601566	Santa Lucía	Santa Lucia	HN	2288	14.1157	-87.1137
3533417	Achichipico	Achichipico	MX	2288	18.9486	-98.8261
4003271	La Calera	La Calera	MX	2287	20.4511	-103.2529
4013316	Antonio Rosales	Antonio Rosales	MX	2287	27.3511	-109.8531
8858621	Pueblos Unidos	Pueblos Unidos	MX	2287	24.2925	-107.1514
3976792	El Huitusi	El Huitusi	MX	2286	25.5097	-108.7788
3516164	Tecolapan	Tecolapan	MX	2284	18.5706	-95.3391
3519819	San Antonio el Grande	San Antonio el Grande	MX	2284	20.4570	-98.0352
3980820	Ucareo	Ucareo	MX	2284	19.8980	-100.6857
4025594	Parícuaro	Paricuaro	MX	2284	19.2612	-100.4581
3524351	Limones	Limones	MX	2282	19.3367	-96.9244
4008529	El Platanal	El Platanal	MX	2282	20.0641	-102.5777
4016934	San Martín de Bolaños	San Martin de Bolanos	MX	2282	21.6825	-103.8140
3802330	Mecoacán	Mecoacan	MX	2281	18.2375	-93.0823
8858622	Luis Rodríguez (El Vergel)	Luis Rodriguez (El Vergel)	MX	2281	30.4072	-115.8872
3518477	Temalacayuca	Temalacayuca	MX	2279	18.6044	-97.5573
3827236	San José Buenavista el Grande	San Jose Buenavista el Grande	MX	2279	19.4083	-99.5814
3996525	Hacienda de Márquez	Hacienda de Marquez	MX	2279	20.7807	-101.3601
3522460	Ocotitlán	Ocotitlan	MX	2278	19.0430	-96.9082
3516187	Tecamalucan	Tecamalucan	MX	2277	18.7607	-97.2257
3983211	Sayulilla	Sayulilla	MX	2277	22.4388	-105.3907
3814051	La Sabinita	La Sabinita	MX	2276	20.3609	-99.6325
3816171	Tzajalchén	Tzajalchen	MX	2276	16.8417	-92.4601
3817579	San Francisco Tetetla	San Francisco Tetetla	MX	2275	19.1167	-99.6014
3994517	Oconahua	Oconahua	MX	2275	20.7422	-104.1653
3987896	San Antonio de Rivas	San Antonio de Rivas	MX	2274	20.3499	-102.4276
8858623	Betania	Betania	MX	2274	16.6064	-92.5219
3520927	Quebrantadero	Quebrantadero	MX	2273	18.5243	-98.7911
3821728	El Bejuco	El Bejuco	MX	2271	16.8249	-99.7072
3610676	El Porvenir	El Porvenir	HN	2269	15.7500	-86.9333
3800411	Tataltepec de Valdés	Tataltepec de Valdes	MX	2269	16.3059	-97.5463
3971857	La Estanzuela	La Estanzuela	MX	2269	21.2096	-103.4647
3514214	Yotholin	Yotholin	MX	2267	20.3279	-89.4543
8858624	San Miguel Espejo	San Miguel Espejo	MX	2267	19.0950	-98.0667
5408445	Westmorland	Westmorland	US	2267	33.0373	-115.6214
3519977	San Agustín Loxicha	San Agustin Loxicha	MX	2266	16.0169	-96.6162
3615669	Yalagüina	Yalaguina	NI	2265	13.4838	-86.4930
3615998	Totogalpa	Totogalpa	NI	2265	13.5628	-86.4925
3801537	Cuauhtémoc	Cuauhtemoc	MX	2264	17.1015	-94.8853
3970677	San Carlos	San Carlos	MX	2264	27.9575	-111.0435
3997282	Los Pocitos	Los Pocitos	MX	2264	20.7995	-100.3146
8858626	Colonia San Ramón	Colonia San Ramon	MX	2264	18.9683	-99.5722
5456682	Bayard	Bayard	US	2264	32.7617	-108.1306
3595329	Ixchiguán	Ixchiguan	GT	2263	15.1638	-91.9326
3827298	San Gabriel Zepayautla	San Gabriel Zepayautla	MX	2263	19.0131	-99.5519
3983210	Sayulita	Sayulita	MX	2262	20.8665	-105.4394
3613175	Corozal	Corozal	HN	2261	15.8000	-86.7167
3522829	Naranjal	Naranjal	MX	2261	18.8107	-96.9628
8858627	Paso de Arena	Paso de Arena	MX	2260	18.3033	-100.8464
8858628	Tulipanes	Tulipanes	MX	2260	20.0603	-98.7672
8858629	San Francisco Temetzontla	San Francisco Temetzontla	MX	2260	19.3503	-98.2886
4021469	Guadalupe de Atlas	Guadalupe de Atlas	MX	2259	22.2670	-102.0318
3483109	Guadalupe Victoria	Guadalupe Victoria	MX	2258	24.0823	-98.2326
4003782	Juan Gil Preciado	Juan Gil Preciado	MX	2258	20.3727	-103.7276
4029523	Agua Azul	Agua Azul	MX	2258	20.6029	-100.2042
3815196	San Lucas Tlacochcalco	San Lucas Tlacochcalco	MX	2257	19.3426	-98.1464
3980339	El Vergel	El Vergel	MX	2257	25.6382	-103.5204
3714513	Bajo Boquete	Bajo Boquete	PA	2257	8.7706	-82.4331
3532564	Atzacoaloya	Atzacoaloya	MX	2255	17.5463	-99.1372
3991533	Puente de Camotlán	Puente de Camotlan	MX	2255	21.6987	-104.0800
4689240	Encantada-Ranchito-El Calaboz	Encantada-Ranchito-El Calaboz	US	2255	26.0334	-97.6331
3802269	Reforma	Reforma	MX	2254	18.2139	-93.3424
3518371	San Mateo Parra	San Mateo Parra	MX	2253	18.9914	-97.8617
3519104	San Jacinto	San Jacinto	MX	2252	19.3629	-99.3231
3713051	Capellanía	Capellania	PA	2252	8.3022	-80.5533
3993387	Paredoncito	Paredoncito	MX	2251	27.0586	-109.9115
8858630	Los Laureles	Los Laureles	MX	2251	19.4878	-89.9944
3590987	Quesada	Quesada	GT	2250	14.2703	-90.0403
8858631	Panales Jamaica (Cañones)	Panales Jamaica (Canones)	MX	2250	20.2956	-100.8231
4006618	Esmeralda	Esmeralda	MX	2249	25.7425	-103.4308
4013779	Cinco de Mayo	Cinco de Mayo	MX	2249	24.1010	-104.5729
4025020	San Martín	San Martin	MX	2249	20.2154	-101.6161
3618637	La Concordia	La Concordia	NI	2249	13.1953	-86.1666
3603028	Quebrada Seca	Quebrada Seca	HN	2248	15.6607	-87.9493
3823498	Cuiyachapa	Cuiyachapa	MX	2248	19.0450	-97.1737
3517996	San Pedro Huamelula	San Pedro Huamelula	MX	2247	16.0288	-95.6679
3530606	Citilcum	Citilcum	MX	2247	20.9518	-89.1183
3821834	Zotoltitlán	Zotoltitlan	MX	2247	17.7143	-99.2918
4008740	El Papayo	El Papayo	MX	2247	17.0368	-100.2501
8708777	Aurelio Manrique	Aurelio Manrique	MX	2245	22.2875	-98.6508
3827305	San Juan la Isla	San Juan la Isla	MX	2244	19.1303	-99.5708
8858632	Loma Bonita	Loma Bonita	MX	2244	19.1872	-100.2150
3530514	Coatzingo	Coatzingo	MX	2243	18.6120	-98.1727
8858633	Cereso 14 (El Amate)	Cereso 14 (El Amate)	MX	2243	16.5947	-93.8028
3519732	San Antonio Cañada	San Antonio Canada	MX	2242	18.5160	-97.2941
3515441	Tlalixtaquilla	Tlalixtaquilla	MX	2240	17.5748	-98.3692
3518175	Temextla	Temextla	MX	2239	19.6091	-97.6671
3979638	Nuevo Zirosto	Nuevo Zirosto	MX	2239	19.5485	-102.3478
4711221	Midway South	Midway South	US	2239	26.1569	-98.0201
8858634	Acatepec	Acatepec	MX	2238	17.3247	-98.9094
3514779	Verapaz	Verapaz	MX	2237	15.7117	-92.0620
3524160	Los Ángeles Tetela	Los Angeles Tetela	MX	2237	18.8899	-98.1671
3823224	Francisco I. Madero	Francisco I. Madero	MX	2237	19.5269	-97.2712
4715447	Northlake	Northlake	US	2237	33.1273	-97.2656
3514624	Vizarrón de Montes	Vizarron de Montes	MX	2235	20.8325	-99.7201
3516699	Sergio Butrón Casas	Sergio Butron Casas	MX	2235	18.5139	-88.5688
3530142	Collantes	Collantes	MX	2235	16.1870	-97.9710
3824770	Manuel María Contreras	Manuel Maria Contreras	MX	2235	20.4447	-97.4840
4010506	El Ceñidor	El Cenidor	MX	2235	19.0023	-102.1900
3604614	Monterrey	Monterrey	HN	2234	15.5894	-87.8814
3522534	Nuevo Morelos	Nuevo Morelos	MX	2234	22.5355	-99.2178
3827325	Tlacuitlapa	Tlacuitlapa	MX	2234	19.1221	-99.4153
3517879	San Rafael Calería	San Rafael Caleria	MX	2233	18.9401	-96.9437
8858635	Bonifacio Moreno (El Aguaje)	Bonifacio Moreno (El Aguaje)	MX	2232	18.9917	-102.7108
3601833	San Nicolás	San Nicolas	HN	2231	15.0034	-88.7517
3482884	Esteros	Esteros	MX	2230	22.5201	-98.1264
3517343	Santa María	Santa Maria	MX	2230	16.7698	-98.3910
3702276	Quebrada Bonita Adentro	Quebrada Bonita Adentro	PA	2229	9.2965	-79.7063
3821694	Buena Vista de la Salud	Buena Vista de la Salud	MX	2228	17.2608	-99.5018
4018624	Amapa	Amapa	MX	2226	21.7842	-105.2542
3531165	Chan Cenote	Chan Cenote	MX	2225	20.9918	-87.7847
3985302	San Miguel Zapotitlán	San Miguel Zapotitlan	MX	2225	20.3911	-102.9940
3991691	Primero de Mayo	Primero de Mayo	MX	2225	27.3886	-110.1222
3973674	Pardo	Pardo	MX	2224	21.8838	-100.8562
3704874	Macaracas	Macaracas	PA	2224	7.7317	-80.5536
3980603	Valle de Zaragoza	Valle de Zaragoza	MX	2223	27.4510	-105.8081
4025354	San Andrés Coru	San Andres Coru	MX	2223	19.4667	-101.9442
8858636	Las Cañadas	Las Canadas	MX	2223	20.2975	-101.9781
3706974	La Peña	La Pena	PA	2223	8.1341	-81.0282
3515061	Tulapam	Tulapam	MX	2222	18.3143	-95.2262
3518396	San Mateo	San Mateo	MX	2222	20.1825	-98.2471
3992910	Pericos	Pericos	MX	2222	22.0492	-105.3542
3516833	Santos Reyes Pápalo	Santos Reyes Papalo	MX	2221	17.8049	-96.8611
3531438	Casitas	Casitas	MX	2221	20.2549	-96.7998
3979694	Sauta	Sauta	MX	2220	21.7213	-105.1426
8858637	Santa Catarina Villanueva	Santa Catarina Villanueva	MX	2220	18.9992	-97.6147
3615865	Valle San Francisco	Valle San Francisco	NI	2219	12.5248	-86.2887
3514458	La Concepción Xochicuautla	La Concepcion Xochicuautla	MX	2218	19.3823	-99.4405
3520249	Río Lagartos	Rio Lagartos	MX	2218	21.5945	-88.1577
8858638	Doctor Rodulfo Figueroa (Tierra Blanca)	Doctor Rodulfo Figueroa (Tierra Blanca)	MX	2218	15.8508	-92.0622
3515346	Tlaxmalac	Tlaxmalac	MX	2217	18.3610	-99.4140
3977179	Los Azulitos	Los Azulitos	MX	2217	21.8461	-101.9653
3517401	Santa Isabel Chalma	Santa Isabel Chalma	MX	2215	19.1571	-98.7653
3529143	El Ciruelo	El Ciruelo	MX	2215	16.3173	-98.2570
3976894	Lázaro Cárdenas	Lazaro Cardenas	MX	2215	26.0495	-108.7978
3688499	Briceño	Briceno	CO	2214	7.1110	-75.5515
3516957	Santiago de Anaya	Santiago de Anaya	MX	2214	20.3825	-98.9640
4005872	General Calixto Contreras	General Calixto Contreras	MX	2213	24.4296	-104.0457
8858639	Ignacio Zaragoza	Ignacio Zaragoza	MX	2213	20.8817	-87.5250
3999504	Puerto Adolfo López Mateos	Puerto Adolfo Lopez Mateos	MX	2212	25.1924	-112.1104
3533180	Agustín de Iturbide	Agustin de Iturbide	MX	2211	15.0752	-92.1986
3702509	Progreso	Progreso	PA	2211	8.4467	-82.8386
3589880	San Juan Tecuaco	San Juan Tecuaco	GT	2210	14.0836	-90.2665
3525421	La Magdalena Yancuitlalpan	La Magdalena Yancuitlalpan	MX	2210	18.9108	-98.5894
3526742	Ixcuinquitlapilco	Ixcuinquitlapilco	MX	2210	20.1108	-98.9394
8858640	Unión Ejidal Tierra y Libertad	Union Ejidal Tierra y Libertad	MX	2210	19.6575	-98.3375
8858641	El Tigre	El Tigre	MX	2209	18.1019	-92.9419
3515869	Santa Cecilia Tepetitlán	Santa Cecilia Tepetitlan	MX	2208	19.1925	-97.4339
4010541	El Castillo	El Castillo	MX	2208	23.1950	-106.3384
4021272	Maravillas	Maravillas	MX	2208	21.9541	-102.3298
3516969	Santiago Astata	Santiago Astata	MX	2207	15.9868	-95.6762
3827561	Emiliano Zapata (San José Bata)	Emiliano Zapata (San Jose Bata)	MX	2207	19.9111	-99.0067
8858642	Veinte de Noviembre	Veinte de Noviembre	MX	2207	16.6200	-92.0819
3824691	San Miguel Tlalpoalán	San Miguel Tlalpoalan	MX	2205	19.7398	-97.2266
4007740	El Salado	El Salado	MX	2205	24.5080	-107.1600
3801758	El Coyul	El Coyul	MX	2204	15.9147	-95.8103
3526710	Ixhuapán	Ixhuapan	MX	2203	18.1761	-94.7989
3816887	Querétaro	Queretaro	MX	2203	15.8375	-92.7577
8858643	Barrio de Centro del Cerrillo	Barrio de Centro del Cerrillo	MX	2203	19.5369	-99.9542
8858644	Centro de Readaptación Social Nuevo	Centro de Readaptacion Social Nuevo	MX	2203	31.1844	-110.9678
4029543	Los Cerritos	Los Cerritos	MX	2202	20.5616	-100.0634
3827037	San Francisco Chalchihuapan	San Francisco Chalchihuapan	MX	2201	19.7700	-99.8217
5473083	Jal	Jal	US	2201	32.1132	-103.1935
3802133	Benito Juárez	Benito Juarez	MX	2200	18.4257	-92.8029
3972149	El Nigromante	El Nigromante	MX	2200	22.1537	-101.7106
3987293	San Elías	San Elias	MX	2200	20.6338	-100.8415
8858645	Santa Rosa de Lima	Santa Rosa de Lima	MX	2200	16.0711	-97.6233
3521372	Plan de las Hayas	Plan de las Hayas	MX	2199	19.7608	-96.6757
3980191	Villa de García Márquez	Villa de Garcia Marquez	MX	2199	20.4311	-102.4951
3986792	San Ignacio de Hidalgo	San Ignacio de Hidalgo	MX	2199	20.9117	-101.8606
4004881	La Herradura	La Herradura	MX	2199	23.0282	-101.7455
4006415	La Estanzuela	La Estanzuela	MX	2199	20.6686	-103.8257
3517237	Santa María Macua	Santa Maria Macua	MX	2197	20.1359	-99.4755
3523400	San Miguel Mecatepec	San Miguel Mecatepec	MX	2197	20.5301	-97.4875
3514598	Xalitzintla	Xalitzintla	MX	2196	19.0817	-98.5162
3818833	San José Buenavista	San Jose Buenavista	MX	2196	18.6595	-97.5791
8858646	San Antonio del Monte	San Antonio del Monte	MX	2196	16.7603	-92.6531
8858647	Loma Larga (Barrio de Loma Larga)	Loma Larga (Barrio de Loma Larga)	MX	2196	19.8672	-99.1161
8695375	San Roman Village	San Roman Village	BZ	2195	16.6528	-88.4742
3523401	Mecatepec	Mecatepec	MX	2195	17.8893	-93.5242
3527349	Guadalupe Santa Ana	Guadalupe Santa Ana	MX	2195	18.0914	-98.1208
8858648	Xhixhata	Xhixhata	MX	2195	19.9706	-99.5461
3814302	Guadalupe Victoria	Guadalupe Victoria	MX	2194	20.0325	-98.2672
3972087	Tayahua	Tayahua	MX	2193	22.0951	-102.8710
4015006	Castro Urdiales	Castro Urdiales	MX	2193	20.5971	-103.8192
8858649	Nuevo Paso Nazareno (Chichicazapa)	Nuevo Paso Nazareno (Chichicazapa)	MX	2193	18.2967	-96.3472
3522763	Nepopualco	Nepopualco	MX	2191	18.9993	-98.9429
4009144	El Molino	El Molino	MX	2191	28.1663	-105.5384
8858650	Llano Largo	Llano Largo	MX	2191	20.3011	-99.7656
8858652	El Encanto del Cerril	El Encanto del Cerril	MX	2191	18.9319	-98.4256
3610051	El Triunfo de la Cruz	El Triunfo de la Cruz	HN	2190	15.7667	-87.4333
8858653	La Mesa de Chosto	La Mesa de Chosto	MX	2190	19.8525	-99.8903
3818699	Tlatempa	Tlatempa	MX	2189	19.9448	-97.9353
3607003	La Sarrosa	La Sarrosa	HN	2188	15.2333	-87.8333
3515365	Tlatlauquitepec	Tlatlauquitepec	MX	2188	17.5477	-98.8261
8858654	Magisterio Digno	Magisterio Digno	MX	2188	20.0569	-98.7689
8858655	Pañhé	Panhe	MX	2188	20.5217	-99.6967
3531400	Los Cavazos	Los Cavazos	MX	2187	26.1474	-98.3461
4018599	Amatepec	Amatepec	MX	2187	18.6822	-100.1858
3827572	San Juan Pueblo Nuevo	San Juan Pueblo Nuevo	MX	2186	19.7758	-99.0198
4004160	Jalipa	Jalipa	MX	2186	19.1206	-104.2685
3976884	Cinco de Mayo	Cinco de Mayo	MX	2185	25.8498	-108.9590
3581968	Hattieville	Hattieville	BZ	2184	17.4478	-88.3936
3483339	Alfredo V. Bonfil	Alfredo V. Bonfil	MX	2184	25.5618	-98.2401
3822274	Dzonot Carretero	Dzonot Carretero	MX	2184	21.4026	-87.8780
4025025	Isaac Arriaga (Santa Ana Mancera)	Isaac Arriaga (Santa Ana Mancera)	MX	2182	20.2458	-101.4936
8858656	El Carmen (El Limón)	El Carmen (El Limon)	MX	2182	17.8906	-93.1653
8858657	El Romereño (INFONAVIT)	El Romereno (INFONAVIT)	MX	2182	20.3808	-102.9494
3982792	Soyatlán del Oro	Soyatlan del Oro	MX	2181	20.3019	-104.2806
3827017	La Concepción Enyege	La Concepcion Enyege	MX	2180	19.5647	-99.8414
4012467	Cuamio	Cuamio	MX	2180	20.0332	-101.1499
8858658	Lindavista	Lindavista	MX	2180	20.0261	-98.7978
3519055	Tecuanipan	Tecuanipan	MX	2179	19.0132	-98.3984
3532699	Arroyo Hondo	Arroyo Hondo	MX	2178	20.0231	-96.8750
4022333	Chametla	Chametla	MX	2178	24.0993	-110.3739
3984806	San Sebastián	San Sebastian	MX	2177	19.5722	-102.4809
3997248	Los Ramírez	Los Ramirez	MX	2177	23.8463	-103.0319
4713805	Nash	Nash	US	2177	32.2657	-96.8128
3610789	El Plan	El Plan	HN	2176	15.3264	-87.9498
3521030	Puerta de Palmillas	Puerta de Palmillas	MX	2176	20.3131	-99.9187
3976748	Las Brisas	Las Brisas	MX	2176	25.4907	-108.2458
4009141	El Molino	El Molino	MX	2176	29.1918	-107.4061
8858659	Tz'Aquiviljok	Tz'Aquiviljok	MX	2176	16.8553	-92.4597
8858660	Tonalá	Tonala	MX	2176	16.8617	-99.0544
3519664	San Baltazar Loxicha	San Baltazar Loxicha	MX	2175	16.0737	-96.7902
3801749	Merced del Potrero	Merced del Potrero	MX	2175	16.0468	-96.0705
8858661	Tecpantzacoalco	Tecpantzacoalco	MX	2175	18.4769	-97.0394
8858662	Barrio de Jesús Fracción Primera	Barrio de Jesus Fraccion Primera	MX	2174	19.3678	-99.6869
3821732	Lomas de Chapultepec	Lomas de Chapultepec	MX	2173	16.7161	-99.6102
3983439	San Vicente Ferrer	San Vicente Ferrer	MX	2173	20.7270	-100.3458
3818596	Atla	Atla	MX	2172	20.2753	-98.1247
4017197	Bellavista	Bellavista	MX	2172	24.8136	-107.4614
8858663	Colonia Morelos (El Nueve)	Colonia Morelos (El Nueve)	MX	2172	20.2250	-99.1411
3590325	San Cristóbal Acasaguastlán	San Cristobal Acasaguastlan	GT	2171	14.9248	-89.8743
8858664	Arboledas	Arboledas	MX	2171	19.2072	-96.2144
4738725	Uvalde Estates	Uvalde Estates	US	2171	29.1652	-99.8323
3801865	El Camarón	El Camaron	MX	2170	16.5562	-96.0293
3998364	Loma Blanca	Loma Blanca	MX	2169	31.5793	-106.2976
3581208	Sand Hill	Sand Hill	BZ	2168	17.6404	-88.3683
3519159	San Isidro	San Isidro	MX	2168	18.8911	-97.1258
3822331	Ekmul	Ekmul	MX	2168	20.9654	-89.3488
3520170	Saban	Saban	MX	2167	20.0345	-88.5389
8858665	Texcaltitán Xoteapan (Texcaltitán)	Texcaltitan Xoteapan (Texcaltitan)	MX	2167	18.4467	-95.2533
4720272	Poth	Poth	US	2167	29.0697	-98.0820
3589869	San Lorenzo	San Lorenzo	GT	2165	14.4861	-91.5126
3515526	Tixcancal	Tixcancal	MX	2165	21.0353	-87.8508
3521188	Potrero Viejo	Potrero Viejo	MX	2165	18.8774	-96.8431
3983532	Santo Niño Aguanaval	Santo Nino Aguanaval	MX	2164	25.4313	-103.2793
4005874	General Andrés Figueroa	General Andres Figueroa	MX	2164	20.3000	-103.6073
3517235	Santa María Tiltepec	Santa Maria Tiltepec	MX	2163	16.0627	-97.1704
3525958	La Concepción Coatipac (La Conchita)	La Concepcion Coatipac (La Conchita)	MX	2163	19.1819	-99.5683
4016699	Buenavista	Buenavista	MX	2163	20.5681	-103.8519
3703818	Nuevo Vigía	Nuevo Vigia	PA	2163	9.2442	-79.6087
4674001	Beverly	Beverly	US	2162	31.5252	-97.1419
3524476	La Venta	La Venta	MX	2161	16.5711	-94.8177
4023635	El Carretón	El Carreton	MX	2161	21.6297	-100.9810
4029574	Loma Linda	Loma Linda	MX	2161	20.4006	-100.0313
4740482	Weimar	Weimar	US	2161	29.7030	-96.7805
3582733	August Pine Ridge	August Pine Ridge	BZ	2160	17.9725	-88.7249
3974602	San Rafael	San Rafael	MX	2160	27.4893	-107.8897
4699323	Hudson Oaks	Hudson Oaks	US	2160	32.7571	-97.7067
3813634	Gandho	Gandho	MX	2159	20.5452	-99.6876
8858666	Fredepo	Fredepo	MX	2159	18.8806	-96.9769
3826952	Santa Juana Centro	Santa Juana Centro	MX	2158	19.4241	-99.7506
3816590	Diamante de Echeverría	Diamante de Echeverria	MX	2157	16.1118	-92.8793
3815604	Río Chancalá	Rio Chancala	MX	2156	17.3345	-91.6843
3825871	San José de la Laja	San Jose de la Laja	MX	2156	20.6185	-99.9756
3516824	Santo Tomás	Santo Tomas	MX	2155	19.9043	-98.5682
3517800	San Sebastián Tenochtitlán	San Sebastian Tenochtitlan	MX	2155	20.2802	-99.6881
3823499	Tenixtepec	Tenixtepec	MX	2155	19.0193	-97.1476
3824488	La Camelia	La Camelia	MX	2153	20.8970	-97.7730
8858668	San Francisco	San Francisco	MX	2152	27.6450	-113.4192
3516819	Atzingo	Atzingo	MX	2151	19.1727	-98.7787
3516906	Zacatepec	Zacatepec	MX	2151	17.1600	-95.9146
3532157	Bonifacio García	Bonifacio Garcia	MX	2151	18.7180	-99.1200
4685478	De Leon	De Leon	US	2150	32.1110	-98.5359
3583910	San Agustín	San Agustin	SV	2149	13.4333	-88.6000
3584140	Pasaquina	Pasaquina	SV	2149	13.5844	-87.8411
3988210	Zalamea	Zalamea	MX	2148	20.3134	-102.5100
8858669	Octaviano López	Octaviano Lopez	MX	2148	27.0025	-105.0331
3584348	Moncagua	Moncagua	SV	2148	13.5333	-88.2500
3987642	San Antonio de Peñuelas	San Antonio de Penuelas	MX	2147	21.6750	-102.2973
3581185	San Jose Palmar	San Jose Palmar	BZ	2146	18.0620	-88.5635
3515527	Tixcacaltuyub	Tixcacaltuyub	MX	2146	20.4926	-88.9163
3802380	Huacapa y Amestoy	Huacapa y Amestoy	MX	2146	18.0532	-93.1982
3827506	San Luis Taxhimay	San Luis Taxhimay	MX	2145	19.8397	-99.3986
4743453	Yorktown	Yorktown	US	2145	28.9811	-97.5028
8858670	Progreso	Progreso	MX	2144	22.2283	-100.1281
11240141	Nueva Sesecapa	Nueva Sesecapa	MX	2143	15.4020	-92.8224
8858671	Texalpan de Arriba	Texalpan de Arriba	MX	2142	18.4294	-95.2442
3531145	Chapab	Chapab	MX	2141	20.4586	-89.4573
4725807	Salado	Salado	US	2140	30.9471	-97.5386
8529629	Las Higuerillas	Las Higuerillas	MX	2139	25.2622	-97.4361
4709501	Mason	Mason	US	2139	30.7488	-99.2306
4728482	Shiner	Shiner	US	2139	29.4291	-97.1705
8858672	Gunyo Poniente (San José Gunyo)	Gunyo Poniente (San Jose Gunyo)	MX	2138	20.1115	-99.8386
3614249	Cañaveral	Canaveral	HN	2137	14.9840	-88.0249
8858673	Chulum Juárez	Chulum Juarez	MX	2137	17.3319	-92.5339
8858674	El Salto	El Salto	MX	2137	23.1956	-103.0675
3607919	La Flecha	La Flecha	HN	2136	15.2924	-88.4895
3529884	Cupilco	Cupilco	MX	2136	18.2378	-93.1273
3815360	Acxotla del Monte	Acxotla del Monte	MX	2136	19.2521	-98.1678
4024521	Plan Guanajuato (La Sandía)	Plan Guanajuato (La Sandia)	MX	2136	20.9217	-101.6969
8858675	Barrio de Guadalupe	Barrio de Guadalupe	MX	2136	19.2305	-98.9309
3517938	San Pedro y San Pablo Ayutla	San Pedro y San Pablo Ayutla	MX	2134	17.0274	-96.0763
3517218	Santa María Quelites	Santa Maria Quelites	MX	2133	19.8541	-99.3479
3523503	Mazumiapam	Mazumiapam	MX	2133	18.3074	-95.3304
8858676	Ladrillera (Entronque Pesquería)	Ladrillera (Entronque Pesqueria)	MX	2133	25.8031	-100.1011
3980866	Turicato	Turicato	MX	2132	19.0541	-101.4198
3995292	Moyahua de Estrada	Moyahua de Estrada	MX	2132	21.2661	-103.1659
3483867	Damian Carmona	Damian Carmona	MX	2131	22.0972	-99.2922
8858677	San Francisco (Mata Clara)	San Francisco (Mata Clara)	MX	2131	18.8144	-96.7461
3515007	Tuxtilla	Tuxtilla	MX	2130	18.2389	-95.8946
3813408	Ohuatipa	Ohuatipa	MX	2130	20.8931	-98.2609
8858678	Cipreses	Cipreses	MX	2129	20.0589	-98.7675
8858679	Colonia el Renacimiento	Colonia el Renacimiento	MX	2129	19.2189	-96.2164
3802392	Cumuapa 1ra. Sección	Cumuapa 1ra. Seccion	MX	2128	17.9852	-93.1381
3991869	Praxedis G. Guerrero	Praxedis G. Guerrero	MX	2128	31.3701	-106.0056
3532774	Aquismón	Aquismon	MX	2127	21.6216	-99.0198
3515374	San Pedro Tlaquilpan	San Pedro Tlaquilpan	MX	2126	19.9439	-98.7529
3518417	San Martín Cachihuapan	San Martin Cachihuapan	MX	2126	19.7079	-99.4312
3529085	El Corte	El Corte	MX	2126	18.4569	-95.7351
3517527	Santa Cruz Tacache de Mina	Santa Cruz Tacache de Mina	MX	2125	17.8290	-98.1530
3815430	San Miguel Xochitecatitla	San Miguel Xochitecatitla	MX	2124	19.2388	-98.3542
4741304	Westworth	Westworth	US	2124	32.7574	-97.4108
3973687	Cerro Gordo	Cerro Gordo	MX	2123	21.9745	-100.8066
3581436	Pomona	Pomona	BZ	2122	16.9951	-88.3742
3813439	Tlalchiyahualica	Tlalchiyahualica	MX	2122	20.9723	-98.3988
8858680	Macario J. Gómez [Colonia]	Macario J. Gomez [Colonia]	MX	2122	21.9806	-102.2514
3592751	Malacatancito	Malacatancito	GT	2121	15.2446	-91.4990
3515976	Tenenexpan	Tenenexpan	MX	2121	19.1413	-96.3945
3524846	Las Delicias	Las Delicias	MX	2121	15.9686	-91.8630
3800596	San Francisco Cozoaltepec	San Francisco Cozoaltepec	MX	2121	15.8148	-96.7240
3604389	Nueva Esperanza	Nueva Esperanza	HN	2120	15.2667	-87.6000
3518627	San Juan Quiahue	San Juan Quiahue	MX	2120	16.3022	-97.3173
4018382	Aporo	Aporo	MX	2120	19.6703	-100.4097
3521412	Pisaflores	Pisaflores	MX	2119	21.1946	-99.0063
3987364	San Cristóbal Zapotitlán	San Cristobal Zapotitlan	MX	2119	20.2254	-103.3715
8858681	Unidad Habitacional Antonio Osorio de León (Bojay)	Unidad Habitacional Antonio Osorio de Leon (Bojay)	MX	2119	20.0439	-99.2447
3518680	San Juan Epatlán	San Juan Epatlan	MX	2118	18.6427	-98.3725
3988606	Río de Medina	Rio de Medina	MX	2118	23.5007	-103.0169
4012319	Cuexcomatitlán	Cuexcomatitlan	MX	2117	20.4281	-103.3619
4029573	El Rosario	El Rosario	MX	2117	20.3935	-100.0673
3581203	San Estevan	San Estevan	BZ	2115	18.1541	-88.5113
3616753	San José de los Remates	San Jose de los Remates	NI	2115	12.5975	-85.7617
3802114	Nicolás Bravo	Nicolas Bravo	MX	2113	18.2920	-93.1310
8744429	Abdenago C. García	Abdenago C. Garcia	MX	2113	29.9921	-107.5525
3515544	Tinum	Tinum	MX	2111	20.7672	-88.3920
3516907	Santiago Yeché	Santiago Yeche	MX	2111	19.7085	-99.7119
3616723	San Juan de Oriente	San Juan de Oriente	NI	2111	11.9062	-86.0734
3976595	Dautillos	Dautillos	MX	2109	24.7217	-107.9753
4015747	Cañada de Caracheo	Canada de Caracheo	MX	2109	20.3745	-100.9480
4017791	Bachíniva	Bachiniva	MX	2109	28.7650	-107.2540
3996587	Margaritas	Margaritas	MX	2108	20.4531	-102.4742
3621520	Santiago	Santiago	CR	2107	10.0228	-84.4442
3515727	Texca	Texca	MX	2107	17.0116	-99.8247
4682745	Combine	Combine	US	2107	32.5885	-96.5086
3514660	Camarón de Tejeda	Camaron de Tejeda	MX	2106	19.0217	-96.6151
8858682	Taniperla	Taniperla	MX	2106	16.8222	-91.5233
3815768	Las Maravillas	Las Maravillas	MX	2105	17.0971	-92.8907
4014164	Churipitzeo	Churipitzeo	MX	2105	20.4117	-101.7442
3515857	Tepetzingo	Tepetzingo	MX	2104	18.7841	-99.1785
3522294	Oxtotitlán	Oxtotitlan	MX	2104	18.1896	-99.9321
8858683	San José Monte Chiquito	San Jose Monte Chiquito	MX	2103	18.4961	-97.4381
3603256	Protección	Proteccion	HN	2101	15.0276	-88.6469
3815723	Nuevo Sitalá	Nuevo Sitala	MX	2101	17.1394	-92.4829
4741714	Whitney	Whitney	US	2101	31.9518	-97.3214
3827327	San Lorenzo Huehuetitlán	San Lorenzo Huehuetitlan	MX	2100	19.1342	-99.4822
4001033	La Palma	La Palma	MX	2100	20.5223	-100.1738
8858684	Xonalpu	Xonalpu	MX	2100	20.1283	-97.6106
8858685	Morelos Piedra 3ra. Sección	Morelos Piedra 3ra. Seccion	MX	2099	18.1439	-93.2200
3604375	Nuevo Chamelecón	Nuevo Chamelecon	HN	2098	15.3833	-88.0167
3533395	Acteopan	Acteopan	MX	2098	18.7639	-98.7137
3970764	José María Morelos y Pavón	Jose Maria Morelos y Pavon	MX	2098	28.0971	-110.6899
4700024	Inez	Inez	US	2098	28.9039	-96.7880
3801461	San Felipe Cihualtepec	San Felipe Cihualtepec	MX	2096	17.4776	-95.3677
3827531	Santa María Magdalena	Santa Maria Magdalena	MX	2096	19.9746	-99.3727
3517998	San Pedro el Alto	San Pedro el Alto	MX	2095	19.9106	-99.9636
3814125	San Juan Achichilco	San Juan Achichilco	MX	2095	20.1789	-99.3130
3823866	La Cuesta	La Cuesta	MX	2095	18.7903	-97.1681
8858686	San Francisco Tlaltica	San Francisco Tlaltica	MX	2095	19.6583	-98.7750
8858687	San Francisco Zacapexpan	San Francisco Zacapexpan	MX	2095	19.8803	-97.5961
4692898	Ganado	Ganado	US	2095	29.0405	-96.5136
4724892	Saint Hedwig	Saint Hedwig	US	2094	29.4144	-98.2000
3976893	Benito Juárez (Vinatería)	Benito Juarez (Vinateria)	MX	2093	25.9738	-108.8731
3529758	Doctor González	Doctor Gonzalez	MX	2092	25.8585	-99.9422
8858688	Cliserio Alanís (San Gaspar)	Cliserio Alanis (San Gaspar)	MX	2092	18.8611	-99.1600
3800767	Santo Domingo Teojomulco	Santo Domingo Teojomulco	MX	2091	16.5896	-97.2259
3815878	José María Pino Suárez	Jose Maria Pino Suarez	MX	2091	16.5057	-93.7391
3598670	Chicamán	Chicaman	GT	2090	15.3479	-90.7997
3606035	Lepaterique	Lepaterique	HN	2090	14.0667	-87.4667
3523301	Metepec	Metepec	MX	2090	20.2377	-98.3195
3529733	Dolores Jaltenango	Dolores Jaltenango	MX	2090	15.8969	-92.7778
3800962	Silacayoápam	Silacayoapam	MX	2090	17.5023	-98.1419
3823849	Buenavista	Buenavista	MX	2090	18.8931	-97.0369
8858689	Tinajitas	Tinajitas	MX	2090	19.6181	-96.4425
3707227	La Mesa	La Mesa	PA	2090	8.1495	-81.1843
5489914	San Ysidro	San Ysidro	US	2090	32.3509	-106.8111
3530044	Coajomulco	Coajomulco	MX	2089	19.0350	-99.2046
3817786	San Miguel Atlamajac	San Miguel Atlamajac	MX	2088	19.7488	-98.9334
3976854	Cubiri de Portelas	Cubiri de Portelas	MX	2088	25.7865	-108.2604
8858690	Nuevo Vicente Guerrero (El Chichonal)	Nuevo Vicente Guerrero (El Chichonal)	MX	2088	16.4853	-92.8714
8858691	San Isidro (El Reservado)	San Isidro (El Reservado)	MX	2088	19.3069	-99.7789
3986910	San Gregorio	San Gregorio	MX	2087	20.1946	-102.5498
3515016	Tuxpan	Tuxpan	MX	2086	18.3494	-99.4795
3515863	Tepetlán	Tepetlan	MX	2086	19.6732	-96.7973
4025444	Chupio	Chupio	MX	2086	19.1788	-101.4459
3996037	Mezcala	Mezcala	MX	2085	20.9528	-102.8461
4003317	La Brecha	La Brecha	MX	2085	25.3704	-108.4191
8858693	Brisas del Carrizal	Brisas del Carrizal	MX	2085	18.0156	-92.9708
8858694	Rafael Yáñez Sosa (El Mezquite)	Rafael Yanez Sosa (El Mezquite)	MX	2085	23.3283	-102.6103
3826879	Ojo de Agua	Ojo de Agua	MX	2083	19.2168	-99.7710
3530072	Cruz del Milagro	Cruz del Milagro	MX	2082	17.9083	-95.0108
3530279	El Contadero de Matamoros	El Contadero de Matamoros	MX	2082	19.2373	-99.8099
8858695	Bocaneo (San Pedro)	Bocaneo (San Pedro)	MX	2082	19.8386	-100.8172
8858696	CEFERESO Número 3	CEFERESO Numero 3	MX	2082	25.8472	-97.6333
3515594	San José Tilapa	San Jose Tilapa	MX	2081	18.1636	-97.1014
3526986	Huaxcaleca	Huaxcaleca	MX	2081	19.2340	-97.0770
3483637	Tamcuime	Tamcuime	MX	2080	21.6014	-99.0108
3518578	San Lorenzo	San Lorenzo	MX	2079	16.3943	-97.8742
3482943	Los Aztecas	Los Aztecas	MX	2077	22.5002	-98.6135
3823794	Palmillas	Palmillas	MX	2077	18.8146	-96.7713
3521133	Presidio	Presidio	MX	2075	19.0690	-96.9718
3979652	Zirahuato de los Bernal	Zirahuato de los Bernal	MX	2075	19.5213	-100.4069
4001662	La Laja	La Laja	MX	2075	20.5294	-100.7623
3525904	Santa Bárbara de la Cueva	Santa Barbara de la Cueva	MX	2074	20.2963	-99.9663
3519953	San Andrés del Pedregal	San Andres del Pedregal	MX	2073	19.5810	-99.8686
3522652	Nopalapan	Nopalapan	MX	2073	18.1117	-95.3308
3526921	Huichihuayan	Huichihuayan	MX	2073	21.4837	-98.9684
3823858	Moyoapan	Moyoapan	MX	2073	18.9165	-97.0456
3531658	Candelaria Loxicha	Candelaria Loxicha	MX	2072	15.9266	-96.4919
4026710	Fábrica Concepción	Fabrica Concepcion	MX	2071	19.6345	-100.1360
3524188	Almagres	Almagres	MX	2069	17.8075	-94.9175
4004756	Hormiguero	Hormiguero	MX	2069	25.6830	-103.3421
4019077	Ahuatlán	Ahuatlan	MX	2069	20.4182	-102.8881
8858697	Tzeltal	Tzeltal	MX	2068	16.9394	-92.4778
8858698	Alfredo V. Bonfil (Chacampalco)	Alfredo V. Bonfil (Chacampalco)	MX	2068	18.6553	-99.1542
8858699	San Buenaventura Atempan	San Buenaventura Atempan	MX	2068	19.3267	-98.2219
3532219	Blasillo 1ra. Sección (Nicolás Bravo)	Blasillo 1ra. Seccion (Nicolas Bravo)	MX	2067	18.0786	-93.9183
3986258	San José Casas Caídas	San Jose Casas Caidas	MX	2067	20.4211	-102.4407
8858700	Tocob Leglemal	Tocob Leglemal	MX	2067	17.2339	-92.3783
8858701	Altus Bosques	Altus Bosques	MX	2067	20.5681	-103.3725
8858702	Barrio de Nuevo León	Barrio de Nuevo Leon	MX	2067	19.0886	-98.2900
4669672	Abram	Abram	US	2067	26.1998	-98.4111
3818898	San Pablo Ahuatempa	San Pablo Ahuatempa	MX	2066	18.9814	-98.3589
3994473	Ejido Ohuira	Ejido Ohuira	MX	2066	25.7165	-108.9782
4004141	Jalpilla	Jalpilla	MX	2065	20.7322	-100.7204
4009659	El Guayabo	El Guayabo	MX	2065	25.9409	-109.1396
8858703	Colonia 18 de Marzo	Colonia 18 de Marzo	MX	2065	20.5556	-101.0356
8858704	Heriberto Valdez Romero (El Guayabo)	Heriberto Valdez Romero (El Guayabo)	MX	2065	25.9406	-109.1372
3515924	Tepakan	Tepakan	MX	2064	21.0488	-89.0387
3521236	Potrerillo	Potrerillo	MX	2062	15.6310	-92.0206
3986848	San Ignacio	San Ignacio	MX	2062	25.7364	-103.0900
5525938	McCamey	McCamey	US	2062	31.1360	-102.2243
3532809	Apapantilla	Apapantilla	MX	2061	20.4036	-97.8466
4012131	Cupareo	Cupareo	MX	2061	20.2285	-101.0185
3820784	Alfredo V. Bonfil	Alfredo V. Bonfil	MX	2060	19.5289	-90.1815
8858705	San José Chapayal	San Jose Chapayal	MX	2059	17.3006	-92.8903
3981676	Tierra Blanca	Tierra Blanca	MX	2058	21.1004	-100.1596
3984641	Santa Bárbara	Santa Barbara	MX	2058	21.5371	-101.3776
3977504	Santa Fe	Santa Fe	MX	2057	25.5670	-103.3323
3531879	Cacao	Cacao	MX	2056	18.1946	-88.6953
4006189	Francisco Sarabia (Cerrito Pelón)	Francisco Sarabia (Cerrito Pelon)	MX	2056	20.0309	-102.7016
3602823	Río Abajo	Rio Abajo	HN	2055	14.1693	-87.2052
3973227	Emiliano Zapata	Emiliano Zapata	MX	2055	23.7164	-103.1940
4717283	Palmer	Palmer	US	2055	32.4312	-96.6678
3973778	La Esperanza	La Esperanza	MX	2054	22.0079	-100.7650
3986971	San Francisco Peribán	San Francisco Periban	MX	2054	19.5561	-102.3986
4023253	Ibarrilla	Ibarrilla	MX	2054	21.1866	-101.6461
3527042	Ex-Hacienda el Hospital	Ex-Hacienda el Hospital	MX	2053	18.8311	-98.9967
3982084	Témoris	Temoris	MX	2053	27.2773	-108.2792
8858706	Seis de Octubre (Santo Niño)	Seis de Octubre (Santo Nino)	MX	2053	25.7639	-103.2389
3532172	Bokoba	Bokoba	MX	2052	21.0075	-89.1791
8858707	La Escalera	La Escalera	MX	2052	17.8436	-92.5256
3981352	Topia	Topia	MX	2051	25.2108	-106.5721
3981498	Tiripetío	Tiripetio	MX	2050	19.5501	-101.3451
3982649	Tacuro (Santa María Tacuro)	Tacuro (Santa Maria Tacuro)	MX	2050	19.8570	-102.0508
4000444	La Ribera	La Ribera	MX	2050	23.5958	-109.5859
4006816	Emiliano Zapata	Emiliano Zapata	MX	2050	24.4429	-103.8893
3813991	Dios Padre	Dios Padre	MX	2049	20.4642	-99.2003
3973594	El Capulín	El Capulin	MX	2049	21.8281	-100.0374
3518005	San Pedro de los Metates	San Pedro de los Metates	MX	2048	19.8991	-99.8583
8858708	Papatlazolco	Papatlazolco	MX	2048	20.1775	-97.9917
3817825	Tianguistongo	Tianguistongo	MX	2047	20.0061	-99.0384
3622382	Pital	Pital	CR	2046	10.4506	-84.2741
3815726	Aurora Esquipulas	Aurora Esquipulas	MX	2046	17.1170	-92.4763
8858709	Colonia Felipe Ángeles	Colonia Felipe Angeles	MX	2045	20.0542	-98.4186
3983528	Santo Tomás Huatzindeo	Santo Tomas Huatzindeo	MX	2044	20.2220	-100.9207
4004304	San Juanito Itzícuaro	San Juanito Itzicuaro	MX	2044	19.6723	-101.2539
8858710	San Francisco (Baños de Agua Caliente)	San Francisco (Banos de Agua Caliente)	MX	2044	21.0739	-101.4728
3515746	Tetipac	Tetipac	MX	2042	18.6478	-99.6478
3523112	Mocochá	Mococha	MX	2042	21.1068	-89.4529
3822073	Xalatzala	Xalatzala	MX	2042	17.4735	-98.5735
3702647	Playón Chico	Playon Chico	PA	2042	9.3113	-78.2327
5522769	Hamlin	Hamlin	US	2042	32.8848	-100.1265
3531273	San José Chacalapa	San Jose Chacalapa	MX	2041	15.8296	-96.4639
3818785	González Ortega	Gonzalez Ortega	MX	2041	19.3427	-97.2702
4016290	Caimanero	Caimanero	MX	2041	24.9539	-107.7482
3992443	Pizándaro	Pizandaro	MX	2040	19.1086	-102.5419
4023721	La Escondida	La Escondida	MX	2040	21.6890	-101.5350
8858711	Ciudad Morelos	Ciudad Morelos	MX	2040	32.3439	-117.0106
3522199	Pahuatlán	Pahuatlan	MX	2039	21.0696	-98.4756
3813949	Dajiedhi	Dajiedhi	MX	2039	20.3121	-98.9396
4004651	Huaxtla	Huaxtla	MX	2039	20.7323	-103.6620
8858712	El Copalar	El Copalar	MX	2039	16.8769	-93.2139
3813351	Xiquila	Xiquila	MX	2038	21.0785	-98.4426
4024214	Delgado de Arriba	Delgado de Arriba	MX	2038	20.7228	-100.9030
5300854	Kearny	Kearny	US	2038	33.0570	-110.9107
3514362	Xul-Ha	Xul-Ha	MX	2037	18.5511	-88.4636
3995041	Las Navajas	Las Navajas	MX	2037	20.5323	-103.6804
4004703	Huajúmbaro	Huajumbaro	MX	2037	19.6815	-100.7411
4024707	Corral de Piedras de Arriba	Corral de Piedras de Arriba	MX	2037	20.9775	-100.5939
3616088	Telpaneca	Telpaneca	NI	2037	13.5315	-86.2871
3483842	Laguna del Mante	Laguna del Mante	MX	2036	22.2195	-98.9876
3516549	Solosuchiapa	Solosuchiapa	MX	2035	17.4289	-93.0322
3815162	Muñoz	Munoz	MX	2034	19.4746	-98.2096
3825061	Xoteapan	Xoteapan	MX	2033	18.4338	-95.2656
4674006	Beverly Hills	Beverly Hills	US	2033	31.5216	-97.1539
4701592	Jonestown	Jonestown	US	2033	30.4955	-97.9233
3803192	La Libertad	La Libertad	MX	2032	17.6870	-91.7206
3533312	El Aguacate	El Aguacate	MX	2030	18.1977	-94.9703
3524544	La Tortuga	La Tortuga	MX	2029	20.5663	-99.9224
3517785	San Simonito	San Simonito	MX	2028	18.9914	-99.5400
3530519	Coatlán del Río	Coatlan del Rio	MX	2028	18.7439	-99.4341
3610251	El Suyatal	El Suyatal	HN	2027	14.5167	-87.2167
3526273	Kopomá	Kopoma	MX	2026	20.6487	-89.8996
8858713	San Diego	San Diego	MX	2026	19.8567	-97.3611
3813632	Bomanxotha	Bomanxotha	MX	2025	20.5166	-99.6662
4012719	El Corte	El Corte	MX	2025	21.7200	-105.2445
8858714	San Pedro Xalcaltzinco	San Pedro Xalcaltzinco	MX	2025	19.2278	-98.2281
5295860	Gila Bend	Gila Bend	US	2025	32.9478	-112.7168
3589709	San Miguel Panán	San Miguel Panan	GT	2024	14.5287	-91.3673
3823272	El Espinal	El Espinal	MX	2024	19.6244	-96.8725
3522516	Osumacinta	Osumacinta	MX	2023	16.9361	-93.0903
3526925	Hueytlalpan	Hueytlalpan	MX	2023	20.0271	-97.6969
3973815	Enrique Estrada	Enrique Estrada	MX	2023	22.2403	-100.8887
3582835	Victoria	Victoria	SV	2023	13.9500	-88.6333
3585392	Jujutla	Jujutla	SV	2022	13.7869	-89.8572
3590456	San Antonio Ilotenango	San Antonio Ilotenango	GT	2021	15.0547	-91.2299
4024582	Capulín de Bustos	Capulin de Bustos	MX	2021	20.8819	-101.3080
3531498	Carrizal	Carrizal	MX	2019	20.5956	-97.2572
3820827	Ukum	Ukum	MX	2019	19.2420	-89.3353
4006334	Felipe Carrillo Puerto	Felipe Carrillo Puerto	MX	2019	24.3328	-104.0108
3516952	Santiago Huajolotitlán	Santiago Huajolotitlan	MX	2018	17.8273	-97.7325
3817605	Santiago Mamalhuazuca	Santiago Mamalhuazuca	MX	2018	18.9966	-98.7960
8674836	Maya Balam	Maya Balam	MX	2018	18.9392	-88.3997
3801116	Mariscala de Juárez	Mariscala de Juarez	MX	2017	17.8597	-98.1408
3822499	Cuch Holoch	Cuch Holoch	MX	2017	20.4357	-90.0977
3826975	Palos Amarillos (Palos Amarillos Yebuciví)	Palos Amarillos (Palos Amarillos Yebucivi)	MX	2017	19.5394	-99.9167
3827271	San Sebastián	San Sebastian	MX	2017	19.2321	-99.5451
4029488	Santa María Begoña	Santa Maria Begona	MX	2017	20.7466	-100.3176
8858715	Campo Real	Campo Real	MX	2017	20.7872	-103.4431
3709939	El Silencio	El Silencio	PA	2017	9.3856	-82.5336
8858716	Taxco	Taxco	MX	2016	18.1392	-93.0053
3802400	Tucta	Tucta	MX	2015	18.1937	-92.9951
3607948	La Esperanza	La Esperanza	HN	2014	15.6333	-85.7667
3523077	Molas	Molas	MX	2014	20.8161	-89.6299
3978263	José María Pino Suárez	Jose Maria Pino Suarez	MX	2014	23.8773	-104.4905
4670094	Albany	Albany	US	2014	32.7234	-99.2973
3827293	San José	San Jose	MX	2013	19.0078	-99.6634
4024184	San Isidro de la Concepción	San Isidro de la Concepcion	MX	2012	20.6282	-100.7854
4024864	Los Ocotes	Los Ocotes	MX	2011	20.4152	-101.9614
4027572	Hacienda de Cabañas	Hacienda de Cabanas	MX	2011	17.0973	-100.4716
8858717	Belisario Domínguez	Belisario Dominguez	MX	2011	15.2994	-92.3806
8858718	Sierra de Guadalupe	Sierra de Guadalupe	MX	2011	19.5925	-99.1594
4016342	Cacalutla	Cacalutla	MX	2010	17.1232	-100.3502
8858719	Ninguno [CERESO]	Ninguno [CERESO]	MX	2010	28.6097	-105.9403
3514886	Valadeces	Valadeces	MX	2009	26.2327	-98.6760
3521947	Pantepec	Pantepec	MX	2009	20.5218	-97.9386
3815992	Vicente Guerrero	Vicente Guerrero	MX	2009	16.6800	-93.2613
3827435	Santa Catarina	Santa Catarina	MX	2009	19.4007	-99.4948
3613708	Chalmeca	Chalmeca	HN	2008	15.0958	-88.6804
3518735	San Juan Atzingo	San Juan Atzingo	MX	2008	18.2986	-97.3861
3817855	San Lorenzo Nenamicoyan	San Lorenzo Nenamicoyan	MX	2008	20.1370	-99.6388
4006957	Ejido el Vergel	Ejido el Vergel	MX	2008	26.4756	-106.3877
8858720	Acatempa	Acatempa	MX	2008	17.6433	-99.3664
8858721	Chimalapa	Chimalapa	MX	2008	20.1881	-98.1600
3676205	Los Córdobas	Los Cordobas	CO	2007	8.8940	-76.3546
3816729	Tiltepec	Tiltepec	MX	2007	16.3939	-93.8697
8858722	Xoxonacatla	Xoxonacatla	MX	2007	20.0075	-97.9406
3594315	Lanquín	Lanquin	GT	2006	15.5757	-89.9808
3515288	Tomatlán	Tomatlan	MX	2006	19.8940	-97.9735
3515281	Tonalá	Tonala	MX	2005	18.2075	-94.1426
8858723	Otilpan	Otilpan	MX	2005	19.5572	-96.9767
3589498	Santa Ana Huista	Santa Ana Huista	GT	2004	15.6808	-91.8200
3518232	San Miguel Tlacamama	San Miguel Tlacamama	MX	2004	16.4152	-98.0626
3531055	San Agustín Chayuco	San Agustin Chayuco	MX	2004	16.4025	-97.8080
8858724	Progreso de Juárez	Progreso de Juarez	MX	2004	18.9617	-97.7556
8858725	San Rafael Tepatlaxco	San Rafael Tepatlaxco	MX	2003	19.2983	-98.1197
3703828	Nuevo Emperador	Nuevo Emperador	PA	2003	9.0028	-79.7304
3515339	Tlazala de Fabela	Tlazala de Fabela	MX	2002	19.5586	-99.4147
3522609	Nueva Independencia	Nueva Independencia	MX	2001	15.7826	-92.2088
3801025	Santiago Tamazola	Santiago Tamazola	MX	2001	17.6700	-98.2205
3989003	Rancho Viejo	Rancho Viejo	MX	2001	21.0209	-100.7714
4018691	Altata	Altata	MX	2001	24.6325	-107.9297
3521440	Pinal de Amoles	Pinal de Amoles	MX	2000	21.1351	-99.6271
6618821	San Juan De Los Platanos	San Juan De Los Platanos	MX	2000	19.1371	-102.4393
8858726	Vallecitos de Zaragoza	Vallecitos de Zaragoza	MX	2000	17.9203	-101.3236
3580937	Teakettle Village	Teakettle Village	BZ	1999	17.2295	-88.8550
8858727	Monte Grande	Monte Grande	MX	1999	20.9981	-101.8633
3515981	Tenejapa	Tenejapa	MX	1998	16.8189	-92.5068
3825056	Buenos Aires	Buenos Aires	MX	1998	18.4646	-95.2488
8858728	San José del Cerrito de Camargo	San Jose del Cerrito de Camargo	MX	1998	20.4192	-101.0422
3816575	Vicente Guerrero	Vicente Guerrero	MX	1997	16.4388	-92.7124
3533223	Agualeguas	Agualeguas	MX	1995	26.3142	-99.5377
3827479	Santa Cruz	Santa Cruz	MX	1995	19.6958	-99.2608
3988026	San Agustín	San Agustin	MX	1995	20.2858	-102.6330
8858729	Barrio de España	Barrio de Espana	MX	1995	19.8614	-99.0817
8858730	Río Grande	Rio Grande	MX	1995	20.3442	-102.0056
3999251	Las Taponas	Las Taponas	MX	1994	20.4181	-100.3833
4004260	El Jabalí	El Jabali	MX	1994	21.8843	-100.0532
4013581	Corupo	Corupo	MX	1994	19.6093	-102.2352
8858731	Techachaltitla	Techachaltitla	MX	1994	19.3650	-98.9406
3517736	Santa Ana del Valle	Santa Ana del Valle	MX	1993	16.9948	-96.4714
3994561	Nuxco	Nuxco	MX	1993	17.2088	-100.7559
8858732	Francisco I. Madero	Francisco I. Madero	MX	1993	16.8743	-93.2168
8858733	Ricardo Flores Magón	Ricardo Flores Magon	MX	1993	25.7406	-108.9958
3521348	Los Plátanos	Los Platanos	MX	1992	17.0056	-92.7426
3529688	Doxhicho	Doxhicho	MX	1992	19.9000	-99.5573
3801256	Piedra de Amolar	Piedra de Amolar	MX	1992	18.1200	-96.4512
4025017	Janamuato	Janamuato	MX	1992	20.1005	-101.5845
8858734	San Francisco Tlacuilohcan	San Francisco Tlacuilohcan	MX	1992	19.4017	-98.1928
4695155	Gregory	Gregory	US	1992	27.9222	-97.2900
8858735	Valle Huejúcar (Fraccionamiento Popular) [Fraccionamiento]	Valle Huejucar (Fraccionamiento Popular) [Fraccionamiento]	MX	1991	21.8311	-102.7503
3801845	La Pe	La Pe	MX	1990	16.6303	-96.7992
3818814	San Antonio Soledad	San Antonio Soledad	MX	1990	18.7841	-97.4074
3802279	La Lucha	La Lucha	MX	1989	18.1814	-93.3226
3590526	San Andrés Sajcabajá	San Andres Sajcabaja	GT	1988	15.1760	-90.9422
3802100	Oriente 1ra. Sección	Oriente 1ra. Seccion	MX	1988	18.3389	-93.2006
3822438	Holcá	Holca	MX	1988	20.7570	-88.9283
3991160	Querobabi	Querobabi	MX	1988	30.0508	-111.0281
4021082	La Labor	La Labor	MX	1988	21.9643	-102.6962
3531311	Cerro Gordo	Cerro Gordo	MX	1987	20.3734	-99.9141
3600450	Vallecillo	Vallecillo	HN	1986	14.5167	-87.4000
3515713	Texhuacán	Texhuacan	MX	1986	18.6223	-97.0403
3818729	San Agustín Atzompa	San Agustin Atzompa	MX	1986	19.2017	-98.5138
4013402	Colonia Hidalgo	Colonia Hidalgo	MX	1986	24.1582	-104.5836
4693921	Goliad	Goliad	US	1986	28.6683	-97.3883
3608142	La Concepción	La Concepcion	HN	1985	14.7000	-86.2333
3519026	San Joaquín	San Joaquin	MX	1985	20.9156	-99.5652
3517809	San Sebastián Etla	San Sebastian Etla	MX	1984	17.1644	-96.7834
3986091	San José de Viñedo	San Jose de Vinedo	MX	1984	25.6492	-103.4005
4013848	Cieneguilla	Cieneguilla	MX	1984	24.0515	-104.0514
8858736	San Antonio Tecolco	San Antonio Tecolco	MX	1984	18.8522	-97.7781
8858737	Fraccionamiento Hacienda del Bosque	Fraccionamiento Hacienda del Bosque	MX	1983	19.7267	-98.9686
3530892	Chilacachapa	Chilacachapa	MX	1982	18.2731	-99.7614
3818921	San Diego el Organal	San Diego el Organal	MX	1982	18.7308	-98.5167
3531346	San Miguel Cerezo (El Cerezo)	San Miguel Cerezo (El Cerezo)	MX	1981	20.1591	-98.7285
3993364	Pareo	Pareo	MX	1981	19.3331	-102.4523
4012962	Estación Consuelo	Estacion Consuelo	MX	1981	28.3320	-105.5944
3972147	El Obraje	El Obraje	MX	1980	22.1793	-101.5898
3992376	Plancarte	Plancarte	MX	1980	20.5878	-100.7973
3826953	Santa Juana Primera Sección	Santa Juana Primera Seccion	MX	1979	19.3902	-99.7519
3974340	Jesús María	Jesus Maria	MX	1979	23.1549	-102.1925
3979569	Islas Agrarias Grupo A	Islas Agrarias Grupo A	MX	1979	32.6114	-115.3315
3981888	Tequesquitlán	Tequesquitlan	MX	1979	19.3871	-104.5195
3988681	Rincón de Guayabitos	Rincon de Guayabitos	MX	1979	21.0240	-105.2678
8858739	El Cortijo	El Cortijo	MX	1979	16.9897	-99.1489
8858740	Colonia Montemariana (Colonia Mariana)	Colonia Montemariana (Colonia Mariana)	MX	1978	23.3264	-103.1122
3708989	Guabito	Guabito	PA	1978	9.4944	-82.6115
3518738	San Juan Atenco	San Juan Atenco	MX	1977	19.0867	-97.5407
3705563	Los Algarrobos	Los Algarrobos	PA	1977	8.1129	-81.0152
3524240	Loma Grande	Loma Grande	MX	1976	18.9225	-97.2308
4019867	Abasolo	Abasolo	MX	1976	25.9473	-100.3981
4021342	Puertecito de la Virgen	Puertecito de la Virgen	MX	1976	21.9603	-102.2689
4024753	Potrerillos (Guanajal)	Potrerillos (Guanajal)	MX	1976	21.0815	-101.8699
3515703	Teya	Teya	MX	1975	21.0512	-89.0734
3532112	Boyé	Boye	MX	1975	20.6818	-99.7408
3815712	Nuevo Limar	Nuevo Limar	MX	1974	17.4551	-92.3989
8858741	Santa Ana	Santa Ana	MX	1974	21.0592	-101.6758
3617115	Quezalguaque	Quezalguaque	NI	1974	12.5068	-86.9029
5532993	Vinton	Vinton	US	1973	31.9512	-106.6025
3523423	Mazapa	Mazapa	MX	1972	19.5408	-98.5568
4002473	La Estacada	La Estacada	MX	1972	20.8218	-100.4078
8858742	Colonia Latinoamericana	Colonia Latinoamericana	MX	1972	21.0303	-101.7058
8858743	Zahuatlán de Morelos (San José)	Zahuatlan de Morelos (San Jose)	MX	1972	18.9833	-97.8675
8858744	El Pozole	El Pozole	MX	1971	22.9147	-105.9133
4736721	Three Rivers	Three Rivers	US	1971	28.4603	-98.1825
3516670	Sierra de Agua	Sierra de Agua	MX	1970	19.6045	-97.2017
3518121	Tepetzingo	Tepetzingo	MX	1970	18.4218	-97.3379
3801187	San Andrés Hidalgo	San Andres Hidalgo	MX	1970	18.1373	-96.8060
8858745	Tatauzoquico	Tatauzoquico	MX	1970	19.8283	-97.5269
3801021	San Miguel Ahuehuetitlán	San Miguel Ahuehuetitlan	MX	1969	17.6715	-98.3204
8858746	Guadalupe Minerva	Guadalupe Minerva	MX	1969	20.1258	-98.7139
8858747	San José	San Jose	MX	1969	19.8031	-97.3339
3816022	Gabriel Esquinca	Gabriel Esquinca	MX	1968	16.9406	-93.1756
3601936	San Luis	San Luis	HN	1967	14.7493	-87.4085
3976058	Benito Juárez	Benito Juarez	MX	1967	29.1643	-106.9559
4024153	Caleras de Amexhe	Caleras de Amexhe	MX	1967	20.5616	-100.5598
3710855	Farallón	Farallon	PA	1967	8.3566	-80.1372
3977441	La Ventana	La Ventana	MX	1966	25.3270	-103.4777
3981075	Tres Mezquites	Tres Mezquites	MX	1966	20.2620	-101.6269
3998807	La Victoria	La Victoria	MX	1966	29.1229	-110.8934
8858748	San Lorenzo Tlaxipehuala	San Lorenzo Tlaxipehuala	MX	1966	20.1303	-97.9736
3824521	Emiliano Zapata	Emiliano Zapata	MX	1965	20.5484	-97.5250
4018059	Atapaneo	Atapaneo	MX	1965	19.7386	-101.1160
4025575	Lázaro Cárdenas	Lazaro Cardenas	MX	1965	19.4901	-100.4847
4017377	Barrón	Barron	MX	1964	20.6774	-101.0852
8858749	Paseo de las Cañadas	Paseo de las Canadas	MX	1963	20.6214	-103.1978
5287938	Bylas	Bylas	US	1962	33.1343	-110.1200
3520154	Sabanillas	Sabanillas	MX	1961	17.0004	-99.7027
3818726	San Juan Cuauhtémoc	San Juan Cuauhtemoc	MX	1961	19.3884	-98.5976
3827530	Cañada de Madero	Canada de Madero	MX	1960	19.9653	-99.3939
3986554	San Jerónimo de Araceo	San Jeronimo de Araceo	MX	1960	20.3255	-101.1820
4024356	Estación Joaquín	Estacion Joaquin	MX	1960	20.5613	-101.5204
3764343	Santa Rita Arriba	Santa Rita Arriba	PA	1960	9.3326	-79.7916
4701346	Johnson City	Johnson City	US	1959	30.2769	-98.4120
4706919	Little River-Academy	Little River-Academy	US	1959	30.9863	-97.3586
8695374	Santa Rosa Village	Santa Rosa Village	BZ	1958	16.6662	-88.4544
3533396	Acoyotla	Acoyotla	MX	1958	21.1250	-98.7775
8858750	Constancio Farfán (La Pascuala)	Constancio Farfan (La Pascuala)	MX	1958	18.7419	-98.9539
4015597	Cantabria	Cantabria	MX	1956	19.8387	-101.7264
4025397	Santa Juana	Santa Juana	MX	1956	19.4292	-101.5618
8858751	Villas Fundadores [Fraccionamiento]	Villas Fundadores [Fraccionamiento]	MX	1956	20.3778	-99.9094
3532900	Santa María Amealco	Santa Maria Amealco	MX	1955	20.2372	-99.5498
3816134	La Candelaria	La Candelaria	MX	1955	16.7429	-92.5216
3821693	Julián Blanco (Dos Caminos)	Julian Blanco (Dos Caminos)	MX	1955	17.2189	-99.5247
3827224	San José Comalco	San Jose Comalco	MX	1955	19.4710	-99.6263
3992175	Portugués de Gálvez	Portugues de Galvez	MX	1955	25.7275	-108.3964
8858752	Bella Vista del Río	Bella Vista del Rio	MX	1955	20.6900	-99.5714
3520341	Reyes Etla	Reyes Etla	MX	1954	17.2022	-96.8180
3522442	Ocuilan de Arteaga	Ocuilan de Arteaga	MX	1954	18.9778	-99.4199
3801163	Chila	Chila	MX	1954	17.9696	-97.8607
3823530	San José Tenejapa	San Jose Tenejapa	MX	1954	19.0156	-96.8431
3816588	Independencia	Independencia	MX	1953	16.0861	-92.8382
4014305	Chilapa	Chilapa	MX	1953	22.0323	-105.2296
4024067	La Cuevita	La Cuevita	MX	1952	20.3387	-100.5806
3701163	Santa Marta	Santa Marta	PA	1952	8.5229	-82.7011
3611267	El Mochito	El Mochito	HN	1950	14.8667	-88.0833
3985799	San Juan Tecomatlán	San Juan Tecomatlan	MX	1950	20.3282	-103.1008
9101611	Texalpan de Abajo	Texalpan de Abajo	MX	1950	18.4238	-95.2572
3516012	Tenampa	Tenampa	MX	1949	19.2488	-96.8839
3817485	Acatzingo (Acatzingo de la Piedra)	Acatzingo (Acatzingo de la Piedra)	MX	1949	18.9239	-99.5886
3515357	Tlaxcalantongo	Tlaxcalantongo	MX	1948	20.3140	-97.8720
8858753	Abelardo L. Rodríguez	Abelardo L. Rodriguez	MX	1948	18.7375	-98.9853
3525677	Laguna Chica (Pueblo Nuevo)	Laguna Chica (Pueblo Nuevo)	MX	1947	18.5431	-96.7331
3979666	Zináparo	Zinaparo	MX	1947	20.1720	-101.9980
4008420	Catarino Rodríguez	Catarino Rodriguez	MX	1946	24.8447	-100.3191
3522919	Moyos	Moyos	MX	1945	17.3589	-92.6413
8858754	El Rincón de San Felipe (Tercera Manzana San Felipe)	El Rincon de San Felipe (Tercera Manzana San Felipe)	MX	1945	19.5064	-100.3728
3517228	Santa María Nativitas	Santa Maria Nativitas	MX	1943	19.5793	-99.6090
3518430	San Martín Tuchicuitlapilco	San Martin Tuchicuitlapilco	MX	1942	20.0940	-99.6467
3813291	Chiatipán	Chiatipan	MX	1942	21.0215	-98.5268
3827493	Llano de Zacapexco	Llano de Zacapexco	MX	1942	19.7040	-99.4851
8858755	Fraccionamiento Monte Olivo	Fraccionamiento Monte Olivo	MX	1942	19.9847	-102.2511
3514048	General Zaragoza	General Zaragoza	MX	1941	23.9727	-99.7726
3826991	Ejido del Tunal Nenaxi	Ejido del Tunal Nenaxi	MX	1941	19.7439	-99.9089
3516263	Tapalapa	Tapalapa	MX	1940	17.1905	-93.1044
3532561	Atzalan	Atzalan	MX	1940	19.7886	-97.2420
3801451	Río Chiquito	Rio Chiquito	MX	1940	17.6197	-95.9367
9512860	La Ceja	La Ceja	MX	1940	20.3904	-100.2689
3528838	El Jobo	El Jobo	MX	1939	20.0154	-97.1640
3516075	Tekik de Regil	Tekik de Regil	MX	1938	20.8175	-89.5608
3518278	San Miguel Coatlán	San Miguel Coatlan	MX	1938	16.1964	-96.6942
3523063	Moloacán	Moloacan	MX	1938	17.9854	-94.3471
3526487	Jiquipilco	Jiquipilco	MX	1938	19.5564	-99.6083
3979801	El Zamorano	El Zamorano	MX	1938	20.8078	-100.1190
3998501	Llano Grande	Llano Grande	MX	1938	23.8638	-105.2057
3514940	El Consuelo Ulapa	El Consuelo Ulapa	MX	1937	15.3866	-92.7923
8858756	Tlamanca de Hernández	Tlamanca de Hernandez	MX	1937	19.9560	-97.8149
3582454	Carmelita	Carmelita	BZ	1936	18.0131	-88.5429
3821861	Santa Catarina	Santa Catarina	MX	1936	17.5483	-99.1750
4024886	Huitzatarito	Huitzatarito	MX	1936	20.4982	-101.5672
3526895	Huitchila	Huitchila	MX	1935	18.6391	-98.9249
3823482	El Triunfo	El Triunfo	MX	1935	19.4213	-97.2198
3708307	Juan Díaz	Juan Diaz	PA	1935	8.4607	-80.2853
3976187	Cristo Rey	Cristo Rey	MX	1934	22.5817	-105.7244
4014238	Chínipas de Almada	Chinipas de Almada	MX	1934	27.3951	-108.5365
4704829	Lake Dunlap	Lake Dunlap	US	1934	29.6758	-98.0722
3976663	Melchor Ocampo	Melchor Ocampo	MX	1933	25.0469	-107.8941
3818599	Tlacomulco	Tlacomulco	MX	1932	20.1530	-98.1203
8858757	Purísima del Progreso	Purisima del Progreso	MX	1932	20.7933	-101.3303
3704123	Montijo	Montijo	PA	1932	7.9918	-81.0555
3816566	Paraíso del Grijalva	Paraiso del Grijalva	MX	1930	16.2258	-92.6432
3530735	Chuburná	Chuburna	MX	1929	21.2572	-89.7979
4019713	Agiabampo Uno	Agiabampo Uno	MX	1929	26.3656	-109.1446
4680258	César Chávez	Cesar Chavez	US	1929	26.3034	-98.1153
3522253	Oxiacaque	Oxiacaque	MX	1928	18.2148	-92.9463
3817776	San Pablo Ixquitlán	San Pablo Ixquitlan	MX	1928	19.7094	-98.7883
3826992	Calvario Buenavista	Calvario Buenavista	MX	1928	19.7039	-99.9567
3827581	San Sebastián	San Sebastian	MX	1928	19.7510	-99.2144
8858759	El Jacal	El Jacal	MX	1928	19.4050	-100.0894
5532924	Van Horn	Van Horn	US	1928	31.0403	-104.8307
3610046	El Tular	El Tular	HN	1927	13.4664	-87.5153
3530220	Corozal	Corozal	MX	1927	21.5468	-98.5548
3978605	General Lázaro Cárdenas	General Lazaro Cardenas	MX	1927	25.2943	-103.9978
3515721	Texcapa	Texcapa	MX	1926	21.0927	-98.8539
3527224	Güémez	Guemez	MX	1925	23.9186	-99.0062
3532908	Amatlán	Amatlan	MX	1925	21.3336	-97.7567
3800353	San Juan Jicayán	San Juan Jicayan	MX	1925	16.4758	-98.0125
3801292	Las Margaritas	Las Margaritas	MX	1925	18.2545	-96.2843
3819027	Francisco Ignacio Madero	Francisco Ignacio Madero	MX	1925	18.4931	-97.4638
8858760	San Pedro de los Sauces	San Pedro de los Sauces	MX	1925	19.7864	-101.1378
8858761	La Azozuca	La Azozuca	MX	1924	16.8214	-99.0419
4711991	Monte Alto	Monte Alto	US	1924	26.3731	-97.9717
3611356	El Llano	El Llano	HN	1923	15.1794	-87.8795
3519461	San Esteban	San Esteban	MX	1923	20.5442	-98.0601
4018387	Apoderado	Apoderado	MX	1923	22.9079	-105.9237
3520098	Sahcaba	Sahcaba	MX	1922	20.7917	-89.1814
3527026	Huajoyuca	Huajoyuca	MX	1922	18.5124	-97.9374
3530076	Cruz Blanca	Cruz Blanca	MX	1922	19.6374	-97.1671
8858762	Colonia Agrícola Álvaro Obregón	Colonia Agricola Alvaro Obregon	MX	1922	19.2281	-99.5558
3523035	La Laguna y Monte del Castillo	La Laguna y Monte del Castillo	MX	1920	18.9833	-96.0781
3817481	Totolmajac	Totolmajac	MX	1920	18.9269	-99.6859
8858763	Cuatzoquitengo	Cuatzoquitengo	MX	1920	17.2882	-98.6152
3703239	Pedasí	Pedasi	PA	1920	7.5303	-80.0270
3516964	Villa de Santiago Chazumba	Villa de Santiago Chazumba	MX	1918	18.1890	-97.6798
4015342	Carranco	Carranco	MX	1918	21.8200	-101.0970
8858764	Palmillas	Palmillas	MX	1918	19.6936	-99.9503
3611270	El Milagro	El Milagro	HN	1917	15.4000	-87.9667
3818907	Soledad Morelos	Soledad Morelos	MX	1917	18.8281	-98.4895
4026755	El Espinal	El Espinal	MX	1917	19.4676	-100.0605
3706931	La Pintada	La Pintada	PA	1917	8.5962	-80.4469
4727651	Sebastian	Sebastian	US	1917	26.3428	-97.7903
3516500	Subteniente López	Subteniente Lopez	MX	1915	18.4955	-88.3913
3816475	Jalisco	Jalisco	MX	1915	16.4303	-91.9750
3823883	Cecilio Terán	Cecilio Teran	MX	1914	18.8145	-97.2248
3984979	San Rafael	San Rafael	MX	1914	20.7526	-100.2857
4009471	Lequeitio	Lequeitio	MX	1914	25.8463	-103.2790
4024112	San Antonio Calichar	San Antonio Calichar	MX	1914	20.4967	-100.5166
8858765	Lagartera 1ra. Sección	Lagartera 1ra. Seccion	MX	1914	18.0628	-92.8856
4004847	El Higueral	El Higueral	MX	1913	24.3103	-107.3477
8858766	Hacienda Vieja del Castillo (Castillo Viejo)	Hacienda Vieja del Castillo (Castillo Viejo)	MX	1913	20.5400	-103.2442
3519975	San Agustín Oapan	San Agustin Oapan	MX	1912	17.9525	-99.4381
8858767	Ceiba 1ra. Sección (Jahuactal)	Ceiba 1ra. Seccion (Jahuactal)	MX	1912	18.0622	-93.1131
8858768	San Vicente Zoyatlán	San Vicente Zoyatlan	MX	1911	17.3225	-98.3642
8858769	Tenochtitlán	Tenochtitlan	MX	1911	19.8092	-96.9161
3589925	San Juan Atitán	San Juan Atitan	GT	1910	15.4289	-91.6240
3814158	Palmillas	Palmillas	MX	1910	20.2178	-99.1980
4009613	El Huizache	El Huizache	MX	1910	20.4193	-100.9604
8858770	Huehuetán	Huehuetan	MX	1910	16.6358	-98.5589
8858771	Chichicaxtle	Chichicaxtle	MX	1910	19.3431	-96.4686
4709320	Mart	Mart	US	1910	31.5424	-96.8336
3519283	San Francisco	San Francisco	MX	1909	19.6804	-99.7488
3802683	Dos Montes	Dos Montes	MX	1909	17.9861	-92.8277
3611088	El Ocote	El Ocote	HN	1908	15.4167	-86.5667
3517585	Santa Cruz Pueblo	Santa Cruz Pueblo	MX	1908	20.3339	-90.1033
4002700	La Cruz de Loreto	La Cruz de Loreto	MX	1908	20.0075	-105.4552
3517249	Ipalapa	Ipalapa	MX	1907	16.6394	-98.0315
3801085	El Molino	El Molino	MX	1907	17.7754	-97.7523
3815224	El Carmen Xalpatlahuaya	El Carmen Xalpatlahuaya	MX	1907	19.3919	-97.9817
3517776	Santa Ana	Santa Ana	MX	1906	16.3407	-96.7160
4019068	Ahuirán	Ahuiran	MX	1906	19.6656	-102.0729
8858772	Manuel Villalongín	Manuel Villalongin	MX	1906	20.2375	-101.5267
4704655	Lake Kiowa	Lake Kiowa	US	1906	33.5770	-97.0131
3603130	Punuare	Punuare	HN	1905	14.7333	-85.9667
3979820	Zacualpan	Zacualpan	MX	1905	19.3637	-103.8233
4006195	La Plaza del Limón	La Plaza del Limon	MX	1905	20.1344	-102.4321
3528620	El Nopal	El Nopal	MX	1903	16.9116	-92.8447
3529866	Cuyoaco	Cuyoaco	MX	1903	19.6019	-97.6202
3824915	Caxapa	Caxapa	MX	1903	18.4310	-96.7759
8858773	La Versolilla	La Versolilla	MX	1903	20.8731	-100.3789
3814124	Santa María Batha	Santa Maria Batha	MX	1902	20.2264	-99.2510
8858774	Colonia Tulteca Teopan	Colonia Tulteca Teopan	MX	1902	19.5614	-98.8442
3616076	Terrabona	Terrabona	NI	1902	12.7303	-85.9647
3526677	Santiago Ixtayutla	Santiago Ixtayutla	MX	1901	16.5665	-97.6529
3971782	Tenayuca	Tenayuca	MX	1901	21.5032	-102.6580
8858775	Fraccionamiento Paseo de las Torres	Fraccionamiento Paseo de las Torres	MX	1901	21.1683	-101.7581
8858776	El Cahulote de Santa Ana	El Cahulote de Santa Ana	MX	1901	19.0761	-101.5825
3523173	Minzapan	Minzapan	MX	1900	18.1366	-94.7262
3981983	Tepec	Tepec	MX	1900	19.9901	-103.6417
3517400	Santa Isabel Cholula	Santa Isabel Cholula	MX	1899	18.9967	-98.3794
3519408	San Felipe Otlaltepec	San Felipe Otlaltepec	MX	1899	18.4015	-97.9079
3802402	Jiménez	Jimenez	MX	1899	18.1604	-92.9334
3818876	San Antonio Juárez	San Antonio Juarez	MX	1899	18.7938	-97.9896
3581199	San Felipe	San Felipe	BZ	1898	17.8730	-88.7733
3987247	San Felipe de los Herreros	San Felipe de los Herreros	MX	1898	19.6170	-102.1813
4009063	El Nacimiento	El Nacimiento	MX	1898	20.5396	-102.5489
8858777	Colonia Agrícola de Ocotepec (Colonia San José)	Colonia Agricola de Ocotepec (Colonia San Jose)	MX	1898	18.9297	-98.5444
3701484	San Francisco	San Francisco	PA	1898	8.0584	-81.3743
3602118	San José	San Jose	HN	1897	15.3167	-87.1667
3533474	Acamilpa	Acamilpa	MX	1897	18.7163	-99.1568
8858778	Apeo	Apeo	MX	1897	19.8872	-100.3419
8858779	Leacaman	Leacaman	MX	1897	20.0986	-97.6431
11057060	Caurio de Guadalupe	Caurio de Guadalupe	MX	1897	19.9240	-101.8608
4700234	Italy	Italy	US	1897	32.1840	-96.8847
3518081	San Pedro Tlachichilco	San Pedro Tlachichilco	MX	1896	20.1610	-98.2633
3526745	Iturbide	Iturbide	MX	1896	24.7261	-99.9046
3985022	San Pedro Jácuaro	San Pedro Jacuaro	MX	1896	19.7148	-100.6442
3581089	Seine Bight Village	Seine Bight Village	BZ	1895	16.5694	-88.3649
3515925	Tepakán	Tepakan	MX	1895	20.3969	-90.0412
3528728	Lázaro Cárdenas	Lazaro Cardenas	MX	1894	20.2250	-99.0952
4016702	Buenavista	Buenavista	MX	1893	20.3849	-103.2150
8858780	Yashanal	Yashanal	MX	1893	16.8289	-92.4519
8858781	Santa Elena	Santa Elena	MX	1893	19.8586	-100.4083
8858782	Cinco de Mayo	Cinco de Mayo	MX	1893	20.1317	-97.6300
3826904	San Pedro Tejalpa	San Pedro Tejalpa	MX	1892	19.2581	-99.7923
3996768	El Maluco	El Maluco	MX	1892	20.1445	-101.6760
8858783	Buenavista de Juárez	Buenavista de Juarez	MX	1892	18.9450	-97.8278
3518727	San Juan Bautista Lo de Soto	San Juan Bautista Lo de Soto	MX	1890	16.5120	-98.3477
3533510	Abalá	Abala	MX	1890	20.6478	-89.6806
4017249	Baviácora	Baviacora	MX	1890	29.7130	-110.1635
4017959	Aután	Autan	MX	1890	21.6899	-105.3067
3707758	La Esperanza	La Esperanza	PA	1890	8.4061	-82.7901
3522363	Olintla	Olintla	MX	1889	20.1020	-97.6843
4674911	Blanco	Blanco	US	1889	30.0980	-98.4214
3516791	San Vicente	San Vicente	MX	1888	17.5132	-99.6838
3596249	El Rodeo	El Rodeo	GT	1887	14.9145	-91.9763
3816428	San Antonio Buenavista	San Antonio Buenavista	MX	1887	16.1523	-91.6502
3823416	El Lencero	El Lencero	MX	1887	19.4890	-96.8162
8858784	Colonia Emiliano Zapata (San Juan Zitácuaro)	Colonia Emiliano Zapata (San Juan Zitacuaro)	MX	1887	19.4478	-100.3058
3522250	Oxolotán	Oxolotan	MX	1886	17.3795	-92.7493
8858785	Caparroso	Caparroso	MX	1886	18.3450	-92.8036
3580772	Yo Creek	Yo Creek	BZ	1885	18.0910	-88.6461
8858786	Colonia Diana Laura Riojas de Colosio	Colonia Diana Laura Riojas de Colosio	MX	1885	26.9772	-101.4808
8097249	Siesta Acres	Siesta Acres	US	1885	28.7580	-100.4902
3516102	Tehuipango	Tehuipango	MX	1884	18.5196	-97.0544
8858787	Tlaxinga (Clatzinga)	Tlaxinga (Clatzinga)	MX	1884	17.5211	-99.1933
8858788	Fraccionamiento San Miguel	Fraccionamiento San Miguel	MX	1884	17.2128	-96.7869
8858789	Paso Nacional	Paso Nacional	MX	1884	18.7664	-95.7486
3517859	San Raymundo Jalpan	San Raymundo Jalpan	MX	1882	16.9706	-96.7565
4009517	El Jicote	El Jicote	MX	1882	21.7261	-105.0578
4017764	Bacorehuis	Bacorehuis	MX	1882	26.3185	-109.0858
3528571	Elotepec	Elotepec	MX	1881	19.1882	-97.0377
3817376	San Gaspar	San Gaspar	MX	1881	18.7775	-99.5486
4014249	Chinampas	Chinampas	MX	1881	21.8393	-101.8171
4018340	Aranza	Aranza	MX	1881	19.6632	-102.0241
4024183	Presa Blanca	Presa Blanca	MX	1881	20.6416	-100.7937
8858790	San Pedro Nichtalucum	San Pedro Nichtalucum	MX	1881	17.0344	-92.7269
8858791	Hermenegildo Galeana 2da. Sección	Hermenegildo Galeana 2da. Seccion	MX	1881	18.1705	-93.1351
3800368	Santiago Llano Grande	Santiago Llano Grande	MX	1880	16.4883	-98.2897
4010455	El Chante	El Chante	MX	1880	19.7178	-104.2011
3800940	Santiago Yolomécatl	Santiago Yolomecatl	MX	1879	17.4718	-97.5697
3814276	Ahuehuetitla	Ahuehuetitla	MX	1878	20.0844	-98.4167
3530807	Chiquihuitlán de Benito Juárez	Chiquihuitlan de Benito Juarez	MX	1877	17.9952	-96.7444
3531885	Cacalotenango	Cacalotenango	MX	1877	18.5464	-99.6436
3976405	Piaxtla de Abajo	Piaxtla de Abajo	MX	1877	23.8326	-106.6598
3815952	Guadalupe Victoria	Guadalupe Victoria	MX	1876	16.6269	-93.3347
3523651	Mamithí	Mamithi	MX	1875	20.4113	-99.6629
8858792	La Gloria	La Gloria	MX	1874	15.9639	-91.9650
5478971	Mesilla	Mesilla	US	1874	32.2701	-106.8008
3591618	Pasaco	Pasaco	GT	1873	13.9772	-90.2064
3513977	Zozocolco de Guerrero	Zozocolco de Guerrero	MX	1873	20.1040	-97.5693
3526722	Ixcatlán	Ixcatlan	MX	1873	21.0818	-98.5344
4710414	Meadowlakes	Meadowlakes	US	1872	30.5624	-98.2987
3514989	San Javier	San Javier	MX	1871	20.7523	-99.7171
8858793	Hacienda Tecate	Hacienda Tecate	MX	1871	32.5650	-116.5250
3687835	Campamento	Campamento	CO	1870	6.9792	-75.2972
4020432	Ramón Corona	Ramon Corona	MX	1870	24.1861	-103.6303
8858795	San Antonio la Portilla	San Antonio la Portilla	MX	1870	18.7961	-97.7628
3514963	Tzompantepec	Tzompantepec	MX	1869	19.3761	-98.0901
3519457	Cuecuecuatitla	Cuecuecuatitla	MX	1869	19.0135	-98.8435
3814002	Xochitlán	Xochitlan	MX	1869	20.2956	-99.1871
8858796	San Bartolomé Hueyapan	San Bartolome Hueyapan	MX	1869	19.0253	-97.9306
3616459	Santa Lucía	Santa Lucia	NI	1869	12.5326	-85.7107
3516357	Tampemoche	Tampemoche	MX	1868	21.6894	-99.0817
8858797	Marcelino Rodríguez (San Ignacio)	Marcelino Rodriguez (San Ignacio)	MX	1868	18.5789	-98.7436
4021321	Paseos de la Providencia [Fraccionamiento]	Paseos de la Providencia [Fraccionamiento]	MX	1867	22.0242	-102.2771
4029619	La Cueva	La Cueva	MX	1867	20.4839	-100.4388
3532512	Ayotuxtla	Ayotuxtla	MX	1866	20.6489	-98.3031
3762711	Bethania	Bethania	MX	1866	17.9192	-96.0047
3983426	Sapioris	Sapioris	MX	1866	25.4525	-103.7161
3518141	San Pablo Anicano	San Pablo Anicano	MX	1865	18.1239	-98.0850
3523472	Mata Loma	Mata Loma	MX	1864	19.1312	-96.2954
4023017	San Sebastián del Salitre	San Sebastian del Salitre	MX	1863	21.1001	-100.4812
4024143	Estancia del Llano	Estancia del Llano	MX	1863	20.5109	-100.7267
8858798	Francisco I. Madero	Francisco I. Madero	MX	1863	18.3267	-95.3625
3615169	Antigua Ocotepeque	Antigua Ocotepeque	HN	1862	14.4013	-89.1997
3762725	San José Río Manzo	San Jose Rio Manzo	MX	1862	17.6699	-95.8792
3816516	Yasha	Yasha	MX	1862	16.3914	-92.0688
3994952	Nicolás Bravo	Nicolas Bravo	MX	1862	29.3512	-107.9331
8858799	San Sebastián [Fraccionamiento]	San Sebastian [Fraccionamiento]	MX	1862	21.8214	-102.2711
8858800	Fraccionamiento Universo	Fraccionamiento Universo	MX	1862	18.9617	-99.1864
3516478	Suma de Hidalgo	Suma de Hidalgo	MX	1861	21.0864	-89.1477
3519585	San Carlos	San Carlos	MX	1861	19.4388	-97.6903
3521086	Pucté	Pucte	MX	1861	18.2324	-88.6676
3523280	Mexcalcuautla	Mexcalcuautla	MX	1861	19.8666	-97.3915
3980453	Venecia	Venecia	MX	1861	25.7798	-103.3535
4027096	Zacapuato	Zacapuato	MX	1860	18.6687	-100.6066
8858801	El Esclavo	El Esclavo	MX	1860	19.6767	-99.3714
8858802	Ahuacatlán	Ahuacatlan	MX	1860	20.1372	-98.0075
4693906	Goldthwaite	Goldthwaite	US	1860	31.4499	-98.5709
3815650	San Jerónimo Tulijá	San Jeronimo Tulija	MX	1859	17.2236	-91.7897
4025819	El Letrero	El Letrero	MX	1859	18.9622	-102.1088
8858803	Santa Cruz Acapa	Santa Cruz Acapa	MX	1859	18.4056	-97.3261
3519691	San Antonio Sahcabchén	San Antonio Sahcabchen	MX	1858	20.3070	-90.1378
3526709	Santiago	Santiago	MX	1858	18.4488	-95.8304
8858804	San Miguel Monteverde	San Miguel Monteverde	MX	1857	17.5311	-97.7925
3516004	Tenango	Tenango	MX	1856	18.6192	-98.7521
3530461	Cohuecán	Cohuecan	MX	1856	18.7827	-98.7208
4029540	Urecho	Urecho	MX	1856	20.6541	-100.0744
3997231	Los Remedios	Los Remedios	MX	1854	19.9771	-102.6795
3519903	San Andrés Zautla	San Andres Zautla	MX	1852	17.1870	-96.8642
3523735	Maguey Blanco	Maguey Blanco	MX	1852	20.4236	-99.1703
3801028	San Jorge Nuchita	San Jorge Nuchita	MX	1852	17.6567	-98.1031
3821938	Los Tepetates	Los Tepetates	MX	1852	17.0589	-99.2473
3996394	Matatlán	Matatlan	MX	1852	20.7102	-103.1490
4017009	Bledos	Bledos	MX	1852	21.8415	-101.1165
11634544	San Martín Ejido	San Martin Ejido	MX	1852	20.0716	-99.6939
3801596	Guadalupe Etla	Guadalupe Etla	MX	1851	17.1727	-96.8102
3817879	Puentecillas	Puentecillas	MX	1851	20.0257	-99.9781
3517196	Santa María Tonameca	Santa Maria Tonameca	MX	1850	15.7468	-96.5459
3823847	Monte Salas	Monte Salas	MX	1850	18.9372	-97.0183
4024291	San Antonio de Chico	San Antonio de Chico	MX	1850	20.6279	-101.2833
8858805	Ampliación la Hincada	Ampliacion la Hincada	MX	1850	22.2153	-99.2361
3817779	Santa María Palapa	Santa Maria Palapa	MX	1849	19.7359	-98.8483
3973410	Emilio Carranza	Emilio Carranza	MX	1849	24.1032	-103.6671
4003274	La Calera	La Calera	MX	1849	20.1566	-101.3393
4015567	Capacho	Capacho	MX	1849	19.9636	-101.2291
8858806	Pueblo Nuevo Tlalmimilolpan	Pueblo Nuevo Tlalmimilolpan	MX	1848	19.3922	-99.5017
3527692	La Estanzuela	La Estanzuela	MX	1847	20.1780	-98.7585
3816605	Unión Buena Vista	Union Buena Vista	MX	1847	16.4858	-92.8182
4005548	Guachinango	Guachinango	MX	1847	20.5758	-104.3815
3518244	Villa Sola de Vega	Villa Sola de Vega	MX	1846	16.5184	-96.9781
3529710	Dos Arroyos	Dos Arroyos	MX	1846	17.0216	-99.6498
3818782	Chichicuautla	Chichicuautla	MX	1846	19.3907	-97.3939
8858807	El Mirador	El Mirador	MX	1846	20.0300	-98.8106
3821955	Horcasitas	Horcasitas	MX	1845	16.8882	-98.7461
3527112	Villa Hidalgo Yalálag	Villa Hidalgo Yalalag	MX	1844	17.1854	-96.1787
3800507	Santa Lucía Teotepec	Santa Lucia Teotepec	MX	1844	16.1426	-97.2087
3827543	Pérez de Galeana	Perez de Galeana	MX	1844	19.9793	-99.1416
8858808	San Atenógenes (La Villita)	San Atenogenes (La Villita)	MX	1844	23.9906	-104.0172
8858809	Cerro las Iguanas	Cerro las Iguanas	MX	1844	18.4108	-95.1997
3801364	San Pedro Sochiápam	San Pedro Sochiapam	MX	1843	17.8254	-96.6639
4024196	Gasca	Gasca	MX	1843	20.6044	-100.8564
8858811	Texcaltepec	Texcaltepec	MX	1843	20.0303	-98.3242
4737704	Troy	Troy	US	1843	31.2068	-97.3028
3524450	La Victoria	La Victoria	MX	1842	18.3741	-95.1215
4014579	Chametla	Chametla	MX	1842	22.8775	-105.9575
3532521	Ayometitla	Ayometitla	MX	1841	19.2072	-98.1931
3821968	Buenavista de Allende	Buenavista de Allende	MX	1841	17.0009	-99.2133
3821971	El Pericón	El Pericon	MX	1841	16.9800	-99.3257
3982082	Temósachic	Temosachic	MX	1841	28.9538	-107.8302
8858812	San Roque de Montes	San Roque de Montes	MX	1841	21.0100	-101.8108
8858813	Jardines del Edén	Jardines del Eden	MX	1841	20.5325	-103.3628
8858814	Caserío de Cortés	Caserio de Cortes	MX	1841	19.1986	-98.9544
3824672	Macedonio Alonso	Macedonio Alonso	MX	1840	20.2742	-97.6919
3531139	Chapantongo	Chapantongo	MX	1839	20.2854	-99.4123
4024648	Landín	Landin	MX	1839	20.7542	-100.9060
4000246	Las Arenitas	Las Arenitas	MX	1838	24.3726	-107.5357
8858815	Alpuyecancingo de las Montañas	Alpuyecancingo de las Montanas	MX	1838	17.6708	-98.8519
3516635	Sisal	Sisal	MX	1837	21.1670	-90.0253
3611319	El Marañón	El Maranon	HN	1836	15.3952	-88.0544
3825875	La Trinidad	La Trinidad	MX	1836	20.5155	-99.9628
3826987	Santa Cruz Mextepec	Santa Cruz Mextepec	MX	1836	19.6597	-99.9531
3988057	Salto de Tepuxtepec	Salto de Tepuxtepec	MX	1836	19.9906	-100.2253
4000390	La Rumorosa	La Rumorosa	MX	1836	32.5262	-116.0546
4008641	El Perú	El Peru	MX	1836	25.6028	-103.3433
3521923	Santa Cruz Papalutla	Santa Cruz Papalutla	MX	1835	16.9574	-96.5837
3521263	Portezuelo	Portezuelo	MX	1834	20.4867	-99.3063
3982049	Tenexpa	Tenexpa	MX	1834	17.1838	-100.6711
3514404	Xopilapa	Xopilapa	MX	1833	18.5047	-97.0794
3517572	Santa Cruz	Santa Cruz	MX	1833	21.1977	-98.4927
8858817	San Cayetano	San Cayetano	MX	1833	16.9612	-92.7602
8858818	Buena Vista	Buena Vista	MX	1833	25.8522	-100.3600
3973215	Emiliano Zapata	Emiliano Zapata	MX	1832	23.5726	-103.3014
3980775	San Francisco Uricho	San Francisco Uricho	MX	1832	19.5712	-101.7158
5385662	Rainbow	Rainbow	US	1832	33.4103	-117.1478
3813355	San Francisco	San Francisco	MX	1831	21.0187	-98.4864
8858819	Emiliano Zapata (El Ranchito)	Emiliano Zapata (El Ranchito)	MX	1831	19.2439	-104.7186
3482945	Nuevo Tantoán	Nuevo Tantoan	MX	1830	22.4266	-98.5709
3514150	Zacatla	Zacatla	MX	1830	19.0055	-97.1351
3520398	El Refugio	El Refugio	MX	1830	20.0039	-99.1884
3996894	Magdalena de Araceo	Magdalena de Araceo	MX	1830	20.3097	-101.1809
3514912	Unión Roja	Union Roja	MX	1829	15.0466	-92.2165
3816740	Azteca	Azteca	MX	1829	16.2177	-93.9456
4018845	Alcaraces	Alcaraces	MX	1829	19.3650	-103.5762
8858820	Tezhuatepec	Tezhuatepec	MX	1829	19.8117	-97.4625
3801980	Huamúchil	Huamuchil	MX	1828	16.3694	-94.6686
3824568	Adolfo Ruíz Cortines	Adolfo Ruiz Cortines	MX	1828	20.5958	-97.3059
3999573	Las Moras	Las Moras	MX	1828	25.6578	-108.4571
3531196	Chalma	Chalma	MX	1827	18.9305	-99.4351
8858821	Santiago Jaltepec	Santiago Jaltepec	MX	1827	20.1097	-98.7111
8858822	Olintepec	Olintepec	MX	1827	18.7406	-98.9872
3523601	Manuel Lazos	Manuel Lazos	MX	1826	14.9716	-92.1873
3995914	Milpillas	Milpillas	MX	1826	20.5014	-102.5342
8858823	La Joya	La Joya	MX	1826	23.8375	-103.9986
8858824	El Arco	El Arco	MX	1826	19.2253	-100.1317
3518404	San Martín Toxpalan	San Martin Toxpalan	MX	1825	18.1010	-97.0584
3523637	Mancuernas	Mancuernas	MX	1825	16.3894	-98.1102
3815369	Acuamanala	Acuamanala	MX	1825	19.2236	-98.2006
3823167	Carlos A. Madrazo	Carlos A. Madrazo	MX	1825	18.5017	-88.5251
4011573	Islita	Islita	MX	1825	32.3848	-114.8667
8858825	San Francisco de la Palma	San Francisco de la Palma	MX	1825	20.6603	-100.5153
3519492	San Diego Huehuecalco	San Diego Huehuecalco	MX	1824	19.0928	-98.7634
3621430	Sixaola	Sixaola	CR	1823	9.5037	-82.6120
3623454	Hojancha	Hojancha	CR	1823	10.0581	-85.4181
3601702	Santa Ana de Yusguare	Santa Ana de Yusguare	HN	1823	13.3006	-87.1139
3528569	Eloxochitlán	Eloxochitlan	MX	1823	18.4999	-96.9537
3533378	Aculco de Espinoza	Aculco de Espinoza	MX	1823	20.0987	-99.8276
3987135	San Francisco	San Francisco	MX	1823	20.9020	-105.4128
4025011	Ziquítaro	Ziquitaro	MX	1823	20.0625	-101.8896
3517243	Santa María Jicaltepec	Santa Maria Jicaltepec	MX	1822	16.3792	-98.0433
3530116	San Luis Coyotzingo	San Luis Coyotzingo	MX	1822	19.1982	-98.4372
8858826	Colonia Lázaro Cárdenas	Colonia Lazaro Cardenas	MX	1822	19.5131	-98.9200
4700044	Ingram	Ingram	US	1822	30.0774	-99.2403
3582373	Chunox	Chunox	BZ	1821	18.2979	-88.3575
3826930	Jesús María	Jesus Maria	MX	1821	19.4177	-99.9970
4006206	Francisco García Salinas	Francisco Garcia Salinas	MX	1821	23.8122	-103.1821
8858827	Fraccionamiento Real del Valle	Fraccionamiento Real del Valle	MX	1821	16.9328	-96.7678
3514243	Yobain	Yobain	MX	1820	21.2343	-89.1149
3521948	Pantepec	Pantepec	MX	1820	17.1883	-93.0497
4009155	El Molino	El Molino	MX	1820	20.3880	-103.5348
4029629	El Jaral	El Jaral	MX	1820	20.4076	-100.4558
8858828	San José del Puente	San Jose del Puente	MX	1820	19.7206	-99.1967
11087421	San Antonio Tlacamilco	San Antonio Tlacamilco	MX	1820	19.0627	-97.9302
3527581	Francisco I. Madero	Francisco I. Madero	MX	1819	15.8250	-92.6851
3611718	El Guapinol	El Guapinol	HN	1817	13.7667	-87.4667
3615070	Arimís	Arimis	HN	1817	14.7833	-86.0000
4010417	El Chayote	El Chayote	MX	1817	22.2877	-102.2387
4025175	Irapeo	Irapeo	MX	1817	19.6923	-101.0575
8858829	Bosques de San Pedro	Bosques de San Pedro	MX	1817	25.6014	-100.1797
8858830	Pejelagartero 1ra. Sección (Plataforma)	Pejelagartero 1ra. Seccion (Plataforma)	MX	1817	18.0550	-93.8247
3827040	San Felipe Pueblo Nuevo	San Felipe Pueblo Nuevo	MX	1816	19.7678	-99.7583
3985446	San Miguel de Cruces	San Miguel de Cruces	MX	1816	24.4121	-105.8372
4027144	San Antonio de las Huertas	San Antonio de las Huertas	MX	1816	18.2822	-100.5179
3516368	Tampacán	Tampacan	MX	1815	21.4020	-98.7282
3826938	La Campanilla	La Campanilla	MX	1815	19.5098	-99.9423
4002231	La Goleta	La Goleta	MX	1815	19.7391	-101.0829
8858831	Ahuacatlán de Guadalupe	Ahuacatlan de Guadalupe	MX	1815	21.2147	-99.5406
4680560	Charlotte	Charlotte	US	1815	28.8619	-98.7064
3514567	Xaya	Xaya	MX	1814	20.2958	-89.1869
3827326	Tlacomulco	Tlacomulco	MX	1814	19.1211	-99.4475
3516140	Tecomatepec	Tecomatepec	MX	1813	18.8390	-99.7036
3516842	Santo Domingo Tepuxtepec	Santo Domingo Tepuxtepec	MX	1813	16.9564	-96.0559
3517658	Santa Catarina Quiané	Santa Catarina Quiane	MX	1813	16.8804	-96.7405
5304488	Mescal	Mescal	US	1812	31.9901	-110.4353
3608860	Ilama	Ilama	HN	1811	15.0681	-88.2231
3824668	Las Lomas	Las Lomas	MX	1811	20.2602	-97.6162
8858832	Monte Calvario	Monte Calvario	MX	1811	19.1044	-99.5953
3802798	Monte Grande	Monte Grande	MX	1810	17.9356	-92.2643
3817629	San Juan Coxtocan	San Juan Coxtocan	MX	1810	19.1393	-98.8473
4013478	Allende	Allende	MX	1810	27.1923	-109.9076
5521036	Eldorado	Eldorado	US	1810	30.8602	-100.6009
3514241	San José Yocnajab	San Jose Yocnajab	MX	1809	16.2538	-92.0870
3824690	Gutiérrez Zamora	Gutierrez Zamora	MX	1809	19.7242	-97.2150
3825072	Tilapan	Tilapan	MX	1809	18.3492	-95.3281
8858833	San Pedro Atmatla	San Pedro Atmatla	MX	1809	19.9108	-97.9675
3528206	Sabinalito	Sabinalito	MX	1808	15.7019	-91.9864
4012616	Coyotillos	Coyotillos	MX	1808	20.5996	-100.2097
4024198	San Antonio de Morales	San Antonio de Morales	MX	1808	20.5809	-100.9100
8858834	La Mohonera	La Mohonera	MX	1808	17.6384	-99.2022
3815408	San Bartolomé Tenango	San Bartolome Tenango	MX	1807	19.2525	-98.2917
3991602	Puácuaro	Puacuaro	MX	1807	19.6022	-101.6747
3995472	Monteón	Monteon	MX	1807	20.9893	-105.2982
8858835	Mecoacán 2da. Sección (San Lorenzo)	Mecoacan 2da. Seccion (San Lorenzo)	MX	1807	18.2779	-93.0910
4007938	El Retiro	El Retiro	MX	1806	25.8277	-103.1299
3604503	Namasigüe	Namasiguee	HN	1804	13.2047	-87.1389
3527582	Francisco I. Madero	Francisco I. Madero	MX	1804	15.0700	-92.5443
8858836	Guásimas (De Belem)	Guasimas (De Belem)	MX	1804	27.8858	-110.5817
3714611	Aserrío de Gariché	Aserrio de Gariche	PA	1804	8.4864	-82.7893
3523398	Mecatlán	Mecatlan	MX	1803	20.9360	-98.4030
3529625	Dzununcán	Dzununcan	MX	1802	20.8652	-89.6535
3992440	Santa María Pipioltepec (Pipioltepec)	Santa Maria Pipioltepec (Pipioltepec)	MX	1802	19.2406	-100.0975
4026531	San Pedro Tenayac	San Pedro Tenayac	MX	1802	19.0467	-100.1769
3816757	La Gloria	La Gloria	MX	1801	16.1487	-94.0933
3977205	Betulia	Betulia	MX	1801	21.7592	-102.0197
3977698	Lamadrid	Lamadrid	MX	1801	27.0509	-101.7955
4029415	Santa María de los Baños	Santa Maria de los Banos	MX	1801	20.7905	-100.3131
8858837	Colonia Adolfo López Mateos	Colonia Adolfo Lopez Mateos	MX	1801	19.4006	-99.4594
4011165	El Alvareño	El Alvareno	MX	1800	20.3017	-102.4393
4024941	Loma de Zempoala	Loma de Zempoala	MX	1800	20.2912	-101.0808
3516630	Sitilpech	Sitilpech	MX	1799	20.9409	-88.9572
3981434	Tocumbo	Tocumbo	MX	1799	19.7029	-102.5213
3995356	Moris	Moris	MX	1799	28.1531	-108.5252
4004454	Ibarra	Ibarra	MX	1799	20.2302	-102.6234
4004950	Tetillas	Tetillas	MX	1799	23.7178	-102.9095
3518242	San Miguel Suchixtepec	San Miguel Suchixtepec	MX	1798	16.0939	-96.4685
3986594	San Jerónimo Purenchécuaro	San Jeronimo Purenchecuaro	MX	1798	19.6791	-101.6121
3528868	El Humo	El Humo	MX	1797	21.1746	-97.9413
4022976	Ojo de Agua del Refugio	Ojo de Agua del Refugio	MX	1796	21.0144	-100.3174
3975328	Julimes	Julimes	MX	1795	28.4236	-105.4282
3530043	Cualác	Cualac	MX	1794	17.7431	-98.6602
3532637	Juan N. Méndez	Juan N. Mendez	MX	1794	18.5435	-97.7720
4000294	Las Ánimas	Las Animas	MX	1794	22.0913	-102.2669
3527028	Huajintlán	Huajintlan	MX	1792	18.6097	-99.4244
3817626	Zentlalpan	Zentlalpan	MX	1792	19.1500	-98.7849
3827336	San Felipe el Mirasol	San Felipe el Mirasol	MX	1792	19.2027	-99.4211
3985572	Lo de Marcos	Lo de Marcos	MX	1792	20.9523	-105.3549
4017376	Barrón	Barron	MX	1792	23.1234	-106.2765
3517745	Santa Ana Acozautla	Santa Ana Acozautla	MX	1791	18.9556	-98.3831
3816460	Álvaro Obregón	Alvaro Obregon	MX	1790	16.0949	-91.8429
3817499	Tepalcatepec	Tepalcatepec	MX	1790	18.9356	-99.5992
8858838	Colonia el Refugio	Colonia el Refugio	MX	1790	19.2269	-99.6942
3709742	Escobal	Escobal	PA	1790	9.1476	-79.9638
3602092	San José	San Jose	HN	1789	14.9024	-88.7206
3602190	San Jerónimo	San Jeronimo	HN	1789	14.6267	-87.6067
3519435	San Felipe	San Felipe	MX	1789	21.5634	-88.2328
3526452	Jopala	Jopala	MX	1789	20.1635	-97.6929
4003925	Jiquilpan	Jiquilpan	MX	1789	19.7800	-103.7771
8858839	Nuevo Milenio Valdivia	Nuevo Milenio Valdivia	MX	1789	15.5031	-92.9486
3518440	San Marcos Guaquilpan	San Marcos Guaquilpan	MX	1788	19.5985	-98.6287
3818799	San Miguel Ocotenco	San Miguel Ocotenco	MX	1788	19.0666	-97.4524
8858840	Estación Corral	Estacion Corral	MX	1788	27.6289	-109.9661
3687480	Capurganá	Capurgana	CO	1787	8.6380	-77.3461
3518637	San Juan Mazatlán	San Juan Mazatlan	MX	1787	17.0299	-95.4461
3520924	Quechulac	Quechulac	MX	1787	19.3727	-97.3478
3817874	La Soledad Barrio	La Soledad Barrio	MX	1787	20.0919	-99.8231
3620353	Ciudad Antigua	Ciudad Antigua	NI	1787	13.6406	-86.3081
3823855	Campo Chico	Campo Chico	MX	1786	18.8368	-97.0287
4026402	Rincón de Jaimes	Rincon de Jaimes	MX	1786	18.8984	-100.1654
4696605	Haslet	Haslet	US	1786	32.9749	-97.3478
3761710	Huecahuasco	Huecahuasco	MX	1785	18.9369	-98.7825
3827522	Santiago Tlapanaloya	Santiago Tlapanaloya	MX	1785	19.8706	-99.3508
3701483	San Francisco	San Francisco	PA	1785	8.2454	-80.9737
4715411	Northcrest	Northcrest	US	1785	31.6365	-97.0997
4025509	Tafetán	Tafetan	MX	1784	19.4188	-100.9076
3580799	Xaibe	Xaibe	BZ	1783	18.3865	-88.4339
3615030	Atenas de San Cristóbal	Atenas de San Cristobal	HN	1783	15.6833	-87.3167
3521355	Platanillo	Platanillo	MX	1783	17.0650	-99.9107
8858841	San Pedro Ozumacín	San Pedro Ozumacin	MX	1783	17.6786	-96.2256
4732801	Somerset	Somerset	US	1783	29.2264	-98.6578
5304640	Miami	Miami	US	1783	33.3992	-110.8687
3817438	San Pablo Tejalpa	San Pablo Tejalpa	MX	1782	18.8667	-99.5911
3977510	La Florida	La Florida	MX	1782	25.7691	-103.3240
8858842	Coamilpa de Juárez	Coamilpa de Juarez	MX	1782	19.1978	-99.4436
4009373	El Lobo	El Lobo	MX	1781	20.7295	-100.2039
4024195	Santa Teresa	Santa Teresa	MX	1781	20.6379	-100.8583
8858843	Los Ángeles	Los Angeles	MX	1780	20.5536	-100.9417
4708236	Lowry Crossing	Lowry Crossing	US	1780	33.1548	-96.5472
3816778	Manuel Ávila Camacho (Ponte Duro)	Manuel Avila Camacho (Ponte Duro)	MX	1778	15.8097	-93.5893
4016025	Camotlán de Miraflores	Camotlan de Miraflores	MX	1778	19.2204	-104.2346
8858844	Los Dolores (Las Quince Letras)	Los Dolores (Las Quince Letras)	MX	1778	21.3178	-100.5658
8858845	Colonia Militar	Colonia Militar	MX	1778	20.1114	-98.7031
3602546	San Agustín	San Agustin	HN	1777	14.8196	-88.9356
3515750	Santa María Tatetla	Santa Maria Tatetla	MX	1777	19.2728	-96.7125
3523096	Mohoneras	Mohoneras	MX	1777	17.2350	-99.5161
4014477	Charco de Pantoja	Charco de Pantoja	MX	1777	20.3896	-101.3537
4023630	Fábrica de Melchor	Fabrica de Melchor	MX	1777	21.6724	-100.9012
3827437	Zacamulpa Tlalmimilolpan	Zacamulpa Tlalmimilolpan	MX	1776	19.3893	-99.4462
8858846	Coachiti	Coachiti	MX	1775	20.5594	-100.5894
3623715	La Fortuna	La Fortuna	CR	1774	10.6743	-85.1996
3526931	Hueycantenango	Hueycantenango	MX	1774	17.4489	-99.0245
8858847	Vamos Tamaulipas	Vamos Tamaulipas	MX	1774	25.9867	-98.2217
3802719	Pueblo Nuevo de las Raíces	Pueblo Nuevo de las Raices	MX	1773	17.8450	-92.8780
4009088	Ignacio Pérez	Ignacio Perez	MX	1773	20.5204	-100.1123
3983633	Santiago Oxtempan	Santiago Oxtempan	MX	1772	19.7803	-100.1219
4013346	Colonia Nicolás Bravo (Kilómetro Noventa y Dos)	Colonia Nicolas Bravo (Kilometro Noventa y Dos)	MX	1772	28.0922	-105.5278
4013561	Cofradía	Cofradia	MX	1772	20.4728	-103.5585
8858848	Loma Alta Taxhimay	Loma Alta Taxhimay	MX	1772	19.8422	-99.4081
8858849	Cuaxuxpa	Cuaxuxpa	MX	1772	18.4621	-97.0356
3701103	Santo Domingo	Santo Domingo	PA	1772	7.7486	-80.2414
3817622	San Antonio Tlaltecahuacán	San Antonio Tlaltecahuacan	MX	1771	19.1579	-98.7690
3821679	Coacoyulillo	Coacoyulillo	MX	1771	17.3347	-99.6486
3826973	Mina Vieja	Mina Vieja	MX	1771	19.5525	-99.9439
3973880	Monte Obscuro	Monte Obscuro	MX	1771	22.2197	-101.0288
3997113	Los Taxtes	Los Taxtes	MX	1771	25.9159	-108.9353
4000567	Purísima	Purisima	MX	1771	25.6793	-103.3206
3518368	Sindihui	Sindihui	MX	1770	17.0046	-97.3507
3526596	Jaltepec de Candoyoc	Jaltepec de Candoyoc	MX	1770	17.3545	-95.4142
3984416	Santa Elena	Santa Elena	MX	1770	22.5923	-102.0710
4019828	Acalpican de Morelos	Acalpican de Morelos	MX	1770	18.0194	-102.3401
8858850	Atenxoxola	Atenxoxola	MX	1770	17.4882	-99.1428
8858851	San Pedro Arriba 3ra. Sección	San Pedro Arriba 3ra. Seccion	MX	1770	19.5008	-99.5572
3583111	Sociedad	Sociedad	SV	1770	13.7000	-88.0167
8858852	Colonia 28 de Mayo (Santa Rosa)	Colonia 28 de Mayo (Santa Rosa)	MX	1769	20.1661	-98.3900
8858853	Fraccionamiento y Club de Golf los Encinos	Fraccionamiento y Club de Golf los Encinos	MX	1769	19.2892	-99.4800
3581922	Hopkins	Hopkins	BZ	1767	16.8631	-88.2844
3516947	Santiago Jocotepec	Santiago Jocotepec	MX	1767	16.1284	-97.4376
8858854	Guadalupe Victoria	Guadalupe Victoria	MX	1767	16.4050	-92.5525
4026814	Santiago Huitlapaltepec	Santiago Huitlapaltepec	MX	1766	19.2868	-100.2065
3521300	Pololcingo	Pololcingo	MX	1765	18.2807	-99.3926
3993130	Pedriceña	Pedricena	MX	1765	25.1163	-103.7885
3525200	La Pesca	La Pesca	MX	1764	23.7866	-97.7771
3526961	Huehuetla	Huehuetla	MX	1764	20.1058	-97.6252
3994339	Ojo de Agua de Ballesteros	Ojo de Agua de Ballesteros	MX	1764	20.2283	-100.8256
3814411	Santa Bárbara	Santa Barbara	MX	1763	19.6667	-98.5690
4026733	Las Rosas	Las Rosas	MX	1763	19.5463	-100.1599
8858855	El Limón	El Limon	MX	1763	16.9956	-99.3775
3819054	Texcalapa de Juárez	Texcalapa de Juarez	MX	1762	18.0649	-97.9888
8858856	Mezapa la Fábrica	Mezapa la Fabrica	MX	1762	19.1756	-99.4453
8858857	San Jerónimo Yahuiche	San Jeronimo Yahuiche	MX	1762	17.1086	-96.7697
3827077	Chosto de los Jarros	Chosto de los Jarros	MX	1761	19.8633	-99.9100
8858858	Buenos Aires	Buenos Aires	MX	1761	32.4228	-116.9411
8858859	Colonia Antorcha Campesina (Santa Rosa)	Colonia Antorcha Campesina (Santa Rosa)	MX	1761	19.6800	-100.5261
3519912	San Andrés Tepetitlán	San Andres Tepetitlan	MX	1760	18.8983	-99.9197
3615358	Agualote	Agualote	HN	1759	15.3362	-88.5531
3814415	Irolo	Irolo	MX	1759	19.7352	-98.5978
8858860	Manzana Sexta Parte Centro	Manzana Sexta Parte Centro	MX	1759	19.5275	-99.6053
4026634	Santa María Canchesdá	Santa Maria Canchesda	MX	1758	19.8552	-100.0559
8858861	El Pozo	El Pozo	MX	1758	16.9203	-92.4117
8858862	San Isidro Alta Huerta	San Isidro Alta Huerta	MX	1758	19.7247	-100.6389
3818840	Guadalupe Enríquez	Guadalupe Enriquez	MX	1757	18.8937	-97.5876
8858863	Colonia San Francisco de Asís	Colonia San Francisco de Asis	MX	1757	19.5786	-99.7544
8858864	Fraccionamiento la Florida	Fraccionamiento la Florida	MX	1757	20.5867	-97.4283
3705691	Llano Marín	Llano Marin	PA	1757	8.4885	-80.3293
3521580	Pich	Pich	MX	1756	19.4864	-90.1177
3525540	La Laguna	La Laguna	MX	1756	19.7337	-98.4999
3818615	Tlaltepango	Tlaltepango	MX	1756	20.1453	-97.8772
3818776	Nuevo México	Nuevo Mexico	MX	1756	19.4549	-97.6176
8858865	Cruztón	Cruzton	MX	1756	16.7617	-92.5792
8858866	La Cruz	La Cruz	MX	1756	20.4569	-100.7958
8858867	Artemio Treviño	Artemio Trevino	MX	1756	25.8353	-100.1428
3521502	Piedra Pinta	Piedra Pinta	MX	1755	19.9940	-97.1908
3824616	María de la Torre	Maria de la Torre	MX	1755	20.1291	-96.9952
3983092	Sicuicho	Sicuicho	MX	1755	19.6619	-102.3334
8858868	La Pimienta	La Pimienta	MX	1755	17.1411	-92.7622
8858869	Geovillas Laureles del Campanario	Geovillas Laureles del Campanario	MX	1755	21.3306	-101.9236
8858870	Guadalupe Totoltepec	Guadalupe Totoltepec	MX	1755	19.3483	-99.5642
5298978	Huachuca City	Huachuca City	US	1755	31.6279	-110.3340
3517783	Santa Adelaida	Santa Adelaida	MX	1754	25.8530	-97.6596
4671174	Archer City	Archer City	US	1754	33.5957	-98.6256
3526955	Huejonapan	Huejonapan	MX	1753	18.4697	-97.9215
3715156	Achutupo	Achutupo	PA	1753	9.1983	-77.9873
3526013	La Sidra	La Sidra	MX	1752	18.9337	-97.0797
3813966	Patria Nueva	Patria Nueva	MX	1752	20.3703	-99.0533
3995134	Namiquipa	Namiquipa	MX	1752	29.2506	-107.4128
4029623	Charco Blanco	Charco Blanco	MX	1752	20.4341	-100.4718
8858871	Plan de Agua Prieta	Plan de Agua Prieta	MX	1752	16.1311	-92.7914
3516053	Temapache	Temapache	MX	1751	21.0654	-97.6416
4024047	El Sauz (El Sauz de Villaseñor)	El Sauz (El Sauz de Villasenor)	MX	1751	20.4106	-100.7967
8858872	José María Morelos (La Yegüería)	Jose Maria Morelos (La Yegueeria)	MX	1751	19.8639	-100.8792
3518399	San Mateo	San Mateo	MX	1750	19.2795	-100.0151
8858873	Ejido Cajón Ojo de Agua Número Dos	Ejido Cajon Ojo de Agua Numero Dos	MX	1750	22.9000	-105.9714
8858874	Huapacal 2da. Sección (Punta Brava)	Huapacal 2da. Seccion (Punta Brava)	MX	1750	18.1972	-93.1719
5521724	Fort Hancock	Fort Hancock	US	1750	31.2985	-105.8452
8858875	Los Parques	Los Parques	MX	1749	25.7907	-100.4699
3514065	Zapotitlán	Zapotitlan	MX	1747	20.0021	-97.7138
3815368	Concepción Chimalpa	Concepcion Chimalpa	MX	1747	19.2164	-98.1981
3533413	San Lorenzo Achiotepec	San Lorenzo Achiotepec	MX	1746	20.5979	-98.0688
3977695	Ocho de Enero	Ocho de Enero	MX	1746	26.9975	-101.4958
3998844	La Ventilla	La Ventilla	MX	1746	21.7739	-101.0303
4013537	Cofradía de Suchitlán	Cofradia de Suchitlan	MX	1746	19.4101	-103.7022
3518517	San Lucas Quiaviní	San Lucas Quiavini	MX	1745	16.8952	-96.4686
3521928	Papaloctipan	Papaloctipan	MX	1745	20.4243	-97.9553
3972194	Estancia de Guadalupe	Estancia de Guadalupe	MX	1744	22.2821	-101.6582
4009791	El Fuerte	El Fuerte	MX	1744	21.7129	-100.6645
4016136	Caleras	Caleras	MX	1744	18.9959	-103.8785
5309291	Pirtleville	Pirtleville	US	1744	31.3572	-109.5635
3816197	La Floresta	La Floresta	MX	1743	16.5092	-92.3125
3816987	Texcaltic	Texcaltic	MX	1743	14.7955	-92.1874
4008255	El Puesto	El Puesto	MX	1743	21.6239	-101.9648
4016200	Calamanda	Calamanda	MX	1743	20.5468	-100.1859
3996017	San Francisco del Mezquital	San Francisco del Mezquital	MX	1742	23.4733	-104.3959
4026559	Otzoloapan	Otzoloapan	MX	1742	19.1173	-100.2968
3612640	El Bálsamo	El Balsamo	HN	1741	15.0667	-87.4667
4019764	Aconchi	Aconchi	MX	1741	29.8262	-110.2248
4026673	San Miguel del Centro	San Miguel del Centro	MX	1741	19.7207	-100.1088
3816528	Los Riegos	Los Riegos	MX	1740	16.3046	-92.1243
4018373	Aquila	Aquila	MX	1740	18.5993	-103.5037
3517071	Santa Rosa	Santa Rosa	MX	1739	19.4706	-96.4654
5394279	Seeley	Seeley	US	1739	32.7931	-115.6911
3518234	San Miguel Tetepelcingo	San Miguel Tetepelcingo	MX	1738	16.3979	-97.9013
4018391	Apo	Apo	MX	1738	19.4264	-102.4102
8858876	Sitalá	Sitala	MX	1738	17.0242	-92.3069
3602602	Salamá	Salama	HN	1737	15.7500	-85.9667
3517936	Teposcolula	Teposcolula	MX	1737	17.5113	-97.4879
3524234	Santa Rosa Loma Larga	Santa Rosa Loma Larga	MX	1737	18.2296	-95.0880
3827138	San Bartolo Morelos	San Bartolo Morelos	MX	1737	19.7864	-99.6688
3973211	José María Morelos y Pavón	Jose Maria Morelos y Pavon	MX	1737	23.8614	-103.1398
4019038	Ajuno	Ajuno	MX	1737	19.5126	-101.7223
8858877	Atlamajac	Atlamajac	MX	1737	17.5553	-98.5472
4707868	Lorena	Lorena	US	1737	31.3866	-97.2156
3515212	San José Toxi	San Jose Toxi	MX	1735	19.8680	-99.9374
3517801	San Sebastián Teitipac	San Sebastian Teitipac	MX	1735	16.9509	-96.6145
3529090	Corralero	Corralero	MX	1735	16.2379	-98.1887
3824344	San Francisco	San Francisco	MX	1735	21.2873	-97.9531
4025638	Purechucho	Purechucho	MX	1735	18.5820	-100.8884
8858878	San Antonio Texas	San Antonio Texas	MX	1735	20.9856	-101.4900
8858879	Capitán Felipe Castellanos Díaz (San Pedro)	Capitan Felipe Castellanos Diaz (San Pedro)	MX	1735	17.7731	-91.1475
3681731	Guadalupe	Guadalupe	CO	1734	6.8145	-75.2406
3521566	Zamora Pico de Oro	Zamora Pico de Oro	MX	1734	16.3320	-90.7656
3825067	Juan Jacobo Torres [Bodega de Totontepec]	Juan Jacobo Torres [Bodega de Totontepec]	MX	1734	18.3364	-95.2603
3516955	Santiago del Monte	Santiago del Monte	MX	1733	19.4014	-99.9419
3517664	Santa Catarina Minas	Santa Catarina Minas	MX	1733	16.7792	-96.6151
3817934	Bobashi de Guadalupe	Bobashi de Guadalupe	MX	1733	19.8758	-99.9117
4008244	El Quelite	El Quelite	MX	1733	23.5586	-106.4681
5525775	Marfa	Marfa	US	1733	30.3097	-104.0213
3517929	San Quintín	San Quintin	MX	1732	16.4067	-91.3457
3522368	Olcuatitán	Olcuatitan	MX	1732	18.1903	-92.9613
8858880	Cuautotolapan (San José)	Cuautotolapan (San Jose)	MX	1732	18.4330	-97.1209
3983327	Ejido el Saucillo	Ejido el Saucillo	MX	1731	21.8367	-100.9949
8858881	La Fundición (Quinta Manzana)	La Fundicion (Quinta Manzana)	MX	1731	19.4553	-100.3036
3515582	San Martín Tilcajete	San Martin Tilcajete	MX	1730	16.8599	-96.6955
3518388	San Mateo Almomoloha	San Mateo Almomoloha	MX	1729	19.1459	-99.9348
3816650	Roblada Grande	Roblada Grande	MX	1729	16.4891	-93.1950
3996168	Mesa del Nayar	Mesa del Nayar	MX	1729	22.2141	-104.6522
4029431	Jofrito	Jofrito	MX	1729	20.8615	-100.4188
3988028	San Agustín del Maíz	San Agustin del Maiz	MX	1728	19.8987	-101.1653
8858882	Parque de Poblamiento Solidaridad	Parque de Poblamiento Solidaridad	MX	1728	21.1519	-98.3861
3707058	La Palma	La Palma	PA	1728	8.4050	-78.1404
3514901	Otatitlán	Otatitlan	MX	1727	20.6356	-98.1398
3815816	Luis Espinoza	Luis Espinoza	MX	1727	17.1504	-93.4224
4004404	Illescas	Illescas	MX	1727	23.2407	-102.1446
8858883	Tanamacoyan	Tanamacoyan	MX	1727	19.8906	-97.4297
4728083	Shamrock	Shamrock	US	1727	32.5993	-96.8875
8695455	Trio Village	Trio Village	BZ	1726	16.5153	-88.6358
4017384	Barrio Nuevo	Barrio Nuevo	MX	1726	17.7203	-101.6358
8858884	El Encanto	El Encanto	MX	1726	14.7308	-92.4103
3520953	San Juan Volador	San Juan Volador	MX	1725	18.2634	-94.6511
3823836	San José de Tapia	San Jose de Tapia	MX	1725	18.8472	-96.9539
8858885	San José del Jagüey	San Jose del Jagueey	MX	1725	20.7372	-99.9244
4696953	Heidelberg	Heidelberg	US	1725	26.1970	-97.8803
3530720	Chumatlán	Chumatlan	MX	1724	20.2057	-97.5940
8858886	Colonia Adolfo Ruiz Cortines (Colonia Obrera)	Colonia Adolfo Ruiz Cortines (Colonia Obrera)	MX	1724	18.2569	-96.1614
10347321	Nuevo San Carlitos	Nuevo San Carlitos	PA	1724	8.4615	-82.4418
3531484	El Carrizo	El Carrizo	MX	1723	16.2541	-98.0310
3817477	Acuitlapilco	Acuitlapilco	MX	1723	18.9087	-99.7846
3984441	Santa Cruz de la Soledad	Santa Cruz de la Soledad	MX	1723	20.3175	-103.1587
4024558	Mezquite Gordo	Mezquite Gordo	MX	1723	20.8159	-101.4917
3615090	Arenal	Arenal	HN	1722	15.3500	-86.8333
3516065	Telchac Puerto	Telchac Puerto	MX	1722	21.3409	-89.2645
3823442	Colonia Úrsulo Galván	Colonia Ursulo Galvan	MX	1722	19.4289	-96.9783
3813981	Dengantzha	Dengantzha	MX	1721	20.2726	-99.1223
4005218	Guasavito	Guasavito	MX	1721	25.5526	-108.4351
4023639	Santa Catarina	Santa Catarina	MX	1721	21.5434	-101.0669
3513988	Zoquiapan	Zoquiapan	MX	1720	19.3177	-98.8497
4002965	Ciénega de Nuestra Señora de Guadalupe	Cienega de Nuestra Senora de Guadalupe	MX	1720	25.0626	-106.3293
4024303	El Copalillo	El Copalillo	MX	1720	20.7283	-101.3454
11097880	San Sebastián Alcomunga	San Sebastian Alcomunga	MX	1720	18.4370	-97.0268
3984207	José Guadalupe Aguilera (Santa Lucía)	Jose Guadalupe Aguilera (Santa Lucia)	MX	1719	24.4542	-104.7089
3515655	Tierra Blanca	Tierra Blanca	MX	1718	21.1597	-97.9196
3814129	La Cruz	La Cruz	MX	1718	20.1757	-99.2417
3816872	Las Brisas	Las Brisas	MX	1718	15.5168	-93.1176
3817587	Colonia Cuauhtémoc	Colonia Cuauhtemoc	MX	1718	19.2512	-99.7972
4018238	Arizpe	Arizpe	MX	1718	30.3370	-110.1663
8858887	Colonia Guadalupe Victoria	Colonia Guadalupe Victoria	MX	1718	19.4992	-98.9192
8858888	Barrio Bordo Nuevo	Barrio Bordo Nuevo	MX	1718	19.3792	-99.6733
3522091	Palmillas	Palmillas	MX	1717	19.3469	-99.6832
3530016	Cuatolol	Cuatolol	MX	1717	21.1203	-98.8256
3800275	El Bajío	El Bajio	MX	1717	16.8892	-95.0353
3986638	San Jacinto	San Jacinto	MX	1717	20.3974	-103.0579
8858889	Shoctic	Shoctic	MX	1717	17.2236	-92.4881
8858890	San Pedro Tulixtlahuaca	San Pedro Tulixtlahuaca	MX	1717	16.5397	-98.0347
4724530	Sabinal	Sabinal	US	1717	29.3175	-99.4664
3526857	Huixtán	Huixtan	MX	1716	16.7107	-92.4540
4006399	Estrada	Estrada	MX	1715	20.5295	-100.8656
8858891	Santana 2da. Sección B (La Palma)	Santana 2da. Seccion B (La Palma)	MX	1715	18.1750	-93.4318
8858892	El Refugio	El Refugio	MX	1715	22.3703	-101.7608
4002574	La Encarnación	La Encarnacion	MX	1714	19.4119	-100.3919
8858893	Zacapalco	Zacapalco	MX	1714	18.6392	-98.9594
3597802	Cuilco	Cuilco	GT	1713	15.4072	-91.9467
3822667	Becanchén	Becanchen	MX	1713	19.8745	-89.2173
3979853	Yustis	Yustis	MX	1713	20.5820	-100.8644
8858894	Zapotitlán Tablas	Zapotitlan Tablas	MX	1713	17.4242	-98.7806
3985888	San Juan de Guadalupe	San Juan de Guadalupe	MX	1712	24.6322	-102.7813
3995919	Milpas Viejas	Milpas Viejas	MX	1712	22.3654	-105.4752
8858895	Sebastián Lerdo de Tejada	Sebastian Lerdo de Tejada	MX	1712	23.9544	-104.6364
8858896	La Cuchilla (Extramuros de Tesistán)	La Cuchilla (Extramuros de Tesistan)	MX	1712	20.7800	-103.4622
8858897	Colonia Agrícola Analco	Colonia Agricola Analco	MX	1712	19.3497	-99.4750
8858898	Rancho Chico	Rancho Chico	MX	1712	18.7467	-97.6650
3602474	San Antonio	San Antonio	HN	1711	15.3333	-87.1500
3515720	Texcatepec	Texcatepec	MX	1711	20.2749	-99.2554
3532423	Nuevo Balsas	Nuevo Balsas	MX	1711	18.0325	-99.7591
4018018	Atonalisco	Atonalisco	MX	1711	21.6653	-104.8394
8858899	Buenos Aires	Buenos Aires	MX	1711	20.1533	-97.7483
3996446	Matachí	Matachi	MX	1710	28.8434	-107.7551
3818875	Concepción Cuautla	Concepcion Cuautla	MX	1709	18.8672	-97.9848
8858900	Paso Blanco	Paso Blanco	MX	1709	21.9736	-102.3169
8858901	Crescencio Morales (San Mateo)	Crescencio Morales (San Mateo)	MX	1709	19.4911	-100.2431
8858902	Campo la Arrocera	Campo la Arrocera	MX	1709	25.8450	-108.9183
8858903	Pueblo Nuevo	Pueblo Nuevo	MX	1709	23.9911	-106.9564
3518410	San Pedro la Joya	San Pedro la Joya	MX	1708	19.0653	-97.8381
3523039	Monte Blanco	Monte Blanco	MX	1708	19.3766	-96.9295
8858904	San Andrés Ocotepec	San Andres Ocotepec	MX	1708	18.9036	-100.0467
3519608	San Bernardo Mixtepec	San Bernardo Mixtepec	MX	1707	16.8250	-96.8990
3526792	Iliatenco	Iliatenco	MX	1707	17.0454	-98.6861
3533431	Acaxtlahuacán de Albino Zertuche	Acaxtlahuacan de Albino Zertuche	MX	1707	18.0171	-98.5402
3483569	San Francisco Cuayalab	San Francisco Cuayalab	MX	1706	21.7326	-98.7175
8858905	San José la Hacienda	San Jose la Hacienda	MX	1706	16.9794	-99.0667
8858906	Los Reyes Tlanechicolpan	Los Reyes Tlanechicolpan	MX	1706	19.0325	-98.3525
3700871	Sortová	Sortova	PA	1706	8.5511	-82.6509
4016864	Boquilla de las Perlas	Boquilla de las Perlas	MX	1705	25.3281	-103.2893
8650449	La Nueva Victoria	La Nueva Victoria	MX	1705	18.6564	-95.2581
8858907	Rancho Bellavista [Fraccionamiento]	Rancho Bellavista [Fraccionamiento]	MX	1705	20.6067	-100.4497
3818822	Alhuaca	Alhuaca	MX	1704	18.5679	-97.1659
3980752	Uzeta	Uzeta	MX	1704	21.1145	-104.6014
4007790	El Rosario de Arriba	El Rosario de Arriba	MX	1704	30.0603	-115.7235
4016854	Boquillas	Boquillas	MX	1704	20.4170	-101.4328
4721416	Rancho Alegre	Rancho Alegre	US	1704	27.7417	-98.0947
3611128	El Obraje	El Obraje	HN	1703	14.0000	-86.4333
3514997	Tuzamapan	Tuzamapan	MX	1702	20.0657	-97.5752
3517242	Santa María la Asunción	Santa Maria la Asuncion	MX	1701	18.1072	-96.8192
3518623	San Juan Solís	San Juan Solis	MX	1701	20.1574	-98.9312
3526480	Joaquín Miguel Gutiérrez	Joaquin Miguel Gutierrez	MX	1701	15.8142	-91.9485
4024148	La Norita	La Norita	MX	1701	20.5544	-100.5168
8858908	El Cerrito	El Cerrito	MX	1701	19.3553	-99.3483
3825868	Santa Rosa de Lima	Santa Rosa de Lima	MX	1700	20.6655	-99.9784
3827009	Santa María Endare	Santa Maria Endare	MX	1700	19.7256	-99.8158
8858909	Apatauyan	Apatauyan	MX	1700	19.7991	-97.4444
3699980	Yaviza	Yaviza	PA	1700	8.1584	-77.6928
3516429	Tahdzibichen	Tahdzibichen	MX	1699	20.4492	-88.8307
8858910	Solalpan 1ra. Sección	Solalpan 1ra. Seccion	MX	1699	19.4928	-99.5744
9511458	San Nicolás Temascatío	San Nicolas Temascatio	MX	1699	20.7250	-101.2489
5312572	Saint David	Saint David	US	1699	31.9043	-110.2142
5486551	Radium Springs	Radium Springs	US	1699	32.5012	-106.9281
3599094	Canillá	Canilla	GT	1698	15.1655	-90.8526
8858911	San José Neria	San Jose Neria	MX	1698	18.9933	-96.9992
4692997	Garfield	Garfield	US	1698	30.1874	-97.5578
3604320	Ocote Paulino	Ocote Paulino	HN	1697	15.4167	-87.6000
3519340	San Francisco	San Francisco	MX	1697	20.4737	-99.7358
3991483	Puerta de Mangos	Puerta de Mangos	MX	1697	21.7184	-105.3358
4006819	Emiliano Zapata	Emiliano Zapata	MX	1697	21.3646	-104.9137
4021094	Malpaso	Malpaso	MX	1697	21.8596	-102.6643
5474895	La Luz	La Luz	US	1697	32.9779	-105.9419
3821783	Las Cruces	Las Cruces	MX	1696	16.9730	-99.4451
3482919	López Rayón	Lopez Rayon	MX	1695	22.4975	-98.4600
3515355	Tlaxco (Santiago Tlaxco)	Tlaxco (Santiago Tlaxco)	MX	1695	20.0579	-97.9625
3531628	Cantamayec	Cantamayec	MX	1695	20.4701	-89.0814
4004685	Huanusco	Huanusco	MX	1695	21.7723	-102.9722
8858912	Paintla	Paintla	MX	1695	18.5033	-99.6553
4703965	La Grulla	La Grulla	US	1695	26.2695	-98.6472
3814117	Nantzha	Nantzha	MX	1694	20.0532	-99.3688
3821967	Cruz Quemada	Cruz Quemada	MX	1694	16.9972	-99.1796
4018644	Albia	Albia	MX	1694	25.6657	-103.3625
4025059	Santa María de los Ángeles	Santa Maria de los Angeles	MX	1694	19.7863	-100.1994
3532511	Ayotzinapa	Ayotzinapa	MX	1693	17.5569	-98.7628
4010681	El Carmen	El Carmen	MX	1693	20.6401	-101.3726
8858913	Colonia Ignacio Allende	Colonia Ignacio Allende	MX	1693	19.3567	-97.7839
3530990	Chicbul	Chicbul	MX	1692	18.7755	-90.9235
3620603	Buenos Aires	Buenos Aires	NI	1692	11.4692	-85.8166
3591841	Palestina de los Altos	Palestina de los Altos	GT	1691	14.9334	-91.6940
3514625	Viva México	Viva Mexico	MX	1691	14.9101	-92.3261
3519456	Necoxcalco	Necoxcalco	MX	1691	18.4609	-97.2983
3522789	Naupan	Naupan	MX	1691	20.2313	-98.1088
3824527	Acontitla	Acontitla	MX	1691	20.6822	-97.3851
4009645	El Habillal	El Habillal	MX	1691	18.0073	-102.3715
3592035	Olopa	Olopa	GT	1690	14.6923	-89.3500
3598041	Colotenango	Colotenango	GT	1690	15.4060	-91.7127
4016358	Cacalotán	Cacalotan	MX	1690	23.0677	-105.8418
3522101	Calichar Palma Sola	Calichar Palma Sola	MX	1689	20.4415	-97.5510
3802125	Tecoluta 2da. Sección	Tecoluta 2da. Seccion	MX	1689	18.2441	-93.0196
3816745	Ignacio Ramírez	Ignacio Ramirez	MX	1689	16.1109	-93.8732
8858914	Santa Catarina Roatina	Santa Catarina Roatina	MX	1689	16.2792	-96.5178
3519057	San Jerónimo Taviche	San Jeronimo Taviche	MX	1688	16.7138	-96.5937
4029549	El Gallo	El Gallo	MX	1688	20.6701	-100.0457
8858915	San Bernabé de las Canteras	San Bernabe de las Canteras	MX	1688	19.7664	-101.1633
4689077	Elmendorf	Elmendorf	US	1688	29.2561	-98.3328
3601518	Santa Rita	Santa Rita	HN	1687	14.9167	-88.2167
3517273	Santa María Chilapa de Díaz	Santa Maria Chilapa de Diaz	MX	1687	17.5167	-97.6833
3527366	Guadalupe	Guadalupe	MX	1687	14.9803	-92.3394
8858916	Villa de las Flores	Villa de las Flores	MX	1687	20.5764	-97.4336
4682536	Collinsville	Collinsville	US	1687	33.5615	-96.9111
3517173	Santa María Zoquitlán	Santa Maria Zoquitlan	MX	1686	16.5586	-96.3536
4025582	Macho de Agua	Macho de Agua	MX	1686	19.4423	-100.2410
3515465	Tlacuilotepec	Tlacuilotepec	MX	1685	20.3257	-98.0687
3982208	Tecomates	Tecomates	MX	1685	19.5501	-104.4851
8858917	Villas del Campo	Villas del Campo	MX	1685	19.1803	-99.6122
8858918	El Llano Santa María	El Llano Santa Maria	MX	1685	19.7839	-99.0864
3605436	Los Naranjos	Los Naranjos	HN	1684	14.9440	-88.0365
3515188	Totontepec Villa de Morelos	Totontepec Villa de Morelos	MX	1684	17.2568	-96.0276
3522518	Nuevo San Juan Chamula	Nuevo San Juan Chamula	MX	1684	16.1443	-91.4438
3823875	San José Súchil	San Jose Suchil	MX	1684	18.8878	-97.2372
3972001	Santa María de la Paz	Santa Maria de la Paz	MX	1684	21.5123	-103.4075
8858919	Centro de Readaptación Social	Centro de Readaptacion Social	MX	1684	18.1367	-94.5186
3529054	El Cocuite	El Cocuite	MX	1683	18.7181	-96.0871
4002817	La Concepción	La Concepcion	MX	1683	20.3512	-102.3302
8858920	Tepetates	Tepetates	MX	1683	21.9567	-102.3217
4006830	San Miguel Eménguaro	San Miguel Emenguaro	MX	1682	20.1644	-100.8864
8858921	El Jazmín	El Jazmin	MX	1682	20.3444	-100.0467
3524557	La Tinaja	La Tinaja	MX	1681	18.7604	-96.4635
4011565	Ejido Jiquilpan	Ejido Jiquilpan	MX	1681	32.5007	-115.0641
3518292	San Miguel Aloápam	San Miguel Aloapam	MX	1680	17.4127	-96.6923
3817447	La Finca	La Finca	MX	1680	18.8905	-99.6403
4672514	Bartonville	Bartonville	US	1680	33.0732	-97.1317
3985128	San Pedro Guasave	San Pedro Guasave	MX	1679	25.5373	-108.4561
3701174	Santa María	Santa Maria	PA	1679	8.1140	-80.6646
8858922	La Cabecera Concepción	La Cabecera Concepcion	MX	1678	19.7036	-99.9411
3816731	Villamorelos	Villamorelos	MX	1677	16.4800	-93.9278
3823475	Xocotepéc	Xocotepec	MX	1677	19.3676	-97.1709
3824539	La Victoria (La Peñita)	La Victoria (La Penita)	MX	1677	20.9369	-97.3725
3802817	El Congo	El Congo	MX	1676	17.8257	-92.4389
3982765	Suchitlán	Suchitlan	MX	1676	20.5326	-101.0229
3996117	Mesillas	Mesillas	MX	1676	23.2464	-106.0482
4012611	Coyotitán	Coyotitan	MX	1676	23.7943	-106.6015
8858923	Loma de San Miguel	Loma de San Miguel	MX	1676	19.3419	-99.7917
8858924	Zona Urbana Ejidal	Zona Urbana Ejidal	MX	1676	18.5325	-96.5892
3815942	Ignacio Zaragoza (El Morro)	Ignacio Zaragoza (El Morro)	MX	1675	16.5994	-93.3508
4026738	La Mesa	La Mesa	MX	1675	19.5875	-100.1737
4026779	Vare Chiquichuca	Vare Chiquichuca	MX	1675	19.3554	-100.1949
11179947	San Isidro de los Sauces	San Isidro de los Sauces	MX	1675	21.0207	-101.5366
3531470	Casahuatlán	Casahuatlan	MX	1674	18.5731	-99.3896
3801837	San Pedro Mártir	San Pedro Martir	MX	1674	16.7436	-96.7106
3815233	Nicolás Bravo	Nicolas Bravo	MX	1674	19.4221	-97.9676
3821940	San Francisco	San Francisco	MX	1674	17.0058	-99.2831
3518241	Villa Talea de Castro	Villa Talea de Castro	MX	1673	17.3599	-96.2497
3523288	Mezquititlán	Mezquititlan	MX	1673	20.5328	-98.6382
3816504	Francisco Sarabia	Francisco Sarabia	MX	1673	16.1588	-92.1047
3824632	Carrillo Puerto	Carrillo Puerto	MX	1673	20.4186	-97.1787
3983483	San Vicente	San Vicente	MX	1673	20.8281	-101.3416
4023520	La Ciénega	La Cienega	MX	1673	21.3010	-100.4795
8858925	Sebastián Lerdo de Tejada	Sebastian Lerdo de Tejada	MX	1673	19.3897	-99.7253
3532300	Bella Vista	Bella Vista	MX	1672	15.5833	-92.2462
4002733	La Cruz	La Cruz	MX	1672	26.9929	-101.4970
4015411	Carichí	Carichi	MX	1672	27.9168	-107.0564
8858926	El Porvenir (El Porvenir de Arriba)	El Porvenir (El Porvenir de Arriba)	MX	1672	25.7744	-103.3253
8858927	San José Atoyatenco	San Jose Atoyatenco	MX	1672	19.2508	-98.3553
3612160	El Chichicaste	El Chichicaste	HN	1671	14.0667	-86.3000
3524373	Libre Unión	Libre Union	MX	1671	20.7073	-88.8088
4002731	La Cruz	La Cruz	MX	1671	27.8634	-105.1971
8858928	Chula Vista	Chula Vista	MX	1671	27.0408	-103.3661
3516262	San José del Tapanco	San Jose del Tapanco	MX	1670	21.7710	-99.9085
3524129	Los Cerritos	Los Cerritos	MX	1670	18.0789	-94.6158
3814221	Carboneras	Carboneras	MX	1670	20.0900	-98.7053
4013030	Estación Conchos	Estacion Conchos	MX	1670	27.9761	-105.2887
4021322	Peñuelas (El Cienegal)	Penuelas (El Cienegal)	MX	1670	21.7225	-102.2758
3827318	Santa Lucía	Santa Lucia	MX	1669	19.0275	-99.3868
3986977	San Francisco Javier	San Francisco Javier	MX	1669	23.7261	-104.0343
4011774	Dos de Abril	Dos de Abril	MX	1669	25.9116	-108.9402
8858929	Galaxias Toluca	Galaxias Toluca	MX	1669	19.3981	-99.6500
3618618	La Cruz de Río Grande	La Cruz de Rio Grande	NI	1669	13.1129	-84.1859
4703759	Krugerville	Krugerville	US	1669	33.2815	-96.9906
3607930	La Estancia	La Estancia	HN	1668	15.2833	-87.5500
3518646	San Juan Juquila Mixes	San Juan Juquila Mixes	MX	1668	16.9358	-95.9182
3532232	Blanca Espuma	Blanca Espuma	MX	1668	19.5808	-96.6884
3992260	Santiago de Pochotitán	Santiago de Pochotitan	MX	1668	21.5831	-104.6987
3972123	San José de Castellanos	San Jose de Castellanos	MX	1667	22.1098	-101.5529
8858930	Monclova Primer Sector	Monclova Primer Sector	MX	1667	25.8147	-100.4031
3522435	Ohuapan	Ohuapan	MX	1666	19.2522	-96.9867
8858931	San Antonio Coyahuacán	San Antonio Coyahuacan	MX	1666	17.8619	-98.6800
3516200	Tecajec	Tecajec	MX	1665	18.7981	-98.8150
3532444	Bajucu	Bajucu	MX	1665	16.4752	-92.0647
3985870	San Juan de los Arcos	San Juan de los Arcos	MX	1665	20.6048	-103.7192
4029467	La Noria	La Noria	MX	1665	20.5124	-100.3460
3816080	Yaltem	Yaltem	MX	1664	16.8440	-92.7906
3816675	Joaquín Miguel Gutiérrez	Joaquin Miguel Gutierrez	MX	1663	16.3700	-93.3656
3998874	La Vega	La Vega	MX	1663	20.5835	-103.8590
4029615	El Milagro	El Milagro	MX	1663	20.4739	-100.3493
8858932	Tikinmul	Tikinmul	MX	1663	19.7661	-90.2231
3522260	Oviedo	Oviedo	MX	1662	22.0450	-98.4009
3981172	San Martín Totolán	San Martin Totolan	MX	1662	19.9858	-102.6805
3994802	Noria de Ángeles	Noria de Angeles	MX	1662	22.4431	-101.9089
4003934	Jiménez del Teul	Jimenez del Teul	MX	1662	23.2542	-103.7986
9075944	San Jacinto	San Jacinto	MX	1661	25.4802	-103.7375
3515669	Ticopó	Ticopo	MX	1660	20.8893	-89.4399
8858934	Aguas Calientes	Aguas Calientes	MX	1660	16.8425	-99.6406
3515471	Tlacotepec	Tlacotepec	MX	1659	18.4039	-96.8508
4029430	La Luz	La Luz	MX	1659	20.8680	-100.4387
3590419	San Antonio Sacatepéquez	San Antonio Sacatepequez	GT	1658	14.9606	-91.7315
3987655	San Antonio de los Vázquez	San Antonio de los Vazquez	MX	1658	20.8165	-103.1459
4017406	Barretos	Barretos	MX	1658	20.9392	-101.6423
3713873	Boquerón	Boqueron	PA	1658	8.5077	-82.5707
3588760	Sibinal	Sibinal	GT	1657	15.1496	-92.0489
3986998	San Francisco de Horizonte (Horizonte)	San Francisco de Horizonte (Horizonte)	MX	1657	25.9369	-103.4169
4028786	Colonia Emiliano Zapata	Colonia Emiliano Zapata	MX	1657	21.8286	-105.2197
3827221	Pothé	Pothe	MX	1656	19.4742	-99.6031
3996349	Ejido Mayocoba	Ejido Mayocoba	MX	1656	25.9387	-109.2224
3713381	Calzada Larga	Calzada Larga	PA	1656	9.1745	-79.5626
3604189	Orocuina	Orocuina	HN	1655	13.4817	-87.1050
3527621	Flor de Cacao	Flor de Cacao	MX	1655	16.1289	-90.4511
3814220	Nuevo Centro de Población Agrícola el Chacón	Nuevo Centro de Poblacion Agricola el Chacon	MX	1655	20.0703	-98.7394
3997104	Los Tepames	Los Tepames	MX	1655	19.0939	-103.6225
5517550	Brackettville	Brackettville	US	1655	29.3105	-100.4179
4011476	Ejido Plan de Ayala	Ejido Plan de Ayala	MX	1654	32.2202	-115.0316
3816036	Salvador Urbina	Salvador Urbina	MX	1653	16.6354	-93.0025
8858936	Pénjamo	Penjamo	MX	1653	18.4344	-93.0931
3711618	Dolega District	Dolega District	PA	1653	8.5667	-82.4141
3516944	Santiago Lachiguiri	Santiago Lachiguiri	MX	1652	16.6864	-95.5322
3976469	Tanques	Tanques	MX	1652	24.0621	-107.0147
3714956	Ailigandí	Ailigandi	PA	1652	9.2281	-78.0278
3813984	Santa Ana Batha	Santa Ana Batha	MX	1651	20.3795	-99.1909
3822003	Jalapa	Jalapa	MX	1651	16.7123	-99.0556
3825915	Villa Guerrero	Villa Guerrero	MX	1651	20.6970	-99.7608
8858937	San Martín Ahuatepec	San Martin Ahuatepec	MX	1651	19.6814	-98.7281
8858938	Héroes de Chapultepec (Rodeo de San Antonio)	Heroes de Chapultepec (Rodeo de San Antonio)	MX	1651	20.3111	-101.5025
5497914	White Sands	White Sands	US	1651	32.3809	-106.4794
3531780	Caltimacán	Caltimacan	MX	1650	20.5371	-99.3692
4013850	Cieneguillas	Cieneguillas	MX	1650	22.7606	-102.6629
3581367	Ranchito	Ranchito	BZ	1649	18.3775	-88.4103
3622765	Nandayure	Nandayure	CR	1649	10.0333	-85.2000
3520331	Ricardo Flores Magón	Ricardo Flores Magon	MX	1649	22.4530	-97.9069
3526981	Huay-Pix	Huay-Pix	MX	1649	18.5166	-88.4261
3533425	Santiago Acayutlán	Santiago Acayutlan	MX	1649	20.1961	-99.2924
3533485	Acajete	Acajete	MX	1649	19.5865	-97.0100
3991553	Pueblo Viejo	Pueblo Viejo	MX	1649	25.6141	-108.4158
8675023	Xbacab	Xbacab	MX	1649	18.9414	-90.7219
8858939	Barrio San Miguel Dorami	Barrio San Miguel Dorami	MX	1649	19.4462	-99.3430
3610912	El Pedernal	El Pedernal	HN	1648	14.7000	-87.1167
3827512	Ojo de Agua	Ojo de Agua	MX	1648	19.9764	-99.4450
4004830	Higueras de Abuya	Higueras de Abuya	MX	1648	24.2603	-107.0710
3710026	El Roble	El Roble	PA	1648	8.1688	-80.6602
3713058	San Isidro	San Isidro	PA	1648	8.5337	-82.8309
3532546	Axixintla	Axixintla	MX	1647	18.6022	-99.5181
3532911	Amatitlán de Azueta	Amatitlan de Azueta	MX	1647	18.1763	-98.0764
3823474	Apantéopan	Apanteopan	MX	1647	19.3582	-97.1910
8858940	Santa Ana	Santa Ana	MX	1647	18.9875	-99.4133
3518697	San Juan de los Reyes (Luis Valenzuela)	San Juan de los Reyes (Luis Valenzuela)	MX	1646	18.5178	-95.4489
8858941	Santa Martha Hidalgo	Santa Martha Hidalgo	MX	1646	18.9850	-98.3244
3993612	Palos Blancos	Palos Blancos	MX	1644	17.5571	-101.3306
8858942	Cuonetzingo	Cuonetzingo	MX	1644	17.5272	-99.2658
3532158	Bondojito	Bondojito	MX	1643	20.4442	-99.6977
3802619	Arroyo Hondo Abejonal	Arroyo Hondo Abejonal	MX	1643	17.9773	-93.4104
3615899	LLano de La Cruz	LLano de La Cruz	NI	1643	13.1249	-86.0094
3585395	Jucuarán	Jucuaran	SV	1643	13.2539	-88.2478
4704131	La Pryor	La Pryor	US	1643	28.9411	-99.8498
3824666	Ricardo Flores Magón	Ricardo Flores Magon	MX	1642	20.1922	-97.6196
4029570	Dolores Cuadrilla de Enmedio	Dolores Cuadrilla de Enmedio	MX	1642	20.3524	-100.0791
8858943	Ladrilleras del Refugio	Ladrilleras del Refugio	MX	1642	21.0847	-101.5536
3818750	Álvaro Obregón	Alvaro Obregon	MX	1641	19.0278	-97.9022
3988943	Orranteño	Orranteno	MX	1641	28.1833	-105.3386
8858944	La Candelaria	La Candelaria	MX	1641	17.2183	-95.9331
8858945	Habanero 1ra. Sección (Venustiano Carranza)	Habanero 1ra. Seccion (Venustiano Carranza)	MX	1641	17.9678	-93.3281
3586204	El Paisnal	El Paisnal	SV	1641	13.9736	-89.2186
4727831	Serenada	Serenada	US	1641	30.6994	-97.6920
3520912	Quetzalapa	Quetzalapa	MX	1640	16.7857	-98.5028
3527129	Hidalgo	Hidalgo	MX	1640	15.1625	-92.6303
8858946	Nueva Tenochtitlán (Rizo de Oro)	Nueva Tenochtitlan (Rizo de Oro)	MX	1640	16.4764	-94.0806
3600895	Tepusteca	Tepusteca	HN	1638	15.4167	-86.3167
3527116	Hidalgo	Hidalgo	MX	1638	27.7899	-99.8770
4026704	San José del Rincón Centro	San Jose del Rincon Centro	MX	1638	19.6622	-100.1531
8858947	Buena Vista (Apasco)	Buena Vista (Apasco)	MX	1638	17.6556	-92.4439
5458319	Boles Acres	Boles Acres	US	1638	32.8070	-105.9861
5490223	Santa Clara	Santa Clara	US	1638	32.7795	-108.1503
8858948	Cañada del Tabaco	Canada del Tabaco	MX	1636	21.7097	-105.3542
8858949	San Martín Tlamapa	San Martin Tlamapa	MX	1636	18.9775	-98.3969
8858950	Fraccionamiento Santa Cruz	Fraccionamiento Santa Cruz	MX	1636	17.9719	-94.8950
3985215	San Pablo	San Pablo	MX	1635	22.5599	-102.1000
4718330	Pelican Bay	Pelican Bay	US	1635	32.9210	-97.5184
3602065	San José de Tarros	San Jose de Tarros	HN	1634	15.3000	-88.7000
3516621	Sitpach	Sitpach	MX	1634	21.0281	-89.5198
3519816	San Antonio	San Antonio	MX	1634	20.5356	-99.7186
3521075	Santa Cruz Pueblo Nuevo	Santa Cruz Pueblo Nuevo	MX	1634	19.0986	-99.6553
3817581	Santa Cruz Pueblo Nuevo (Pueblo Nuevo)	Santa Cruz Pueblo Nuevo (Pueblo Nuevo)	MX	1634	19.1000	-99.6581
3984685	Santa Ana Zirosto	Santa Ana Zirosto	MX	1634	19.5348	-102.3232
4017918	Santiago Azajo	Santiago Azajo	MX	1634	19.7076	-101.6871
3515674	Tibolón	Tibolon	MX	1633	20.6658	-88.9399
3525551	Gilberto Camacho	Gilberto Camacho	MX	1633	20.3737	-97.8855
3822617	Yaxhachen	Yaxhachen	MX	1633	20.0518	-89.5660
3825344	Helio García Alfaro	Helio Garcia Alfaro	MX	1633	17.2597	-94.2885
4024808	Los Fierros	Los Fierros	MX	1633	20.1938	-100.7597
3818841	San Bartolomé	San Bartolome	MX	1632	18.9176	-97.6191
8858951	San Antonio las Palmas	San Antonio las Palmas	MX	1632	17.6717	-96.0908
4023970	La Lobera	La Lobera	MX	1631	20.3590	-101.5406
3622466	Pejivalle	Pejivalle	CR	1630	9.8125	-83.7038
3827315	Santa Martha	Santa Martha	MX	1630	19.0598	-99.3813
4021182	General Ignacio Zaragoza	General Ignacio Zaragoza	MX	1630	21.8817	-102.4646
8858952	Gobernadores	Gobernadores	MX	1630	18.2469	-93.1853
4722533	Rhome	Rhome	US	1630	33.0535	-97.4720
3802129	Gobernador Cruz	Gobernador Cruz	MX	1629	18.4339	-92.8729
3817637	San Andrés Metla	San Andres Metla	MX	1629	19.2170	-98.8417
3976570	Las Aguamitas	Las Aguamitas	MX	1629	24.5756	-107.8006
4018317	Arcinas	Arcinas	MX	1629	25.7756	-103.4091
8858953	San José de Cervera	San Jose de Cervera	MX	1629	20.9678	-101.3025
3519401	San Félix Hidalgo	San Felix Hidalgo	MX	1628	18.8989	-98.3991
4011403	Ejido Yucatán	Ejido Yucatan	MX	1628	32.6046	-115.0933
8480061	Quail Creek	Quail Creek	US	1628	28.7764	-97.0823
4026864	Guayameo	Guayameo	MX	1627	18.3044	-101.2615
4029514	Noria Nueva	Noria Nueva	MX	1627	20.5561	-100.1254
3815741	El Jardín	El Jardin	MX	1626	17.1666	-92.5993
3816483	Francisco I. Madero	Francisco I. Madero	MX	1626	16.2945	-91.9083
3816816	San Isidro	San Isidro	MX	1626	15.7437	-93.3528
3995533	Momax	Momax	MX	1626	21.9234	-103.3131
4025046	Chitejé de Garabato	Chiteje de Garabato	MX	1625	20.1021	-100.1884
4700235	Itasca	Itasca	US	1625	32.1596	-97.1500
5462683	Columbus	Columbus	US	1625	31.8276	-107.6400
3515678	Tianguistengo	Tianguistengo	MX	1624	20.7279	-98.6324
3521319	Pocboc	Pocboc	MX	1624	20.2373	-90.1033
4021305	El Refugio de Peñuelas	El Refugio de Penuelas	MX	1624	21.7167	-102.2893
4026816	San Gabriel Ixtla	San Gabriel Ixtla	MX	1624	19.2578	-100.1240
3589903	San Juan Ermita	San Juan Ermita	GT	1623	14.7647	-89.4301
3999758	Las Jícamas	Las Jicamas	MX	1623	20.2769	-101.3597
8858954	Cristóbal Colón	Cristobal Colon	MX	1623	17.1919	-91.6292
8858955	Vista Hermosa	Vista Hermosa	MX	1623	17.7964	-97.7569
3818590	La Unión	La Union	MX	1622	20.2618	-97.8714
3997299	Placeres del Oro	Placeres del Oro	MX	1622	18.2377	-100.9015
4024207	Franco Tavera	Franco Tavera	MX	1622	20.6055	-100.9268
8858956	Los Cues	Los Cues	MX	1622	20.5019	-100.2642
8858957	Estación Obispo	Estacion Obispo	MX	1622	24.2931	-107.1594
5293796	East Sahuarita	East Sahuarita	US	1622	31.9429	-110.9284
3800947	San Miguel Tlacotepec	San Miguel Tlacotepec	MX	1621	17.4562	-98.0055
3590395	San Bartolomé Jocotenango	San Bartolome Jocotenango	GT	1620	15.1915	-91.0781
3517210	Tecomavaca	Tecomavaca	MX	1620	17.9558	-97.0226
3518266	Huautepec	Huautepec	MX	1620	18.1018	-96.7973
3800610	Santo Domingo de Morelos	Santo Domingo de Morelos	MX	1620	15.8338	-96.6674
4022977	Santa Anita	Santa Anita	MX	1620	21.0178	-100.3343
3519970	Sanahcat	Sanahcat	MX	1619	20.7713	-89.2141
3801300	Mazín Grande	Mazin Grande	MX	1619	18.1163	-96.3096
8858958	Hueyitlalpan	Hueyitlalpan	MX	1619	17.6753	-99.2956
8858959	Colonia Azteca	Colonia Azteca	MX	1619	19.0781	-99.6542
3530433	El Venado	El Venado	MX	1618	20.0650	-98.7595
3823410	Bella Esperanza	Bella Esperanza	MX	1618	19.4335	-96.8662
3988887	Recoveco	Recoveco	MX	1618	24.9945	-107.7277
4003873	Allende	Allende	MX	1618	20.7205	-102.0844
4019820	Acapetlahuaya	Acapetlahuaya	MX	1618	18.4184	-100.0720
8858960	Colonia Aeropuerto	Colonia Aeropuerto	MX	1618	17.6203	-101.4589
8858962	San Lorenzo Joya de Rodríguez	San Lorenzo Joya de Rodriguez	MX	1618	19.0544	-97.8533
3587546	Zapotitlán	Zapotitlan	GT	1617	14.1392	-89.8263
3818895	Santa Lucía Cosamaloapan	Santa Lucia Cosamaloapan	MX	1617	18.8836	-98.3519
3822198	El Pitahayo	El Pitahayo	MX	1617	16.5324	-98.5276
3978276	Villa Montemorelos	Villa Montemorelos	MX	1617	23.9913	-104.4799
8858963	Joaquín Miguel Gutiérrez (Margaritas)	Joaquin Miguel Gutierrez (Margaritas)	MX	1617	15.5503	-93.0931
8858964	Guadalupe Coté	Guadalupe Cote	MX	1617	19.6107	-99.9850
8858965	Valle Verde	Valle Verde	MX	1617	19.4725	-100.3553
3816487	La Patria	La Patria	MX	1616	16.2297	-91.9115
3824725	San Marcos Atesquilapan	San Marcos Atesquilapan	MX	1616	19.6897	-96.8854
3977363	Huachichil	Huachichil	MX	1616	25.2114	-100.8259
3998148	Los Ángeles	Los Angeles	MX	1616	25.5186	-103.5617
4018038	Atengo	Atengo	MX	1616	20.2750	-104.2381
5528440	Plains	Plains	US	1616	33.1887	-102.8280
3669895	San Fernando	San Fernando	CO	1615	9.2797	-74.5339
8858966	Nueva División del Bayo (Guatemala)	Nueva Division del Bayo (Guatemala)	MX	1615	17.8400	-92.4889
4694503	Grandview	Grandview	US	1615	32.2704	-97.1792
8858967	Gómez Poniente	Gomez Poniente	MX	1614	19.7725	-97.4869
3977684	Primero de Mayo	Primero de Mayo	MX	1613	27.2367	-101.2237
4024531	El Jaguey	El Jaguey	MX	1613	20.9150	-101.6343
8858968	La Trinidad Tianguismanalco	La Trinidad Tianguismanalco	MX	1613	18.8942	-98.0325
8858969	Temalacaco	Temalacaco	MX	1613	21.4139	-98.8469
8858970	Chiquinshulum	Chiquinshulum	MX	1612	17.0719	-92.5981
8858971	La Y	La Y	MX	1612	19.3981	-99.5897
8858972	Narciso Mendoza	Narciso Mendoza	MX	1612	18.8742	-98.9697
3824279	Cucharas	Cucharas	MX	1611	21.6174	-97.6619
10194186	Tortí	Torti	PA	1611	8.9215	-78.3984
3531559	Caristay	Caristay	MX	1610	20.6452	-97.3060
3525350	Landa de Matamoros	Landa de Matamoros	MX	1609	21.1837	-99.3213
3531897	Cacahuatal	Cacahuatal	MX	1609	18.8307	-96.8414
3817740	Santiago Tepetitlán	Santiago Tepetitlan	MX	1609	19.6381	-98.8184
4014055	Chucarit	Chucarit	MX	1609	27.0318	-109.5849
4014056	Chucándiro	Chucandiro	MX	1609	19.9001	-101.3337
8858974	Santa Lucía Potrerillo	Santa Lucia Potrerillo	MX	1609	18.9692	-97.0242
3517363	Santa Lucía	Santa Lucia	MX	1608	16.1886	-96.6140
3520885	Quintero	Quintero	MX	1608	22.6628	-99.0363
3526876	Santa Cruz Huitziltepec	Santa Cruz Huitziltepec	MX	1608	18.7332	-97.8760
3987637	San Antonio Guaracha	San Antonio Guaracha	MX	1608	19.9463	-102.5567
3992230	Pomacuarán	Pomacuaran	MX	1608	19.6212	-102.1028
4009064	El Nacimiento	El Nacimiento	MX	1608	20.5356	-100.6100
4029418	Santa Catarina	Santa Catarina	MX	1607	20.7766	-100.4520
8858975	San Isidro	San Isidro	MX	1606	25.9772	-109.2511
4012462	Cuaracurio	Cuaracurio	MX	1605	20.0610	-101.1477
7315368	Las Palmas II	Las Palmas II	US	1605	26.2017	-97.7376
3519597	San Caralampio	San Caralampio	MX	1604	15.8293	-92.0356
3981946	Tepetongo	Tepetongo	MX	1604	22.4578	-103.1523
3822452	San Francisco Grande	San Francisco Grande	MX	1603	20.7006	-88.4732
3995038	Navarrete	Navarrete	MX	1603	21.6487	-105.1152
3515650	Tierra Blanca Booxter	Tierra Blanca Booxter	MX	1602	20.9942	-97.7176
3529643	Dzityá	Dzitya	MX	1602	21.0513	-89.6803
3814306	El Tepeyac	El Tepeyac	MX	1602	20.0511	-98.3109
3981853	Colonia Terrazas	Colonia Terrazas	MX	1602	28.2367	-105.4661
3982907	Solima	Solima	MX	1602	25.6631	-103.2752
3523896	Los Romeros	Los Romeros	MX	1601	20.0296	-98.4157
4018019	Atolinga	Atolinga	MX	1601	21.8070	-103.4654
3514643	San Antonio Virreyes	San Antonio Virreyes	MX	1600	19.4099	-97.6370
3514919	Unión Buenavista	Union Buenavista	MX	1600	15.7953	-92.5442
3827036	El Rincón de la Candelaria	El Rincon de la Candelaria	MX	1600	19.7900	-99.8431
5470850	Hatch	Hatch	US	1600	32.6654	-107.1531
8858976	Chicumtantic	Chicumtantic	MX	1599	16.8656	-92.6053
8858977	Matzam	Matzam	MX	1599	16.7892	-92.4769
8858978	Primero de Mayo	Primero de Mayo	MX	1599	19.0817	-98.0978
11085899	Ejido de la Finca	Ejido de la Finca	MX	1599	18.8864	-99.6269
3527378	Nuevo Juan del Grijalva	Nuevo Juan del Grijalva	MX	1598	17.4272	-93.3722
3819032	Axuxco	Axuxco	MX	1598	18.2305	-97.2074
8858979	San Lorenzo	San Lorenzo	MX	1598	19.9892	-101.6458
3599181	Camotán	Camotan	GT	1597	14.8202	-89.3722
3821769	La Palma	La Palma	MX	1597	17.0815	-99.5099
3483805	Plan de Iguala	Plan de Iguala	MX	1596	22.0364	-98.4646
3525644	Lagunilla	Lagunilla	MX	1596	20.3439	-99.0280
8858980	Paseos de las Haciendas [Fraccionamiento]	Paseos de las Haciendas [Fraccionamiento]	MX	1596	21.9922	-102.3436
8858981	Las Margaritas	Las Margaritas	MX	1595	27.6183	-113.4536
3522563	Nuevo Amatenango	Nuevo Amatenango	MX	1594	15.5085	-92.1096
3526893	San Antonio Huitepec	San Antonio Huitepec	MX	1594	16.9289	-97.1467
3817497	San Nicolás	San Nicolas	MX	1594	18.9333	-99.5683
8858982	El Tzay	El Tzay	MX	1594	16.8636	-92.3122
3762701	Santa María Pápalo	Santa Maria Papalo	MX	1593	17.7839	-96.7972
3818849	Tepazolco	Tepazolco	MX	1593	18.6997	-97.6964
3985749	San Lorenzo	San Lorenzo	MX	1593	25.7229	-103.1527
4002376	La Flor	La Flor	MX	1593	25.6807	-103.3691
4011652	Ejido Durango	Ejido Durango	MX	1593	32.2479	-115.2518
3483823	Las Palmas	Las Palmas	MX	1592	22.0334	-98.8741
3827438	Santa Cruz Huitzizilapan	Santa Cruz Huitzizilapan	MX	1592	19.3969	-99.4481
3980692	Valencia de Cerro Gordo	Valencia de Cerro Gordo	MX	1591	20.6012	-101.0816
3817950	Los Arana	Los Arana	MX	1590	19.7098	-99.5022
4024544	Gavia de Rionda	Gavia de Rionda	MX	1590	20.8328	-101.6172
3515849	Tepexco	Tepexco	MX	1589	18.6415	-98.6906
3519157	San Isidro	San Isidro	MX	1588	19.4824	-96.3794
3525306	La Orduña	La Orduna	MX	1588	19.4518	-96.9358
3827525	Cantera de Villagrán	Cantera de Villagran	MX	1588	19.8408	-99.3092
3982982	Socavón (El Carmen)	Socavon (El Carmen)	MX	1588	21.8514	-100.8718
8858983	Melitón Albáñez Domínguez	Meliton Albanez Dominguez	MX	1588	23.6614	-110.4208
3523414	Mazatepec	Mazatepec	MX	1587	20.0170	-97.4189
3529889	Cumpich	Cumpich	MX	1587	20.1861	-89.9708
3986089	San José Ithó	San Jose Itho	MX	1587	20.1642	-100.1271
4001848	Ejido la Joya	Ejido la Joya	MX	1587	21.1432	-101.7392
8858984	El Muey	El Muey	MX	1587	20.5028	-103.2208
3800731	San Juan Cabeza del Río	San Juan Cabeza del Rio	MX	1586	16.7528	-97.8824
3517951	San Pedro Totolápam	San Pedro Totolapam	MX	1585	16.6667	-96.3024
3984492	Santa Cruz Luján	Santa Cruz Lujan	MX	1585	25.7232	-103.3585
8858985	La Candelaria Teotlalpan	La Candelaria Teotlalpan	MX	1585	19.3331	-98.2256
3531193	Chalmita	Chalmita	MX	1584	18.9343	-99.4232
3815622	Santo Domingo	Santo Domingo	MX	1584	17.0282	-91.4168
3985618	San Luis del Cordero	San Luis del Cordero	MX	1584	25.4169	-104.2784
4029419	San Isidro Buenavista	San Isidro Buenavista	MX	1584	20.7882	-100.4491
8858986	San Isidro Monjas	San Isidro Monjas	MX	1584	17.0017	-96.7486
3519332	San Francisco	San Francisco	MX	1583	22.0748	-99.8600
3533170	Ahuacatlán	Ahuacatlan	MX	1583	15.0403	-92.1804
3801842	San José la Garzona	San Jose la Garzona	MX	1583	16.6803	-96.6385
4021468	Lázaro Cárdenas	Lazaro Cardenas	MX	1583	22.1715	-102.0259
8858987	Hacienda Sotavento	Hacienda Sotavento	MX	1583	19.1336	-96.1814
3582287	Cowpen	Cowpen	BZ	1582	16.5667	-88.5333
3517278	Santa María Camotlán	Santa Maria Camotlan	MX	1581	17.8985	-97.6930
3526283	Kini	Kini	MX	1581	21.1356	-89.3169
3980879	Tupátaro	Tupataro	MX	1581	19.8135	-100.3073
3985239	San Nicolás Parangueo	San Nicolas Parangueo	MX	1581	20.3938	-101.2542
4001615	La Libertad	La Libertad	MX	1581	21.5921	-105.1742
4023248	San José del Potrero	San Jose del Potrero	MX	1581	21.1279	-101.5979
8858988	El CERESO	El CERESO	MX	1581	21.0222	-101.6892
8858989	Texmola	Texmola	MX	1581	18.9397	-97.2439
4672192	Bangs	Bangs	US	1581	31.7171	-99.1325
3523420	Mazapa	Mazapa	MX	1580	15.3878	-92.1876
3526917	Huilacapixtla	Huilacapixtla	MX	1580	20.2123	-98.0819
3801472	El Porvenir	El Porvenir	MX	1580	17.4745	-95.2560
4003247	La Calle	La Calle	MX	1580	20.2858	-101.6368
3533175	Ahuacatán	Ahuacatan	MX	1579	19.7835	-97.2978
4001770	La Labor	La Labor	MX	1579	20.5335	-100.7019
8858990	Las Flechas	Las Flechas	MX	1579	16.7003	-93.0264
8858991	Llano de la Lima	Llano de la Lima	MX	1579	14.8660	-92.2971
8858992	Colonia Veintitrés de Mayo	Colonia Veintitres de Mayo	MX	1579	21.0100	-102.1978
8858993	La Lima	La Lima	MX	1579	21.9272	-99.1028
3523295	Metlapa	Metlapa	MX	1578	18.3097	-99.6081
8711536	Plan de Ayala	Plan de Ayala	MX	1578	22.5403	-98.7672
8858994	Casa Nueva	Casa Nueva	MX	1578	19.8333	-99.2094
8858995	Ocotlán de Venustiano Carranza	Ocotlan de Venustiano Carranza	MX	1577	18.7911	-97.6692
3822557	Tixhualactún	Tixhualactun	MX	1576	20.6440	-88.1431
3823543	Mata de Indio	Mata de Indio	MX	1576	19.2308	-96.8409
4025062	Venta de Bravo	Venta de Bravo	MX	1576	19.8643	-100.1734
8858996	Mezquitic de la Magdalena	Mezquitic de la Magdalena	MX	1576	21.2211	-102.3044
8858997	Praxedis de Guerrero	Praxedis de Guerrero	MX	1576	16.7200	-96.6400
8858998	Arroyo Choápam	Arroyo Choapam	MX	1576	17.9703	-96.1572
3517739	Santa Ana de Allende	Santa Ana de Allende	MX	1575	21.1250	-98.9858
3982380	Tarejero	Tarejero	MX	1575	19.8209	-101.7148
3708892	Guarumal	Guarumal	PA	1575	8.3479	-82.5298
3518336	San Miguel Tecuiciapan	San Miguel Tecuiciapan	MX	1574	17.9624	-99.4139
3827011	Mavoro	Mavoro	MX	1574	19.7042	-99.8222
4021283	Montoro	Montoro	MX	1574	21.7560	-102.3022
8858999	Martínez Domínguez	Martinez Dominguez	MX	1574	22.7481	-102.4811
5522019	Gardendale	Gardendale	US	1574	32.0204	-102.3802
3523315	La Mesilla	La Mesilla	MX	1573	20.4864	-99.6755
3526807	Ignacio López Rayón	Ignacio Lopez Rayon	MX	1573	14.6216	-92.1868
8859000	San Francisco Atotonilco	San Francisco Atotonilco	MX	1573	20.1947	-98.1517
3612937	Cuyalí	Cuyali	HN	1572	13.8833	-86.5500
3803113	Vicente Guerrero	Vicente Guerrero	MX	1572	17.5127	-92.9218
3518329	San Miguel	San Miguel	MX	1571	18.9911	-99.6655
3530620	Cintalapa	Cintalapa	MX	1571	16.9236	-91.3615
3824880	Rodríguez Tejeda	Rodriguez Tejeda	MX	1571	18.6328	-96.4151
3994245	Ojo Seco	Ojo Seco	MX	1571	20.3863	-100.7962
8859001	Santa Clara	Santa Clara	MX	1571	19.6989	-98.5778
4023271	Hacienda Arriba	Hacienda Arriba	MX	1570	21.2307	-101.7047
3519281	San Francisco Coatlán	San Francisco Coatlan	MX	1569	16.1818	-96.7610
3984588	Xichú	Xichu	MX	1569	21.2992	-100.0577
7261636	Laughlin Air Force Base	Laughlin Air Force Base	US	1569	29.3566	-100.7835
3522616	Nueva Colombia	Nueva Colombia	MX	1568	15.6967	-92.7211
3525426	La Magdalena	La Magdalena	MX	1568	20.2570	-98.2753
3814162	Vicente Guerrero	Vicente Guerrero	MX	1568	20.1713	-99.0558
4003939	Jiménez	Jimenez	MX	1568	25.8313	-103.3568
8859002	Laguna de Tabernillas (El Resbaloso)	Laguna de Tabernillas (El Resbaloso)	MX	1568	19.4614	-99.8783
8859003	San Martín	San Martin	MX	1568	19.7825	-97.3403
3712636	Cerro Punta	Cerro Punta	PA	1568	8.8522	-82.5736
5532423	Tornillo	Tornillo	US	1568	31.4454	-106.0883
3529047	El Cuyo	El Cuyo	MX	1567	21.5157	-87.6788
3814981	Lagunilla	Lagunilla	MX	1567	19.6361	-98.2743
3816795	Tamaulipas	Tamaulipas	MX	1567	15.7719	-93.4072
3827035	San José del Tunal	San Jose del Tunal	MX	1567	19.7906	-99.8400
4001757	La Laborcita	La Laborcita	MX	1567	21.1069	-101.5520
8859004	Istaro	Istaro	MX	1567	19.3281	-101.7536
3816571	Mariano Matamoros	Mariano Matamoros	MX	1566	16.4812	-92.5847
3995107	El Naranjillo	El Naranjillo	MX	1566	20.7142	-101.0006
8859005	Xocoyolzintla	Xocoyolzintla	MX	1566	17.7128	-98.9819
3523171	Miquihuana	Miquihuana	MX	1565	23.5762	-99.7531
3524049	Los Herreras	Los Herreras	MX	1565	25.9080	-99.4058
3822087	Xochapa	Xochapa	MX	1565	17.3840	-98.4510
4002500	La Esperanza	La Esperanza	MX	1565	25.3484	-108.1870
3613509	Chotepe	Chotepe	HN	1564	15.4167	-87.9833
3520904	Quiamoloapan	Quiamoloapan	MX	1564	18.0594	-94.9953
3987951	San Andrés	San Andres	MX	1564	20.9244	-104.0891
4734523	Stockdale	Stockdale	US	1564	29.2369	-97.9600
3987919	San Ángel	San Angel	MX	1563	20.9022	-101.9194
3522888	Multé	Multe	MX	1562	17.6876	-91.3789
3816425	Tziscao	Tziscao	MX	1562	16.0816	-91.6664
3826967	San Francisco de Guzmán	San Francisco de Guzman	MX	1562	19.6203	-99.7747
3813425	Pahactla	Pahactla	MX	1561	20.9742	-98.3586
4004656	Huáscato	Huascato	MX	1561	20.4797	-102.2471
3515889	Tepeitic	Tepeitic	MX	1560	20.2411	-99.2931
3516037	Temimilcingo	Temimilcingo	MX	1560	18.7295	-99.1602
3526279	Kochol	Kochol	MX	1560	20.6190	-90.1590
4011460	Ejido Saltillo	Ejido Saltillo	MX	1560	32.4241	-115.1251
8859006	Camelia Roja	Camelia Roja	MX	1560	18.0283	-96.2081
8859007	El Palmar	El Palmar	MX	1560	19.1397	-97.0531
8859008	Los Cristales (Talican)	Los Cristales (Talican)	MX	1560	19.8724	-97.5942
3614997	Ayapa	Ayapa	HN	1559	15.1117	-87.1756
3800449	Santo Tomás Tamazulapam	Santo Tomas Tamazulapam	MX	1559	16.2706	-96.5819
3983756	Santa Teresa	Santa Teresa	MX	1558	22.4967	-104.7649
3821969	Las Ánimas	Las Animas	MX	1557	16.9728	-99.3196
3823374	Cerro Gordo	Cerro Gordo	MX	1557	19.4337	-96.7004
4010680	El Carmen	El Carmen	MX	1557	20.6536	-103.9106
3622648	Pacayas	Pacayas	CR	1556	9.8074	-84.0482
4014829	Cerocahui	Cerocahui	MX	1556	27.2982	-108.0554
3761193	San Pablo de los Remedios	San Pablo de los Remedios	MX	1555	19.6411	-99.8383
3823234	Los Pescados	Los Pescados	MX	1555	19.5606	-97.1491
3532598	Atlequizayan	Atlequizayan	MX	1554	20.0121	-97.6242
3817945	San Luis Anáhuac (Toriles)	San Luis Anahuac (Toriles)	MX	1554	19.7968	-99.4003
3985244	San Nicolás del Cármen	San Nicolas del Carmen	MX	1554	21.2740	-100.5503
4024316	La Caja	La Caja	MX	1554	20.7108	-101.4368
4027482	Tetitlán	Tetitlan	MX	1554	17.1590	-100.6398
4029484	San José Buenavista	San Jose Buenavista	MX	1554	20.7349	-100.4103
8859009	Emilio Carranza (Santa Cruz)	Emilio Carranza (Santa Cruz)	MX	1554	19.7128	-97.6528
3528965	El Estudiante	El Estudiante	MX	1553	18.5772	-99.2972
3816039	Galecio Narcia	Galecio Narcia	MX	1553	16.5882	-93.0205
8859010	Benito Juárez II (San Martín)	Benito Juarez II (San Martin)	MX	1553	18.1406	-96.4614
3701870	Gatún	Gatun	PA	1553	9.2891	-79.7680
3605837	Lomitas	Lomitas	HN	1552	15.1000	-87.2167
3607053	La Rosa	La Rosa	HN	1552	15.3500	-87.0667
3972457	La Capilla	La Capilla	MX	1552	22.6862	-102.2373
4008561	Pinto	Pinto	MX	1552	20.8015	-100.4115
3532746	Arenal Santa Ana	Arenal Santa Ana	MX	1551	17.7895	-95.7708
3991100	Quitupan	Quitupan	MX	1551	19.9271	-102.8727
8859011	Colonia el Pedregal	Colonia el Pedregal	MX	1551	18.3496	-99.8564
8859012	Primera de Analco	Primera de Analco	MX	1551	18.9025	-99.7756
8859013	San Lucas	San Lucas	MX	1551	18.9781	-99.6606
8859014	Ixticpan	Ixticpan	MX	1551	19.8142	-97.3445
3514042	Zempoala	Zempoala	MX	1550	20.0867	-97.9985
3814300	El Capulín	El Capulin	MX	1550	20.0083	-98.2759
8859016	Jolotichán	Jolotichan	MX	1550	16.7522	-98.7306
3521506	Piedra Parada	Piedra Parada	MX	1549	19.3468	-96.9596
3532543	Axochío	Axochio	MX	1549	18.3717	-95.2999
3815064	San Felipe Hidalgo	San Felipe Hidalgo	MX	1549	19.4679	-98.5590
3516317	Tancoco	Tancoco	MX	1548	21.2862	-97.7914
3814120	General Pedro María Anaya	General Pedro Maria Anaya	MX	1548	20.1555	-99.3482
3984417	Santa Elena	Santa Elena	MX	1548	21.9750	-101.5084
4005807	Ejido Gogorrón (Ex-Hacienda de Gogorrón)	Ejido Gogorron (Ex-Hacienda de Gogorron)	MX	1548	21.8402	-100.9114
4007409	El Tamarindo	El Tamarindo	MX	1548	21.9578	-105.2322
8859017	Colonia Doctor Gustavo Baz	Colonia Doctor Gustavo Baz	MX	1548	19.4106	-99.9217
8859018	Zaragoza	Zaragoza	MX	1548	19.3186	-98.2639
3827108	Coscomate del Progreso	Coscomate del Progreso	MX	1547	19.9342	-99.5190
3827185	Buenos Aires	Buenos Aires	MX	1547	19.6175	-99.6679
4018033	Atenguillo	Atenguillo	MX	1547	20.4149	-104.4931
4023900	Potreros	Potreros	MX	1547	20.2544	-101.6567
4026204	Santa Ana Zicatecoyan	Santa Ana Zicatecoyan	MX	1547	18.5717	-100.2200
8859019	Barrio de la Barranca	Barrio de la Barranca	MX	1547	19.4358	-99.5583
3984447	Santa Cruz de Bárcenas	Santa Cruz de Barcenas	MX	1546	20.6689	-104.0014
8859020	Tierras Coloradas	Tierras Coloradas	MX	1546	20.7289	-102.8608
8859021	Fracción Milpillas	Fraccion Milpillas	MX	1546	22.2278	-100.9642
3622602	Palmichal	Palmichal	CR	1545	9.8380	-84.2040
3530455	Colatlán	Colatlan	MX	1545	20.8170	-98.1003
3524416	Lázaro Cárdenas	Lazaro Cardenas	MX	1544	20.7026	-99.3423
3803140	Palomas	Palomas	MX	1544	17.6549	-92.4776
3824734	El Huérfano	El Huerfano	MX	1544	19.7404	-96.7451
3995610	San José de Mojarras	San Jose de Mojarras	MX	1544	21.4252	-104.6092
3523455	Mata Tenatito (Casco Hacienda)	Mata Tenatito (Casco Hacienda)	MX	1543	18.7219	-96.6629
3823507	Tetlaxco	Tetlaxco	MX	1543	19.0400	-97.0632
3988511	El Rodeo	El Rodeo	MX	1543	27.0172	-109.6423
8859022	Colonia Pedro María Anaya	Colonia Pedro Maria Anaya	MX	1543	20.5261	-100.8778
8859023	Soyatlán de Afuera	Soyatlan de Afuera	MX	1543	19.6908	-103.2828
8859024	La Rosa	La Rosa	MX	1543	19.4852	-99.3298
4723734	Rollingwood	Rollingwood	US	1543	30.2769	-97.7911
3992126	Potrerillos	Potrerillos	MX	1542	20.3379	-103.3778
4004529	Huimilpan	Huimilpan	MX	1542	20.3720	-100.2774
4024989	El Acebuche	El Acebuche	MX	1542	20.2229	-100.7435
3707311	La Loma	La Loma	PA	1542	8.1664	-80.6362
3522461	Santo Domingo Ocotitlán	Santo Domingo Ocotitlan	MX	1541	19.0142	-99.0606
3524752	Las Lomas	Las Lomas	MX	1541	19.4463	-96.9070
3527280	Guadalupe Victoria	Guadalupe Victoria	MX	1541	15.6066	-92.0628
3992144	Potrerillo del Norote	Potrerillo del Norote	MX	1541	24.0209	-106.9739
4016677	Buenavista de Trujillo	Buenavista de Trujillo	MX	1541	23.1512	-103.1890
4024283	La Capilla	La Capilla	MX	1541	20.5567	-101.3004
4024368	Loma de la Esperanza	Loma de la Esperanza	MX	1541	20.6593	-101.5565
8859025	Arroyo de Enmedio	Arroyo de Enmedio	MX	1541	18.4975	-96.5472
4692661	Fulton	Fulton	US	1541	28.0614	-97.0411
3525896	La Defensa	La Defensa	MX	1540	20.1048	-96.9607
3818674	Ahuacatlán	Ahuacatlan	MX	1540	19.8828	-97.5450
3998498	Llano Grande	Llano Grande	MX	1540	25.7522	-108.0846
4004285	Ixtapa de la Concepción	Ixtapa de la Concepcion	MX	1540	21.3073	-105.1574
4019598	Agua Caliente Grande (De Gastélum)	Agua Caliente Grande (De Gastelum)	MX	1540	26.5376	-108.3481
3527105	Higuerillas	Higuerillas	MX	1539	20.9169	-99.7669
3817534	Tepoxtepec	Tepoxtepec	MX	1539	18.9628	-99.5564
3821700	Pueblo Viejo	Pueblo Viejo	MX	1539	17.0977	-99.9881
3823539	Mata Obscura	Mata Obscura	MX	1539	19.2184	-96.8542
8859026	Ninguno [CERESO]	Ninguno [CERESO]	MX	1539	20.6736	-100.3603
3482873	Maclovio Herrera	Maclovio Herrera	MX	1538	22.5010	-98.0858
3525530	La Lagunilla	La Lagunilla	MX	1538	20.0674	-98.4785
3980849	Tuxcacuesco	Tuxcacuesco	MX	1538	19.6985	-103.9843
3994142	Orduña de Abajo	Orduna de Abajo	MX	1538	20.7581	-100.7828
3995676	Mixtlán	Mixtlan	MX	1538	20.4397	-104.4086
5290051	Claypool	Claypool	US	1538	33.4112	-110.8426
3984054	Santa Matilde	Santa Matilde	MX	1537	20.4324	-100.0263
8859027	Querendas	Querendas	MX	1537	18.3425	-100.6344
3800506	Cerro del Aire	Cerro del Aire	MX	1535	16.1101	-97.2044
3813255	San Juan Ahuehueco	San Juan Ahuehueco	MX	1535	21.0417	-98.9069
3817378	San Andrés Nicolás Bravo	San Andres Nicolas Bravo	MX	1535	18.7678	-99.4653
3972706	Las Catarinas	Las Catarinas	MX	1535	23.0911	-102.6161
3985684	San Lucas del Pulque	San Lucas del Pulque	MX	1535	19.1014	-100.0281
3995421	Morales	Morales	MX	1535	20.7783	-100.8095
8859028	Santa Cruz Xaltetela	Santa Cruz Xaltetela	MX	1535	19.8742	-97.5808
3827521	San Ignacio Nopala	San Ignacio Nopala	MX	1534	19.8353	-99.3456
8723546	Úrsulo Galván	Ursulo Galvan	MX	1534	20.6022	-97.4404
8859029	El Chinaco (El Pujido)	El Chinaco (El Pujido)	MX	1534	20.5222	-100.9197
3595778	Esquipulas Palo Gordo	Esquipulas Palo Gordo	GT	1533	14.9413	-91.8256
3517160	Santa Mónica	Santa Monica	MX	1533	19.9823	-98.6213
3800314	El Arador	El Arador	MX	1533	16.5411	-97.1819
4026654	Santa Rosa de Lima	Santa Rosa de Lima	MX	1533	19.7859	-100.0961
11085891	Ejido de San Mateo Coapexco	Ejido de San Mateo Coapexco	MX	1533	18.9489	-99.6425
3514462	Xochiatipan	Xochiatipan	MX	1532	20.8350	-98.2858
8859030	Ex-Hacienda de Guadalupe	Ex-Hacienda de Guadalupe	MX	1532	19.8089	-98.9725
4704395	Lake Brownwood	Lake Brownwood	US	1532	31.8240	-99.0990
3524421	Lázaro Cárdenas	Lazaro Cardenas	MX	1531	15.1736	-92.5526
3984445	Santa Cruz de las Flores	Santa Cruz de las Flores	MX	1531	20.3944	-103.9490
8859031	Unidad Habitacional 10 de Abril	Unidad Habitacional 10 de Abril	MX	1531	18.7544	-98.9161
8859032	Colonia los Aguiluchos	Colonia los Aguiluchos	MX	1530	19.7261	-99.0903
8859033	Miguel Valdez Quintero (El Corazón)	Miguel Valdez Quintero (El Corazon)	MX	1530	24.4942	-107.3178
4719966	Ponder	Ponder	US	1530	33.1829	-97.2872
3824412	Estero de Milpas	Estero de Milpas	MX	1529	21.2543	-97.4503
8859034	Toxtla	Toxtla	MX	1529	20.0663	-97.9475
3581193	San Joaquin	San Joaquin	BZ	1528	18.3527	-88.4420
3818600	Venta Grande	Venta Grande	MX	1528	20.1189	-98.0994
3978737	Seis de Octubre	Seis de Octubre	MX	1528	25.8138	-103.5747
8859035	San José Ozumba	San Jose Ozumba	MX	1528	19.2331	-97.7283
4742902	Woodcreek	Woodcreek	US	1528	30.0283	-98.1111
3521630	Perla de Acapulco	Perla de Acapulco	MX	1527	16.7957	-91.4779
3976558	Pueblo Nuevo	Pueblo Nuevo	MX	1527	24.5936	-107.3530
4023642	Santa Rosa	Santa Rosa	MX	1527	21.5522	-101.0918
3516720	San Sebastián del Monte	San Sebastian del Monte	MX	1526	17.6778	-98.0219
3802765	Benito González	Benito Gonzalez	MX	1526	17.8699	-92.7083
3816149	Belisario Domínguez	Belisario Dominguez	MX	1526	16.8919	-92.6605
3821533	Zacacoyuca	Zacacoyuca	MX	1526	18.2503	-99.5276
3985049	Apulco	Apulco	MX	1526	21.3878	-102.6820
4018721	Altamira	Altamira	MX	1526	23.3821	-102.9860
8859036	San Miguel Papaxtla	San Miguel Papaxtla	MX	1526	19.0628	-98.3900
3589579	San Rafael Petzal	San Rafael Petzal	GT	1525	15.4049	-91.6645
3520208	San Roque	San Roque	MX	1525	15.7868	-96.4634
3987378	San Cristóbal	San Cristobal	MX	1525	22.5905	-102.2312
3996619	Maravillas	Maravillas	MX	1525	22.2388	-101.0107
3712401	Chiriquí Grande	Chiriqui Grande	PA	1525	8.9494	-82.1171
8478942	Western Lake	Western Lake	US	1525	32.6234	-97.8115
3607042	La Sabana	La Sabana	HN	1524	15.3735	-87.9318
3521659	Pencuyut	Pencuyut	MX	1524	20.2934	-89.2889
3605018	Marale	Marale	HN	1523	14.8833	-87.1500
3610487	El Rincón	El Rincon	HN	1522	14.5780	-87.9282
3530561	Coacoyulichán	Coacoyulichan	MX	1522	16.7948	-98.9355
3818753	San Mateo Soltepec	San Mateo Soltepec	MX	1522	19.0987	-97.7605
4002227	La Goma	La Goma	MX	1522	25.4849	-103.6883
3710808	El Giral	El Giral	PA	1522	9.2451	-79.6927
5455650	Arenas Valley	Arenas Valley	US	1522	32.7940	-108.1842
4025597	Rancho Viejo	Rancho Viejo	MX	1521	19.2487	-100.4183
8859037	Monte Alegre	Monte Alegre	MX	1521	19.9825	-99.3414
3608828	Iralaya	Iralaya	HN	1520	15.0000	-83.2333
3813631	La Esquina	La Esquina	MX	1520	20.5462	-99.7069
3817619	Santiago Cuautenco	Santiago Cuautenco	MX	1520	19.1480	-98.7468
3818906	Teacalco de Dorantes (San José Teacalco)	Teacalco de Dorantes (San Jose Teacalco)	MX	1520	18.8044	-98.5072
8859038	Salvador Rosas Magallón	Salvador Rosas Magallon	MX	1520	31.9014	-116.5478
8859039	Barrio de San Juan	Barrio de San Juan	MX	1520	19.4142	-99.5372
3590127	San Jacinto	San Jacinto	GT	1519	14.6769	-89.5027
3814061	Zothé	Zothe	MX	1519	20.3689	-99.7159
3818656	Guadalupe Sarabia	Guadalupe Sarabia	MX	1519	19.5310	-97.4275
3827083	Tercera Manzana de Zaragoza	Tercera Manzana de Zaragoza	MX	1519	19.8956	-99.7528
4003944	Jilotlán de los Dolores	Jilotlan de los Dolores	MX	1519	19.3710	-103.0194
8859040	La Loma de los Negritos	La Loma de los Negritos	MX	1519	21.8706	-102.3500
8859041	Villa Hermosa (Las Pozas)	Villa Hermosa (Las Pozas)	MX	1519	17.6336	-101.4664
4677042	Buchanan Dam	Buchanan Dam	US	1519	30.7399	-98.4311
4025195	El Durazno	El Durazno	MX	1518	19.6531	-101.1714
8859042	Cerro de San Francisco	Cerro de San Francisco	MX	1518	19.3704	-99.3516
8859043	Fraccionamiento la Virgen	Fraccionamiento la Virgen	MX	1518	19.3231	-98.2739
3712280	Churuquita Grande	Churuquita Grande	PA	1518	8.5994	-80.2706
5288063	Cactus Flat	Cactus Flat	US	1518	32.7584	-109.7162
3581490	Patchchacan	Patchchacan	BZ	1517	18.4006	-88.4715
3516486	Sucopó	Sucopo	MX	1517	21.1615	-88.0470
8859044	Tlaltempanapa	Tlaltempanapa	MX	1517	17.7361	-99.1772
8859045	Guadalupe Victoria	Guadalupe Victoria	MX	1517	19.5597	-97.6600
8859046	Eureka y Belén	Eureka y Belen	MX	1517	17.5597	-92.9290
3585640	Guaymango	Guaymango	SV	1517	13.7503	-89.8422
4694521	Granger	Granger	US	1517	30.7177	-97.4428
3824146	Antonio J Bermúdez	Antonio J Bermudez	MX	1516	22.1505	-98.1587
3974104	Palma Pegada	Palma Pegada	MX	1516	22.7105	-101.7919
8859047	Paseo de San Javier	Paseo de San Javier	MX	1516	25.7397	-100.1344
8859048	La Península	La Peninsula	MX	1516	17.9435	-93.3615
3483704	La Subida	La Subida	MX	1515	21.9051	-99.0989
3520067	Salazar	Salazar	MX	1515	19.3077	-99.3886
4015839	Ejido Benito Juárez	Ejido Benito Juarez	MX	1515	25.7742	-109.0325
3526978	Huazantlán del Río	Huazantlan del Rio	MX	1514	16.2184	-95.1292
3826944	San Joaquín del Monte	San Joaquin del Monte	MX	1514	19.4197	-99.9016
3827281	San Bartolito Tlaltelolco	San Bartolito Tlaltelolco	MX	1514	19.1917	-99.5614
3971939	Tlachichila	Tlachichila	MX	1514	21.5572	-102.7856
3996457	Masiaca	Masiaca	MX	1514	26.7635	-109.2346
8859049	El Porvenir I	El Porvenir I	MX	1514	19.3169	-99.7289
3522770	Nejapa de Madero	Nejapa de Madero	MX	1513	16.6057	-95.9780
3986683	San Isidro	San Isidro	MX	1513	19.7386	-102.2980
8859050	Ejido Pátzcuaro	Ejido Patzcuaro	MX	1513	32.3514	-115.0658
8859051	Fraccionamiento las Liebres	Fraccionamiento las Liebres	MX	1513	20.6475	-101.3956
3623755	Esquipulas	Esquipulas	CR	1512	10.0568	-84.4234
3801685	San Lorenzo Albarradas	San Lorenzo Albarradas	MX	1512	16.9073	-96.2594
3815027	Ignacio Zaragoza	Ignacio Zaragoza	MX	1512	19.5689	-98.3782
4024500	El Mezquitillo	El Mezquitillo	MX	1512	20.9601	-101.8083
4025111	Uripitio	Uripitio	MX	1512	19.9535	-100.5381
8859052	Chixtontic	Chixtontic	MX	1512	16.8908	-92.4579
8859053	La Cañada	La Canada	MX	1512	19.4864	-99.5989
8859054	Santiago Tepeticpac	Santiago Tepeticpac	MX	1512	19.3348	-98.2269
3514203	Santa María Yucunicoco	Santa Maria Yucunicoco	MX	1511	17.2375	-97.9170
3802085	Nuevo Torno Largo	Nuevo Torno Largo	MX	1511	18.4320	-93.1642
4004499	Huitrón	Huitron	MX	1511	25.8573	-103.3478
3622561	Paquera	Paquera	CR	1510	9.8201	-84.9351
3517458	Santa Fe Tepetlapa	Santa Fe Tepetlapa	MX	1510	18.5486	-99.4235
3532653	Atalpan	Atalpan	MX	1510	19.8437	-97.5601
3818585	Santa Rita	Santa Rita	MX	1510	20.3641	-97.8169
3982127	Tejocote de Calera	Tejocote de Calera	MX	1510	20.1797	-101.3965
4011942	Dieciocho de Marzo	Dieciocho de Marzo	MX	1510	19.2312	-102.7055
4676287	Briarcliff	Briarcliff	US	1510	30.4074	-98.0445
5383075	Pine Valley	Pine Valley	US	1510	32.8214	-116.5292
4027264	Valle Luz	Valle Luz	MX	1509	18.1307	-100.3398
3607931	La Estancia	La Estancia	HN	1508	15.0500	-86.3500
3816311	Santa Elena	Santa Elena	MX	1508	16.8927	-91.5899
8859055	Gaviotas Sur (El Cedral)	Gaviotas Sur (El Cedral)	MX	1508	17.9537	-92.8907
7315169	Donovan Estates	Donovan Estates	US	1508	32.7094	-114.6782
3533071	Alfajayucan	Alfajayucan	MX	1507	20.4089	-99.3493
3814216	Santa María la Calera	Santa Maria la Calera	MX	1507	20.0310	-98.7171
3815888	Emiliano Zapata	Emiliano Zapata	MX	1507	16.7267	-93.8103
3824500	Mequetla	Mequetla	MX	1507	20.7960	-97.6887
3977497	Mayrán	Mayran	MX	1507	25.6727	-102.8429
3984430	San Tadeo	San Tadeo	MX	1507	21.9188	-102.7010
4011426	Ejido Sonora	Ejido Sonora	MX	1507	32.2870	-115.2318
4027358	Coyuquilla Norte	Coyuquilla Norte	MX	1507	17.3803	-101.0563
8859056	Lázaro Cárdenas (El Empalme)	Lazaro Cardenas (El Empalme)	MX	1507	18.9322	-99.0253
3523952	Los Órganos de San Agustín	Los Organos de San Agustin	MX	1506	16.9348	-99.8235
3817503	San Gaspar	San Gaspar	MX	1506	18.9521	-99.7014
3615022	Auas	Auas	HN	1505	15.4833	-84.3333
3533408	Achotal de Moreno	Achotal de Moreno	MX	1505	17.7365	-95.1339
4023766	Estanzuela de Romero	Estanzuela de Romero	MX	1505	20.1840	-100.5037
8859057	Barrio de Canales	Barrio de Canales	MX	1505	19.3733	-99.3756
8859058	Cozotlán Norte	Cozotlan Norte	MX	1505	19.7083	-98.8600
8859059	Encrucijada 3ra. Sección (Las Calzadas)	Encrucijada 3ra. Seccion (Las Calzadas)	MX	1505	18.2549	-93.5562
8859060	Chichicastle 1ra. Sección	Chichicastle 1ra. Seccion	MX	1505	18.3042	-92.4314
3531824	Calcehtok	Calcehtok	MX	1503	20.5672	-89.9126
3817523	San Agustín	San Agustin	MX	1503	18.9422	-99.9391
3980392	Venustiano Carranza	Venustiano Carranza	MX	1503	19.0108	-104.1105
3998357	Loma de Bácum	Loma de Bacum	MX	1503	27.5876	-110.0863
4013553	Cofradía de Navolato (Cofradía de los Rocha)	Cofradia de Navolato (Cofradia de los Rocha)	MX	1503	24.7681	-107.6481
3517291	Santa María Amajac	Santa Maria Amajac	MX	1502	20.2285	-98.9982
3523129	Mixcum	Mixcum	MX	1502	15.0256	-92.1408
3530934	Chiconamel	Chiconamel	MX	1502	21.2305	-98.4602
3813261	Zacualtipanito	Zacualtipanito	MX	1502	21.1538	-98.7994
3818942	Teotlalco	Teotlalco	MX	1502	18.4691	-98.7782
5361384	Julian	Julian	US	1502	33.0787	-116.6020
3824633	Emiliano Zapata	Emiliano Zapata	MX	1501	20.3794	-97.1843
8859061	Corriente 1ra. Sección	Corriente 1ra. Seccion	MX	1501	18.1577	-92.9937
3482878	La Colonia	La Colonia	MX	1500	22.4383	-98.0171
3802056	Transito Tular	Transito Tular	MX	1500	18.3385	-93.4028
3816321	El Censo	El Censo	MX	1500	16.8629	-91.5599
4003290	Caimanero	Caimanero	MX	1500	25.6066	-108.4411
4011929	Diez de Octubre	Diez de Octubre	MX	1500	24.7288	-104.6369
8859062	Tzintzimeo	Tzintzimeo	MX	1500	19.8703	-100.9778
3714260	Isla Bastimentos	Isla Bastimentos	PA	1500	9.3000	-82.1333
3993774	Palmito del Verde	Palmito del Verde	MX	1499	22.6586	-105.7711
4007522	El Sauz	El Sauz	MX	1499	29.0496	-106.2520
8859063	Francisco Sarabia	Francisco Sarabia	MX	1499	16.2475	-91.9628
8859064	Francisco Rueda	Francisco Rueda	MX	1499	17.8292	-93.9339
3701195	Santa Fé	Santa Fe	PA	1499	8.6584	-78.1589
3604712	Mojimán	Mojiman	HN	1498	15.2809	-87.5865
3517208	Temaxcaltepec	Temaxcaltepec	MX	1498	16.1655	-97.1971
3814488	Santa Ana Atzcapotzaltongo	Santa Ana Atzcapotzaltongo	MX	1498	19.9447	-99.3855
3820862	San Pablo Pixtún	San Pablo Pixtun	MX	1498	19.1336	-90.7319
3972422	Bajío de San Nicolás	Bajio de San Nicolas	MX	1498	22.5643	-102.0073
4007092	El Tule	El Tule	MX	1498	20.0277	-105.2438
4009789	El Fuerte	El Fuerte	MX	1498	23.8536	-103.1212
4018370	Aquiles Serdán	Aquiles Serdan	MX	1498	20.0041	-102.2159
3817525	Texcapilla	Texcapilla	MX	1497	18.9457	-99.8953
4676794	Bruceville-Eddy	Bruceville-Eddy	US	1497	31.3052	-97.2517
3816640	Emiliano Zapata	Emiliano Zapata	MX	1496	16.1623	-93.2618
4005586	Granjenal	Granjenal	MX	1496	22.3927	-100.0689
3514558	Xcanatún	Xcanatun	MX	1495	21.0776	-89.6307
3522437	Ucum	Ucum	MX	1495	18.5026	-88.5184
3827460	San Miguel Tecpan	San Miguel Tecpan	MX	1495	19.5321	-99.3980
4013120	Comanja	Comanja	MX	1495	19.7461	-101.6908
4014220	Chinobampo	Chinobampo	MX	1495	26.3887	-108.3638
8859065	Agua Zarca	Agua Zarca	MX	1495	15.6342	-92.1447
8859066	Tapias de Santa Cruz (Pedro Ruiz González)	Tapias de Santa Cruz (Pedro Ruiz Gonzalez)	MX	1495	23.1889	-103.1311
3518513	San Lucas el Viejo	San Lucas el Viejo	MX	1494	18.6772	-97.7182
8859067	Rincón de Cedeños (Rincón de Dolores)	Rincon de Cedenos (Rincon de Dolores)	MX	1494	19.6781	-100.5764
3703820	Nuevo San Juan	Nuevo San Juan	PA	1494	9.2255	-79.6656
3598031	Comapa	Comapa	GT	1493	14.1128	-89.9147
3517688	Santa Catalina	Santa Catalina	MX	1493	18.1645	-95.2078
3522670	Nolo	Nolo	MX	1493	21.0089	-89.4228
8859068	Piletas	Piletas	MX	1493	19.5881	-96.9786
3825343	La Horqueta (Poblado Doce)	La Horqueta (Poblado Doce)	MX	1492	17.2101	-94.2025
3979640	Tziritzícuaro	Tziritzicuaro	MX	1492	19.9579	-100.4582
4015674	Candela	Candela	MX	1492	26.8384	-100.6663
8859069	El Sauz de Abajo	El Sauz de Abajo	MX	1492	20.0750	-102.2683
3821970	Los Saucitos	Los Saucitos	MX	1490	16.9855	-99.3000
3994446	Ojitos	Ojitos	MX	1490	24.3088	-103.3444
4012895	Corcovado	Corcovado	MX	1490	22.3952	-100.6934
4024585	Medio Sitio	Medio Sitio	MX	1490	20.8693	-101.3564
4027265	El Terrero	El Terrero	MX	1490	18.1293	-100.3182
8859070	Villa de los Niños	Villa de los Ninos	MX	1490	20.4067	-103.5417
8859071	Santo Tomás	Santo Tomas	MX	1490	18.0419	-96.5139
8859072	San Antonio	San Antonio	MX	1490	19.7561	-97.3569
4046430	Natalia	Natalia	US	1490	29.1897	-98.8625
3581821	Libertad	Libertad	BZ	1489	18.3079	-88.4544
3815881	Pomposo Castellanos	Pomposo Castellanos	MX	1489	16.5903	-93.8669
5305503	Morenci	Morenci	US	1489	33.0520	-109.3280
3615067	Armenia	Armenia	HN	1488	15.4667	-86.3667
3816017	Benito Juárez	Benito Juarez	MX	1488	16.8835	-93.1891
8859073	Norte 1ra. Sección (San Julián)	Norte 1ra. Seccion (San Julian)	MX	1488	18.3014	-93.2094
3589247	Santa María Visitación	Santa Maria Visitacion	GT	1487	14.7172	-91.3084
3517252	Santa María Guenagati	Santa Maria Guenagati	MX	1487	16.7386	-95.3544
3813989	El Nith	El Nith	MX	1487	20.4878	-99.1919
3821734	Cerro de Piedra	Cerro de Piedra	MX	1487	16.7765	-99.6304
8859074	Santa Teresita de Don Diego	Santa Teresita de Don Diego	MX	1487	20.8800	-100.7786
8859075	Mexcala	Mexcala	MX	1487	18.6956	-97.1647
5303587	Mammoth	Mammoth	US	1487	32.7226	-110.6406
3823208	Isla Holbox	Isla Holbox	MX	1486	21.5232	-87.3778
4027170	Santa Teresa	Santa Teresa	MX	1486	18.3409	-100.8192
8859076	Tlacoapa	Tlacoapa	MX	1486	17.2636	-98.7486
8859077	Vicente Guerrero	Vicente Guerrero	MX	1486	20.1232	-97.6542
8859078	Colonia 24 de Febrero	Colonia 24 de Febrero	MX	1486	25.6472	-108.6492
4023652	Guadalupe	Guadalupe	MX	1485	21.7170	-100.9767
8859079	Apas	Apas	MX	1485	16.7107	-92.7934
8859080	Zoquitlán	Zoquitlan	MX	1485	17.3419	-98.9492
8859081	Ejido del Tejocote	Ejido del Tejocote	MX	1485	19.4847	-99.2785
3607992	La Encarnación	La Encarnacion	HN	1484	14.6668	-89.0875
3610558	Rancho Grande	Rancho Grande	HN	1484	14.6885	-87.4952
4021921	Bahía Asunción	Bahia Asuncion	MX	1484	27.1423	-114.2958
8859082	Lipuntahuaca	Lipuntahuaca	MX	1484	20.0912	-97.6303
3816971	El Sacrificio	El Sacrificio	MX	1483	14.8728	-92.2278
3976534	Portaceli	Portaceli	MX	1483	24.3470	-107.3070
4021285	La Concepción	La Concepcion	MX	1483	22.0349	-102.2995
8859083	San Martín Obispo (San Martín San Pedro)	San Martin Obispo (San Martin San Pedro)	MX	1483	19.3194	-100.0747
4671988	Baird	Baird	US	1483	32.3940	-99.3942
4743057	Woodsboro	Woodsboro	US	1483	28.2383	-97.3200
3815428	San Miguel Analco	San Miguel Analco	MX	1482	19.1809	-98.3393
8859084	Taza de Agua Ojo Zarco	Taza de Agua Ojo Zarco	MX	1482	18.7833	-97.2022
3582329	Concepcion	Concepcion	BZ	1481	18.3231	-88.4742
3600280	Wawina	Wawina	HN	1481	15.4167	-84.4333
3825908	Boxasní	Boxasni	MX	1481	20.6708	-99.8486
8859085	Los Nicolases	Los Nicolases	MX	1481	20.8581	-101.3175
8859086	La Estancia	La Estancia	MX	1481	20.2989	-98.6894
3517274	Santa María Chicometepec	Santa Maria Chicometepec	MX	1480	16.1741	-97.9646
3762708	La Mina	La Mina	MX	1480	17.9869	-96.0998
3822078	Cuyuxtlahuaca	Cuyuxtlahuaca	MX	1480	17.4821	-98.3446
4009047	El Naranjo	El Naranjo	MX	1480	19.1288	-104.4161
8859087	Muquén	Muquen	MX	1480	16.8064	-92.6101
8859088	Tepechicotlán	Tepechicotlan	MX	1480	17.4832	-99.4155
8859089	El Tepetatal	El Tepetatal	MX	1480	19.3458	-99.7709
3515405	Tlamatoca	Tlamatoca	MX	1479	19.0931	-96.9369
3518737	San Juan Atepec	San Juan Atepec	MX	1479	17.4274	-96.5394
3800225	Tapanalá	Tapanala	MX	1479	15.9659	-95.7256
3818832	Pericotepec	Pericotepec	MX	1479	18.6067	-97.6310
3972273	Genaro Codina	Genaro Codina	MX	1479	22.4870	-102.4565
3973879	Suspiro Picacho	Suspiro Picacho	MX	1479	22.2110	-101.0860
4012918	Copándaro (Copándaro del Cuatro)	Copandaro (Copandaro del Cuatro)	MX	1479	19.9006	-101.6595
4029469	El Rosario	El Rosario	MX	1479	20.5246	-100.3090
3518766	San Juan	San Juan	MX	1478	25.5420	-99.8412
3526936	Hueyapa	Hueyapa	MX	1478	21.0852	-98.6890
3815784	La Gloria	La Gloria	MX	1478	17.4423	-92.9538
8859090	Valle de los Girasoles [Fraccionamiento]	Valle de los Girasoles [Fraccionamiento]	MX	1478	20.4267	-103.1989
8859091	Colonia Isidro Fabela	Colonia Isidro Fabela	MX	1478	19.3006	-99.5228
3700538	Tonosí	Tonosi	PA	1478	7.4072	-80.4394
3523577	Maravilla Tenejapa	Maravilla Tenejapa	MX	1477	16.1414	-91.2954
3801099	Zapotitlán Lagunas	Zapotitlan Lagunas	MX	1477	17.7562	-98.3896
4017852	Baburía	Baburia	MX	1477	25.8422	-108.2042
8859092	El Palmar (San Gabriel)	El Palmar (San Gabriel)	MX	1477	16.8456	-93.0164
8859093	Primer Cantón	Primer Canton	MX	1477	15.1206	-92.4400
3519154	San Isidro	San Isidro	MX	1476	19.9645	-97.2258
3814101	San Bartolo Ozocalpan	San Bartolo Ozocalpan	MX	1476	20.2234	-99.4891
3818789	Guadalupe Libertad	Guadalupe Libertad	MX	1476	19.1879	-97.3874
4029304	El Colomo	El Colomo	MX	1476	20.8696	-105.1560
8859094	Puxtla	Puxtla	MX	1476	18.8100	-98.9825
8859095	San Juan Pancoac	San Juan Pancoac	MX	1476	19.1492	-98.4419
8859096	Purísima de Cubos (La Purísima)	Purisima de Cubos (La Purisima)	MX	1476	20.6003	-100.1183
3514515	Xicoténcatl	Xicotencatl	MX	1474	17.5170	-92.7037
3517671	Santa Catarina Cuixtla	Santa Catarina Cuixtla	MX	1474	16.3040	-96.6439
3518841	San José Lachiguiri	San Jose Lachiguiri	MX	1474	16.3782	-96.3359
3522434	Ohuilapam	Ohuilapam	MX	1474	18.4020	-95.2628
3528458	El Pintor	El Pintor	MX	1474	21.1593	-98.4128
3817873	Santa María Nativitas	Santa Maria Nativitas	MX	1474	20.0918	-99.7984
3824526	La Concepción	La Concepcion	MX	1474	20.6497	-97.4029
3976868	Tres Garantías	Tres Garantias	MX	1474	25.8855	-108.7184
3988043	Samalayuca	Samalayuca	MX	1474	31.3436	-106.4775
3993321	Pasaje	Pasaje	MX	1474	24.9280	-103.8075
4727602	Seadrift	Seadrift	US	1474	28.4153	-96.7136
3802773	Aquiles Serdán 1ra. Sección	Aquiles Serdan 1ra. Seccion	MX	1473	17.8247	-92.7398
3827024	Cuendo	Cuendo	MX	1473	19.8003	-99.9478
3827204	San Miguel Yuxtepec	San Miguel Yuxtepec	MX	1473	19.5406	-99.7125
4013677	Coahuayutla de Guerrero	Coahuayutla de Guerrero	MX	1473	18.3151	-101.7355
8859097	Benito Juárez	Benito Juarez	MX	1473	15.0550	-92.1911
4027251	San Jerónimo el Grande	San Jeronimo el Grande	MX	1472	18.2117	-100.5018
8859098	El Sibal	El Sibal	MX	1472	16.9800	-91.4911
8859099	La Concepción	La Concepcion	MX	1472	19.6961	-99.3003
8859101	Colonia Chalchihuecan	Colonia Chalchihuecan	MX	1472	19.2142	-96.2144
3601733	San Sebastián	San Sebastian	HN	1471	14.2458	-87.6398
3517812	San Sebastián Abasolo	San Sebastian Abasolo	MX	1471	16.9944	-96.5869
3803262	La Raya Zaragoza	La Raya Zaragoza	MX	1471	17.4049	-92.6842
3613286	Concepción de Guasistagua	Concepcion de Guasistagua	HN	1470	14.6076	-87.6550
3528819	El Laurel	El Laurel	MX	1470	18.2746	-95.3288
3826931	Las Peñas	Las Penas	MX	1469	19.4497	-99.9994
3970768	Santa María de Guaymas	Santa Maria de Guaymas	MX	1469	28.1399	-110.6925
3982584	Tamándaro	Tamandaro	MX	1469	19.9490	-102.2850
8859102	Ángel Albino Corzo (Guadalupe)	Angel Albino Corzo (Guadalupe)	MX	1469	17.1264	-93.2750
3517741	Santa Ana Coapan	Santa Ana Coapan	MX	1468	18.8311	-97.8917
3525974	La Concepción	La Concepcion	MX	1468	16.8780	-99.6518
3823817	San Rafael Río Seco	San Rafael Rio Seco	MX	1468	18.8758	-96.8812
3817706	San Juan Totolapan	San Juan Totolapan	MX	1467	19.5309	-98.7269
3988732	Ricardo Flores Magón	Ricardo Flores Magon	MX	1467	24.4628	-104.5298
4003607	La Angostura	La Angostura	MX	1467	20.1964	-102.4417
4024678	Palmillas de San Juan	Palmillas de San Juan	MX	1467	20.7695	-100.8638
4026724	Tres Estrellas	Tres Estrellas	MX	1467	19.5870	-100.0228
8859103	Entronque de Matehuala (El Huizache)	Entronque de Matehuala (El Huizache)	MX	1467	22.9250	-100.4589
3822691	Chiquilá	Chiquila	MX	1466	21.4327	-87.3356
3985011	San Pedro Nuevo	San Pedro Nuevo	MX	1466	27.0214	-109.6318
4012696	Costa Azul	Costa Azul	MX	1466	25.1021	-108.1369
8859104	Estación Mogoñé	Estacion Mogone	MX	1466	16.9947	-95.0367
8859105	El Molino	El Molino	MX	1466	19.8133	-97.5803
3708432	Jaqué	Jaque	PA	1466	7.5183	-78.1634
3614893	Bálsamo Oriental	Balsamo Oriental	HN	1465	15.4833	-86.3333
3514611	Xaagá	Xaaga	MX	1465	16.9038	-96.3281
3818946	Huachinantla	Huachinantla	MX	1465	18.2817	-98.9680
4019291	Agua Nueva	Agua Nueva	MX	1465	25.1877	-101.0884
3682030	Giraldo	Giraldo	CO	1464	6.6801	-75.9526
3518639	San Juan de los Cués	San Juan de los Cues	MX	1464	18.0467	-97.0601
3818619	Xochicuautla	Xochicuautla	MX	1464	20.0538	-97.8891
3602137	San José	San Jose	HN	1463	14.2481	-87.9595
3515604	Tiholop	Tiholop	MX	1463	20.3318	-88.6892
3815805	Plan de Ayala	Plan de Ayala	MX	1463	17.4738	-93.4876
3827294	San Diego	San Diego	MX	1463	19.0083	-99.6543
4011591	Ejido Vicente Guerrero	Ejido Vicente Guerrero	MX	1463	32.3957	-115.1409
4015529	El Capomal	El Capomal	MX	1463	21.8380	-105.1212
4024745	Santa Catarina	Santa Catarina	MX	1463	21.1420	-100.0720
8723176	El Zapote Bravo	El Zapote Bravo	MX	1463	20.6620	-97.9991
8859106	San José Cuaro	San Jose Cuaro	MX	1463	19.9883	-101.2519
3515470	San José Tlacotitlán	San Jose Tlacotitlan	MX	1462	18.9858	-98.8061
3526560	San Juan Bautista Jayacatlán	San Juan Bautista Jayacatlan	MX	1462	17.4233	-96.8228
3821041	La Libertad	La Libertad	MX	1462	18.5695	-90.5134
4004834	Higueras	Higueras	MX	1462	25.9608	-100.0168
4024319	San Javier	San Javier	MX	1462	20.6676	-101.4294
8859107	Chacoma	Chacoma	MX	1462	16.8761	-92.4914
3607797	Laguna Verde	Laguna Verde	HN	1460	15.2000	-88.1667
3972266	Rancho Nuevo	Rancho Nuevo	MX	1460	22.4080	-102.3485
3973682	Emiliano Zapata	Emiliano Zapata	MX	1460	21.9215	-100.9136
8859108	El Potrerillo (Potrerillo del Rincón)	El Potrerillo (Potrerillo del Rincon)	MX	1460	16.9581	-98.7308
8859109	Gildardo Magaña (Los Ángeles)	Gildardo Magana (Los Angeles)	MX	1460	19.5489	-102.4586
8859110	Santiago	Santiago	MX	1460	19.8119	-97.3236
4735467	Taft Southwest (historical)	Taft Southwest (historical)	US	1460	27.9739	-97.4030
3520903	Santiago Quiavicuzas	Santiago Quiavicuzas	MX	1459	16.8630	-95.7176
8859111	Fermín Rabadán Cervantes	Fermin Rabadan Cervantes	MX	1459	18.3153	-99.5672
8859112	Colonia Palma	Colonia Palma	MX	1459	19.5644	-99.4242
3817596	Los Saucos	Los Saucos	MX	1458	19.1652	-99.9989
3827169	La Esperanza	La Esperanza	MX	1458	19.6838	-99.5157
4015968	Campo Balbuena	Campo Balbuena	MX	1458	24.7465	-107.5493
3518609	San Juan Tizahuapan	San Juan Tizahuapan	MX	1457	20.0506	-98.6663
3532948	Santa María Amajac	Santa Maria Amajac	MX	1457	20.3244	-98.7417
3821494	San Juan de Dios (Naranjas de Dios)	San Juan de Dios (Naranjas de Dios)	MX	1457	18.5497	-99.5558
3982566	Tamazulita	Tamazulita	MX	1457	20.2032	-103.9701
4013064	La Concepción	La Concepcion	MX	1457	22.5158	-102.2649
3986069	San Juan Atezcapan	San Juan Atezcapan	MX	1456	19.1674	-100.1849
3994605	Nuevo León	Nuevo Leon	MX	1456	25.7193	-103.2951
3827239	San José Pathé	San Jose Pathe	MX	1455	19.4353	-99.6311
3970760	Mi Patria es Primero	Mi Patria es Primero	MX	1455	28.0508	-110.6780
3983629	Santiago Undameo	Santiago Undameo	MX	1455	19.5950	-101.2845
3581166	San Pedro	San Pedro	BZ	1454	16.2715	-88.9544
3523468	Matamoros	Matamoros	MX	1453	18.5851	-90.6465
3818882	Tepetzitzintla	Tepetzitzintla	MX	1453	18.6871	-98.0730
3821748	El Salto	El Salto	MX	1453	16.8646	-99.7654
11057702	Tlacolulan	Tlacolulan	MX	1453	19.6669	-97.0019
3600662	Tornabé	Tornabe	HN	1452	15.7500	-87.5500
3602396	San Buenaventura	San Buenaventura	HN	1452	15.0243	-87.9945
3816104	Patosil	Patosil	MX	1452	16.7521	-92.7413
3816756	La Línea	La Linea	MX	1452	16.1308	-94.0356
8859114	Orizaba	Orizaba	MX	1452	23.9575	-104.0739
11534826	Ejido de Coscomate del Progreso	Ejido de Coscomate del Progreso	MX	1452	19.9338	-99.5472
4003685	Júpare	Jupare	MX	1451	26.8026	-109.7022
4017326	Basúchil	Basuchil	MX	1451	28.5218	-107.4006
8859115	Barrio los Tules	Barrio los Tules	MX	1451	19.4292	-100.0747
8859116	Majomut	Majomut	MX	1450	16.8492	-92.6594
8859117	Usipa	Usipa	MX	1450	17.5003	-92.4381
8859118	Gabriel Leyva Solano (Zapotillo Dos)	Gabriel Leyva Solano (Zapotillo Dos)	MX	1450	25.8831	-109.0092
3600271	Yaguacire	Yaguacire	HN	1449	14.0157	-87.2160
3516966	Santiago Ayuquililla	Santiago Ayuquililla	MX	1449	17.9334	-97.9570
3531854	Cahuatache	Cahuatache	MX	1449	17.4166	-98.5328
4024592	Medranos	Medranos	MX	1449	20.8829	-101.4373
8859119	Tetecolala	Tetecolala	MX	1449	18.9225	-99.1628
3671371	Puerto Parra	Puerto Parra	CO	1448	6.6515	-74.0573
3823895	San Fernando	San Fernando	MX	1448	18.2697	-94.8843
3827209	San José las Lomas	San Jose las Lomas	MX	1448	19.4794	-99.6705
4026761	Loma de Juárez	Loma de Juarez	MX	1448	19.4352	-100.0902
8859120	Vista Hermosa (Cuasinada)	Vista Hermosa (Cuasinada)	MX	1448	20.3686	-100.0125
8859121	Ciudad Satélite	Ciudad Satelite	MX	1448	22.1108	-100.7958
3707220	La Mesa	La Mesa	PA	1448	9.1757	-79.2724
3581222	San Antonio	San Antonio	BZ	1447	16.2436	-89.0242
3518021	San Pedro Apóstol	San Pedro Apostol	MX	1447	16.7369	-96.7247
3983679	Santiago	Santiago	MX	1447	22.4543	-101.4587
4002497	La Esperanza	La Esperanza	MX	1447	25.5663	-103.2804
4026616	San Antonio Solís	San Antonio Solis	MX	1447	19.9996	-100.0862
11087535	Juan de la Granja	Juan de la Granja	MX	1447	19.2212	-97.8088
3706590	Las Colinas	Las Colinas	PA	1447	8.5500	-80.0833
3515266	Tonayán	Tonayan	MX	1446	19.6830	-96.9212
3800653	San Juan Lagunas	San Juan Lagunas	MX	1446	16.9975	-97.9307
3823677	La Capilla	La Capilla	MX	1446	18.8942	-96.2419
4005579	Villa Gregorio García	Villa Gregorio Garcia	MX	1446	25.7530	-103.3522
4006283	Flor Azul	Flor Azul	MX	1446	25.8695	-109.0089
8859122	San Isidro	San Isidro	MX	1446	20.7911	-103.3511
8859123	Monte Largo 1ra. Sección	Monte Largo 1ra. Seccion	MX	1446	17.8357	-92.6066
3619695	El Jicaral	El Jicaral	NI	1446	12.7268	-86.3806
3995341	Moroncárit	Moroncarit	MX	1445	26.7350	-109.6158
8859124	San Francisco Tláloc	San Francisco Tlaloc	MX	1445	19.3697	-98.4772
3607538	La Libertad	La Libertad	HN	1444	14.8113	-88.5871
3515726	Texcala	Texcala	MX	1444	18.9344	-98.7947
3517971	San Pedro Petlacotla	San Pedro Petlacotla	MX	1444	20.4119	-97.9144
3518279	San Miguel Chimalapa	San Miguel Chimalapa	MX	1444	16.7142	-94.7481
3519262	Mixtla	Mixtla	MX	1444	18.9050	-97.8955
3815893	Francisco I. Madero	Francisco I. Madero	MX	1444	16.8036	-93.7582
8859125	Colonia Aviación Autopan	Colonia Aviacion Autopan	MX	1444	19.3792	-99.6928
8859126	Paisanos	Paisanos	MX	1444	22.2036	-101.0358
8859127	San José Villarreal	San Jose Villarreal	MX	1444	19.5328	-97.8975
3701451	San José	San Jose	PA	1444	8.5354	-79.9236
3521382	Plan de Ayala	Plan de Ayala	MX	1443	14.9838	-92.4766
3818871	San Buenaventura	San Buenaventura	MX	1443	18.9020	-97.9262
3518238	San Miguel Tecuitlapa	San Miguel Tecuitlapa	MX	1442	19.1212	-97.5471
3518714	San Juan Chilateca	San Juan Chilateca	MX	1442	16.8303	-96.6694
3533040	Almolonga	Almolonga	MX	1442	18.4763	-97.9635
3802807	La Unión	La Union	MX	1442	17.8484	-92.4963
3824222	Aquiles Serdán	Aquiles Serdan	MX	1442	21.8712	-98.1508
4003733	Jucutácato	Jucutacato	MX	1442	19.3765	-102.0796
4025998	La Placita de Morelos	La Placita de Morelos	MX	1442	18.5322	-103.5876
8859128	Poblado Chulavista (El Chorizo)	Poblado Chulavista (El Chorizo)	MX	1442	30.7472	-116.0031
8859129	Las Trojas	Las Trojas	MX	1442	20.7111	-100.7808
8859130	Paraje la Pera	Paraje la Pera	MX	1442	19.3806	-99.3450
4670886	Annetta	Annetta	US	1442	32.7093	-97.6761
5529609	Rotan	Rotan	US	1442	32.8520	-100.4657
3612949	Cusuna	Cusuna	HN	1441	15.8500	-85.2333
3531129	Chapopote Chico	Chapopote Chico	MX	1441	21.1374	-98.2476
3532540	San Miguel Axoxuca	San Miguel Axoxuca	MX	1441	17.5493	-98.6616
3821952	Tlaxcalixtlahuaca	Tlaxcalixtlahuaca	MX	1441	16.9818	-98.7784
3980878	Tupátaro	Tupataro	MX	1441	20.5944	-101.6456
3987555	San Bernardo	San Bernardo	MX	1441	20.9676	-101.8705
8859131	Conjunto Habitacional el Trébol	Conjunto Habitacional el Trebol	MX	1441	19.7669	-101.1547
5457146	Berino	Berino	US	1441	32.0709	-106.6214
3514578	Xanabá	Xanaba	MX	1440	20.8361	-89.0137
8859132	31 de Octubre	31 de Octubre	MX	1440	27.2958	-110.0375
3611352	El Lolo	El Lolo	HN	1438	14.1345	-87.2545
3983486	San Vicente el Alto	San Vicente el Alto	MX	1438	20.5684	-100.1649
4024304	Peñuelas	Penuelas	MX	1438	20.7171	-101.2969
8859133	Estación de Apulco	Estacion de Apulco	MX	1438	20.2861	-98.3475
8859134	San Jerónimo Coaltepec	San Jeronimo Coaltepec	MX	1438	20.0039	-97.8664
8859135	La Laguna	La Laguna	MX	1438	18.7994	-97.7367
3517295	Santa María Acú	Santa Maria Acu	MX	1437	20.5471	-90.1635
3519952	San Andrés	San Andres	MX	1437	20.0528	-99.3847
4002430	La Estancia de Amezcua	La Estancia de Amezcua	MX	1437	20.0069	-102.2466
3516235	Tatahuicapá	Tatahuicapa	MX	1436	17.5511	-95.6409
3528433	El Porvenir de Velasco Suárez	El Porvenir de Velasco Suarez	MX	1436	15.4571	-92.2800
3816190	Los Pozos	Los Pozos	MX	1436	16.6477	-92.4073
4002164	San Antonio de la Laguna	San Antonio de la Laguna	MX	1436	19.3013	-100.0718
4014177	Chiquimitío	Chiquimitio	MX	1436	19.7915	-101.2514
8859136	Rio de la Soledad	Rio de la Soledad	MX	1436	20.1150	-98.7119
3610118	El Tigre	El Tigre	HN	1435	14.9333	-87.9833
3519260	San Francisco Oxtotilpan	San Francisco Oxtotilpan	MX	1435	19.1693	-99.9027
4026649	San Nicolás el Oro	San Nicolas el Oro	MX	1435	19.8059	-100.1175
10180024	San Antonio	San Antonio	PA	1435	9.1729	-79.5474
3520230	Rizo de Oro	Rizo de Oro	MX	1434	15.9709	-92.4832
3532536	Ayotla	Ayotla	MX	1434	18.6700	-98.3727
3800782	La Humedad	La Humedad	MX	1434	16.5822	-97.6672
3816431	Río Blanco	Rio Blanco	MX	1433	16.2050	-91.6343
3818653	Atecax	Atecax	MX	1433	19.6987	-97.3670
3984587	Santa Catarina	Santa Catarina	MX	1433	22.0478	-100.4604
8859137	Tacubaya	Tacubaya	MX	1433	25.6836	-103.0686
8859138	Benito Juárez (La Playita)	Benito Juarez (La Playita)	MX	1433	17.9323	-93.3647
8859139	Lázaro Cárdenas (Santana)	Lazaro Cardenas (Santana)	MX	1433	20.2250	-97.5931
11095031	Bara de Chachalacas	Bara de Chachalacas	MX	1433	19.4064	-96.3416
3602077	San José del Boquerón	San Jose del Boqueron	HN	1432	15.5186	-87.8979
3609342	Gualjoco	Gualjoco	HN	1432	14.9599	-88.2374
3821707	Valle del Río	Valle del Rio	MX	1432	16.9761	-99.9364
3980055	Las Virginias	Las Virginias	MX	1432	25.8008	-103.2724
4002267	La Gavia	La Gavia	MX	1432	20.3939	-100.8813
3515871	Tepetitán	Tepetitan	MX	1431	17.8200	-92.3725
3815980	Viva Cárdenas	Viva Cardenas	MX	1431	16.8357	-93.1933
8859140	Nuevo Pumpuapa (Cereso)	Nuevo Pumpuapa (Cereso)	MX	1431	14.9256	-92.3653
8859141	Ex-Hacienda del Copal	Ex-Hacienda del Copal	MX	1431	20.7408	-101.3353
4683230	Copper Canyon	Copper Canyon	US	1431	33.0960	-97.0967
5466605	Elephant Butte	Elephant Butte	US	1431	33.1487	-107.1847
3601664	Santa Cruz	Santa Cruz	HN	1430	13.8667	-86.6333
3825864	San Martín	San Martin	MX	1430	20.7226	-99.9747
3985715	San Lucas Texcaltitlán	San Lucas Texcaltitlan	MX	1430	19.3007	-100.1716
4011969	La Despensa	La Despensa	MX	1430	25.9917	-109.2723
3519913	San Andrés Teotilalpam	San Andres Teotilalpam	MX	1429	17.9541	-96.6561
3816512	Cash	Cash	MX	1429	16.2643	-92.0978
3818598	Tlaxpanaloya	Tlaxpanaloya	MX	1429	20.2259	-98.1204
3821706	El Conchero	El Conchero	MX	1429	16.9427	-99.9623
3997594	Los Limones	Los Limones	MX	1429	19.6007	-102.5303
8859142	Déxtho de Victoria	Dextho de Victoria	MX	1429	20.3253	-99.0239
8859143	Javier Rojo Gómez	Javier Rojo Gomez	MX	1429	25.4947	-108.3775
3701466	San Ignacio de Tupile	San Ignacio de Tupile	PA	1429	9.2950	-78.1550
3982684	Tacícuaro	Tacicuaro	MX	1428	19.6698	-101.3593
3996049	Mexquitic de Carmona	Mexquitic de Carmona	MX	1428	22.2664	-101.1127
8859144	Juan del Grijalva	Juan del Grijalva	MX	1428	16.7281	-92.9775
3802685	La Palma	La Palma	MX	1427	17.9797	-92.8042
3824997	Las Sabanetas	Las Sabanetas	MX	1427	18.1260	-95.8228
3825633	Agua Fría	Agua Fria	MX	1427	21.1556	-99.7978
3972136	El Sitio	El Sitio	MX	1427	21.9632	-101.5881
4018334	Araró	Araro	MX	1427	19.9111	-100.8250
8859145	Colonia Obrera	Colonia Obrera	MX	1427	15.0981	-92.4981
8859146	San Pablo Huacano	San Pablo Huacano	MX	1427	17.1958	-93.2075
8859147	Jilotzingo	Jilotzingo	MX	1427	20.0325	-97.9025
4710782	Meridian	Meridian	US	1427	31.9232	-97.6567
3517165	Santa Martha Chichihualtepec	Santa Martha Chichihualtepec	MX	1426	16.6495	-96.7745
4025055	Tepetongo	Tepetongo	MX	1426	19.9088	-100.1327
8859148	Cantioc	Cantioc	MX	1426	17.2622	-92.4069
3519694	San Antonio Rayón	San Antonio Rayon	MX	1425	22.4203	-98.4165
3532686	Arroyo Seco	Arroyo Seco	MX	1425	21.5479	-99.6889
3818762	Mazapiltepec	Mazapiltepec	MX	1425	19.1191	-97.7028
4018070	Atacheo de Regalado	Atacheo de Regalado	MX	1425	20.0622	-102.1874
8859149	Nuevo Michoacán (Estación Riíto)	Nuevo Michoacan (Estacion Riito)	MX	1425	32.1661	-114.9617
8859150	Abrevadero	Abrevadero	MX	1425	18.2822	-95.2144
3605258	Los Tangos	Los Tangos	HN	1424	15.1458	-88.6793
3516276	Tanute	Tanute	MX	1424	21.6524	-99.0376
3526705	Ixpila	Ixpila	MX	1424	19.1201	-96.9641
3526731	Ixcateopan	Ixcateopan	MX	1424	17.6184	-98.5158
3761693	Tlaltetelco (San Miguel Tlaltetelco)	Tlaltetelco (San Miguel Tlaltetelco)	MX	1424	18.9522	-98.8881
3827034	San Bartolo Lanzados	San Bartolo Lanzados	MX	1424	19.8664	-99.8939
4012000	Derramaderos	Derramaderos	MX	1424	22.5703	-100.9323
8859151	Tronconal	Tronconal	MX	1424	18.8050	-98.4836
3817718	Tlaltecahuacán	Tlaltecahuacan	MX	1423	19.5790	-98.8807
8859152	La Magdalena de los Reyes (La Magdalena)	La Magdalena de los Reyes (La Magdalena)	MX	1423	19.1897	-99.4100
5342657	Descanso	Descanso	US	1423	32.8528	-116.6158
3589402	Santa Cruz La Laguna	Santa Cruz La Laguna	GT	1422	14.7442	-91.2072
3516922	Santiago Tapextla	Santiago Tapextla	MX	1422	16.3412	-98.4474
3823035	X-Hazil Sur	X-Hazil Sur	MX	1422	19.3917	-88.0742
3972907	Chichimequillas	Chichimequillas	MX	1422	23.2397	-102.5800
5531919	Sundown	Sundown	US	1422	33.4562	-102.4894
3522795	Natívitas	Nativitas	MX	1421	19.2333	-98.3147
3530376	Comapa	Comapa	MX	1421	19.1640	-96.8866
3816748	Huizachal	Huizachal	MX	1421	16.0518	-93.8001
3827128	La Esperanza	La Esperanza	MX	1421	19.8342	-99.5505
8859153	Temastián (La Cantera)	Temastian (La Cantera)	MX	1421	21.9772	-103.5250
8859154	Polvillos (San Bartolo Quinta Sección)	Polvillos (San Bartolo Quinta Seccion)	MX	1421	19.2361	-100.0800
8859155	Cuaxoxpan	Cuaxoxpan	MX	1421	19.8081	-97.3458
3530833	Chinantla	Chinantla	MX	1420	18.2014	-98.2643
3815618	Nuevo Francisco León	Nuevo Francisco Leon	MX	1420	17.0303	-91.3222
3827475	Caja de Agua	Caja de Agua	MX	1420	19.6433	-99.3650
3980517	Veinte de Noviembre	Veinte de Noviembre	MX	1420	25.7118	-103.3289
8859156	Fraccionamiento Praderas de la Venta	Fraccionamiento Praderas de la Venta	MX	1420	20.5361	-101.0000
4710697	Menard	Menard	US	1420	30.9177	-99.7865
3532758	Arcelia del Progreso	Arcelia del Progreso	MX	1419	16.7365	-98.6448
3815589	Egipto	Egipto	MX	1419	17.2621	-91.9715
8859157	Sibaniljá Pocolum	Sibanilja Pocolum	MX	1419	16.8764	-92.4611
3616757	San José de Cusmapa	San Jose de Cusmapa	NI	1419	13.2884	-86.6554
10348468	Los Pollos	Los Pollos	PA	1419	8.4070	-80.1572
3823488	Tlalconteno	Tlalconteno	MX	1418	19.4483	-97.2466
3981783	La Tesorera	La Tesorera	MX	1418	22.6968	-102.1169
4023986	Labor de Peralta	Labor de Peralta	MX	1418	20.4087	-101.4092
8859158	Los Condes	Los Condes	MX	1418	23.8389	-103.0786
3813987	Taxadho	Taxadho	MX	1417	20.4334	-99.1495
3985469	San Miguel Xoltepec	San Miguel Xoltepec	MX	1417	19.2526	-100.0832
4006519	Las Varas (Estación Babícora)	Las Varas (Estacion Babicora)	MX	1417	29.4808	-108.0256
4015159	Casa Blanca	Casa Blanca	MX	1417	25.4321	-108.4252
4023209	Providencia de Nápoles	Providencia de Napoles	MX	1417	21.0226	-101.4581
8859159	La Playa	La Playa	MX	1417	23.0642	-109.6683
8859160	San Pablo de los Gallos	San Pablo de los Gallos	MX	1417	19.6772	-99.2461
3816870	El Carmen	El Carmen	MX	1416	15.5755	-93.1286
3823536	Chavaxtla	Chavaxtla	MX	1416	19.1279	-96.8260
4011621	El Porvenir	El Porvenir	MX	1416	32.0767	-116.6246
3518406	San Martín Tlapala	San Martin Tlapala	MX	1415	18.9667	-98.4589
3802224	Palo Mulato	Palo Mulato	MX	1415	18.0211	-93.7764
3827032	San Luis Boro	San Luis Boro	MX	1415	19.8132	-99.8558
3985846	San Juan de Sabinas	San Juan de Sabinas	MX	1415	27.9289	-101.3038
4024912	San José de Ayala	San Jose de Ayala	MX	1415	20.3870	-101.4423
8859161	El Polvorín	El Polvorin	MX	1415	16.5783	-98.8014
8859162	Buena Vista (Puxcatán)	Buena Vista (Puxcatan)	MX	1415	17.7307	-92.6200
8859163	San Antonio Xoquitla	San Antonio Xoquitla	MX	1415	19.3406	-97.1650
13286683	Western Paradise	Western Paradise	BZ	1414	17.4709	-88.2955
3516165	Santa María Guadalupe Tecola	Santa Maria Guadalupe Tecola	MX	1414	18.9064	-98.1960
3519667	Xochitlaxco (San Baltazar)	Xochitlaxco (San Baltazar)	MX	1414	19.9414	-97.8636
3826905	Cañada de Guadarrama	Canada de Guadarrama	MX	1414	19.3127	-99.7897
4011399	Ejutla	Ejutla	MX	1414	19.9063	-104.1621
3483511	Picholco	Picholco	MX	1413	21.3880	-98.8534
3528771	El Maguey	El Maguey	MX	1413	18.8329	-96.7345
8859164	El Águila (La Mesa)	El Aguila (La Mesa)	MX	1413	19.1669	-99.4064
8859165	Adolfo Moreno	Adolfo Moreno	MX	1413	19.7247	-97.2381
3531617	Caobas	Caobas	MX	1412	18.4450	-89.1050
3531743	Camocuautla	Camocuautla	MX	1412	20.0380	-97.7585
8859166	Mérida	Merida	MX	1412	16.5675	-93.8172
3817780	San Antonio de las Palmas	San Antonio de las Palmas	MX	1411	19.7181	-98.8568
3821773	Pochotillo	Pochotillo	MX	1411	17.0207	-99.4273
3824490	Emiliano Zapata	Emiliano Zapata	MX	1411	20.8634	-97.7214
4007349	El Tecolote	El Tecolote	MX	1411	20.8843	-101.9247
4021276	Valladolid	Valladolid	MX	1411	22.0211	-102.3150
8859167	Nuevo Guerrero	Nuevo Guerrero	MX	1411	18.2258	-100.5258
3519358	San Francisco Ozomatlán	San Francisco Ozomatlan	MX	1410	17.9254	-99.3390
4002071	Lagunillas	Lagunillas	MX	1410	17.8255	-101.7105
4024940	La Angostura	La Angostura	MX	1410	20.2777	-101.1102
3701239	Santa Clara	Santa Clara	PA	1410	9.0339	-79.7534
3531061	Chavarrillo	Chavarrillo	MX	1409	19.4262	-96.7958
3817505	Porfirío Díaz	Porfirio Diaz	MX	1409	18.9288	-99.7268
3824916	Ixtacapa el Chico	Ixtacapa el Chico	MX	1409	18.4902	-96.7425
8859168	Colonia las Arboledas	Colonia las Arboledas	MX	1409	18.7853	-98.9397
8859169	Morelos	Morelos	MX	1409	19.7547	-97.5775
8859170	Cuauhtamingo	Cuauhtamingo	MX	1409	19.7647	-97.3142
5477080	Loving	Loving	US	1409	32.2862	-104.0958
3484000	Zamachihue	Zamachihue	MX	1408	22.5099	-99.6562
3519638	San Bartolomé Loxicha	San Bartolome Loxicha	MX	1408	15.9699	-96.7092
3802355	Cúlico 2da. Sección	Culico 2da. Seccion	MX	1408	18.1412	-93.1322
3818905	San Isidro Huilotepec	San Isidro Huilotepec	MX	1408	18.8808	-98.3831
4007213	El Tizate	El Tizate	MX	1408	21.8018	-105.1168
4024094	Ojo de Agua de la Trinidad	Ojo de Agua de la Trinidad	MX	1408	20.3928	-100.6323
8859171	Santa Anita	Santa Anita	MX	1408	17.4258	-98.7189
3711694	Kusapín	Kusapin	PA	1408	9.1816	-81.8879
4724298	Runaway Bay	Runaway Bay	US	1408	33.1679	-97.8784
3981880	Tequisquiapan	Tequisquiapan	MX	1407	21.0808	-100.8228
4024589	San Diego el Grande	San Diego el Grande	MX	1407	20.8876	-101.4099
4029634	Bravo	Bravo	MX	1407	20.3997	-100.4240
8859172	Orba (Infiernito)	Orba (Infiernito)	MX	1407	25.6894	-108.3628
8859173	Paso de la Mina 2da. Sección (Barrial)	Paso de la Mina 2da. Seccion (Barrial)	MX	1407	17.9528	-93.6908
3589287	Santa Lucia La Reforma	Santa Lucia La Reforma	GT	1406	15.1282	-91.2362
3515842	Tepeyehualco de Hidalgo	Tepeyehualco de Hidalgo	MX	1406	19.4887	-97.4925
3530253	Copila	Copila	MX	1406	20.2730	-98.0829
3762710	Pueblo Viejo	Pueblo Viejo	MX	1406	17.9077	-96.0570
3818616	Tlaola	Tlaola	MX	1406	20.1386	-97.9231
3824669	El Arenal	El Arenal	MX	1406	20.2683	-97.5925
3997962	Los Charcos	Los Charcos	MX	1406	20.2656	-102.4077
4009286	El Mentidero	El Mentidero	MX	1406	19.7704	-104.2929
8859174	Ignacio Manuel Altamirano	Ignacio Manuel Altamirano	MX	1406	19.3672	-98.5831
8859175	Rancho Nuevo de Morelos (De Guadalupe)	Rancho Nuevo de Morelos (De Guadalupe)	MX	1406	22.3406	-101.7853
11049077	St. Margaret	St. Margaret	BZ	1405	17.0905	-88.6110
3602777	Río Chiquito	Rio Chiquito	HN	1405	15.6341	-88.2414
3603035	Quebradas	Quebradas	HN	1405	14.5000	-87.3500
3818923	Santa Cruz Cuautomatitla	Santa Cruz Cuautomatitla	MX	1405	18.8892	-98.6592
3822575	Xohuayan	Xohuayan	MX	1405	20.1881	-89.3832
3823422	Llano Grande	Llano Grande	MX	1405	19.3696	-96.8838
8859176	San Isidro Monterrosas	San Isidro Monterrosas	MX	1405	18.8567	-97.5753
3611699	El Guayabito	El Guayabito	HN	1404	14.8333	-86.0333
3517986	San Pedro Juchaltengo	San Pedro Juchaltengo	MX	1404	16.3453	-97.0895
3531944	Burgos	Burgos	MX	1404	24.9471	-98.7999
3817414	San Alejo	San Alejo	MX	1404	18.8386	-99.7292
4013481	Colonia Abraham González (La Quemada)	Colonia Abraham Gonzalez (La Quemada)	MX	1404	28.2067	-105.4075
4018023	Aticama	Aticama	MX	1404	21.4836	-105.1973
8859177	Villa Rotaria	Villa Rotaria	MX	1404	17.1944	-100.6692
3581416	Progresso	Progresso	BZ	1403	18.2309	-88.4107
4006339	Felipe Ángeles	Felipe Angeles	MX	1403	25.8681	-109.0406
4025313	La Mojonera	La Mojonera	MX	1403	19.7030	-101.8340
8859178	Buenavista	Buenavista	MX	1403	16.2428	-91.9878
4670605	Alvord	Alvord	US	1403	33.3584	-97.6947
3999819	Las Higueras de los Natoches	Las Higueras de los Natoches	MX	1402	25.9564	-108.9772
4029432	Palo Alto	Palo Alto	MX	1402	20.8667	-100.4005
4018333	Aratichanguio	Aratichanguio	MX	1401	18.4800	-101.3608
8859179	La Amistad	La Amistad	MX	1401	20.0083	-99.3203
8859180	Atotonilco	Atotonilco	MX	1401	19.9411	-100.2231
8859181	Veintiuno de Agosto	Veintiuno de Agosto	MX	1401	19.7250	-97.2722
4691441	Flatonia	Flatonia	US	1401	29.6877	-97.1086
3516856	Santo Domingo Atoyatempan	Santo Domingo Atoyatempan	MX	1400	18.9044	-98.3731
3526890	Huitepec	Huitepec	MX	1400	21.0546	-98.7233
4013063	La Concha (La Concepción)	La Concha (La Concepcion)	MX	1400	22.5325	-105.4525
3603137	Punta Ocote	Punta Ocote	HN	1399	15.2000	-87.2833
3530917	Chicuasen	Chicuasen	MX	1399	19.5279	-96.6722
3816494	El Progreso	El Progreso	MX	1399	16.1160	-91.8603
3822885	Huay Max	Huay Max	MX	1399	20.0417	-88.5259
3985297	San Nicolás Tolentino	San Nicolas Tolentino	MX	1399	19.1847	-100.2411
4026690	Cedro de la Manzana	Cedro de la Manzana	MX	1399	19.6921	-100.1166
13286695	St. Matthew's	St. Matthew's	BZ	1398	17.2743	-88.6443
3514351	Yahualica	Yahualica	MX	1398	20.9537	-98.3805
3815814	Francisco I. Madero	Francisco I. Madero	MX	1398	17.2129	-93.3900
3981125	Trejos	Trejos	MX	1398	20.7929	-103.1941
3982551	Tanaquillo	Tanaquillo	MX	1398	19.8464	-102.0982
8859182	Oriente 6ta. Sección (Los Mulatos)	Oriente 6ta. Seccion (Los Mulatos)	MX	1398	18.1672	-93.2358
3714336	Barranco	Barranco	PA	1398	9.5198	-82.7042
3526517	Jicayán de Tovar	Jicayan de Tovar	MX	1397	17.1266	-98.2365
3531331	Cerritos	Cerritos	MX	1397	19.1332	-96.6096
3814475	La Cañada	La Canada	MX	1397	19.9964	-99.2413
3766939	Bellavista	Bellavista	CO	1396	6.5564	-76.8839
3985713	San Lucas	San Lucas	MX	1396	20.2933	-100.5531
4010920	El Botadero	El Botadero	MX	1396	21.7539	-105.2863
8859183	Ignacio Allende	Ignacio Allende	MX	1396	16.5256	-92.9922
8859184	Las Masas (La Luz Masas)	Las Masas (La Luz Masas)	MX	1396	20.5992	-101.5428
8859185	La Joya	La Joya	MX	1396	18.9725	-99.6528
8859186	Rancho Nuevo	Rancho Nuevo	MX	1395	18.5814	-97.2247
3979252	Licenciado Gustavo Díaz Ordaz	Licenciado Gustavo Diaz Ordaz	MX	1394	30.9751	-116.1556
4695553	Gunter	Gunter	US	1394	33.4479	-96.7475
3530535	Coatepec	Coatepec	MX	1393	18.6675	-98.5599
3531525	Carpinteros	Carpinteros	MX	1393	20.5867	-98.5389
3532276	Benito Juárez	Benito Juarez	MX	1393	20.8864	-98.2059
3815804	Nuevo Xochimilco	Nuevo Xochimilco	MX	1393	17.4544	-93.3690
3821805	San Francisco Oxtutla	San Francisco Oxtutla	MX	1393	17.9617	-98.9849
3973239	Cañas	Canas	MX	1393	23.7423	-103.2447
3977102	Santa María Transpontina	Santa Maria Transpontina	MX	1393	21.4149	-102.2572
3981407	Tolimán	Toliman	MX	1393	19.6014	-103.9152
8859187	Belisario Domínguez	Belisario Dominguez	MX	1393	17.4061	-91.9836
3702577	Portobelo	Portobelo	PA	1393	9.5530	-79.6569
3604395	Nueva Armenia	Nueva Armenia	HN	1392	15.7956	-86.4985
3523767	Mafafas	Mafafas	MX	1392	19.6586	-96.7551
3531933	Bustamante	Bustamante	MX	1392	23.4358	-99.7578
3532168	Bolón	Bolon	MX	1392	20.8498	-89.8323
3824624	La Palma	La Palma	MX	1392	20.1802	-97.0677
7732683	Real de Catorce	Real de Catorce	MX	1392	23.6900	-100.8868
8859188	Lomas de Tepemecatl	Lomas de Tepemecatl	MX	1392	19.2386	-99.2394
8859189	El Mirador	El Mirador	MX	1392	18.7714	-99.3414
5460322	Capitan	Capitan	US	1392	33.5454	-105.5722
3533461	Acatempan	Acatempan	MX	1391	18.3179	-99.8834
3818890	San Miguel Atlapulco	San Miguel Atlapulco	MX	1391	18.7924	-98.1948
8859190	Residencial las Olas	Residencial las Olas	MX	1391	18.1186	-94.5661
3514501	Xilocuautla	Xilocuautla	MX	1390	20.1395	-98.0234
3984832	San Roque de Torres	San Roque de Torres	MX	1390	20.9711	-101.8530
4012866	Corona	Corona	MX	1390	19.5265	-102.4488
8859191	Zoquiapa	Zoquiapa	MX	1390	17.5447	-99.2769
3583155	Sesori	Sesori	SV	1390	13.7167	-88.3667
4673677	Bertram	Bertram	US	1390	30.7438	-98.0556
3610318	El Sauce	El Sauce	HN	1389	14.5285	-87.6657
3517346	Santa Rita	Santa Rita	MX	1389	16.1317	-91.9750
3762713	Arroyo Limón	Arroyo Limon	MX	1389	17.9002	-95.9620
3802411	La Ceiba	La Ceiba	MX	1389	18.1444	-92.7780
3823285	La Reforma	La Reforma	MX	1389	19.5963	-96.6334
8859192	Colonia Reforma Tlalmimilolpan	Colonia Reforma Tlalmimilolpan	MX	1389	19.3881	-99.4889
4706161	Liberty Hill	Liberty Hill	US	1389	30.6649	-97.9225
3688923	Belmira	Belmira	CO	1388	6.6051	-75.6662
3529663	Dzibikak	Dzibikak	MX	1388	20.9015	-89.7940
3533143	Ahuehuetzingo	Ahuehuetzingo	MX	1388	18.6802	-99.3083
5288629	Casa Blanca	Casa Blanca	US	1388	33.1203	-111.8882
3533155	Ahuatepec de Camino	Ahuatepec de Camino	MX	1387	19.0409	-97.4346
3817450	Ahuacatitlán	Ahuacatitlan	MX	1387	18.8941	-99.7087
3822058	Tlatzala	Tlatzala	MX	1387	17.6150	-98.5497
3823962	José F. Gutiérrez	Jose F. Gutierrez	MX	1387	18.0234	-94.6117
3827067	San Mateo el Viejo	San Mateo el Viejo	MX	1387	19.9144	-99.9108
3980786	Urén	Uren	MX	1387	19.8451	-102.1056
3987138	San Francisco de Rivas	San Francisco de Rivas	MX	1387	20.3409	-102.5719
3515499	Tlachichilco	Tlachichilco	MX	1386	20.6212	-98.1990
3516184	Tecalpulco	Tecalpulco	MX	1386	18.4884	-99.6022
3800733	Zaragoza	Zaragoza	MX	1386	16.6692	-97.7932
3816264	Justo Sierra	Justo Sierra	MX	1386	16.5425	-92.0574
3825971	Yosphí	Yosphi	MX	1386	20.1708	-99.9522
3973378	Ignacio Zaragoza	Ignacio Zaragoza	MX	1386	23.9441	-103.4172
3983529	Santo Tomás	Santo Tomas	MX	1386	19.8452	-102.0855
3603169	Puerto Alto	Puerto Alto	HN	1385	15.7000	-87.8667
3514103	El Zapotal	El Zapotal	MX	1385	16.7499	-91.4419
3514452	Xochiltepec	Xochiltepec	MX	1385	18.6510	-98.3445
3516064	Telchaquillo	Telchaquillo	MX	1385	20.6464	-89.4637
3530895	Chila de Juárez	Chila de Juarez	MX	1385	20.2811	-98.2094
4015738	Cañada de Negros	Canada de Negros	MX	1385	20.9269	-101.9206
8859193	San Andrés Enguaro	San Andres Enguaro	MX	1385	20.1947	-101.2364
4704970	Lakeside	Lakeside	US	1385	32.8224	-97.4934
3995741	Miraflores	Miraflores	MX	1384	23.3697	-109.7744
8859194	Cebadilla 1ra. Sección	Cebadilla 1ra. Seccion	MX	1384	14.8638	-92.2797
3815916	Vicente Guerrero	Vicente Guerrero	MX	1383	16.6603	-93.5831
3982824	Sotelo	Sotelo	MX	1383	20.4566	-101.0739
3986551	San Jerónimo Totoltepec	San Jeronimo Totoltepec	MX	1383	19.3149	-100.2029
3996543	Maripa	Maripa	MX	1383	25.8639	-108.1577
3999855	Las Grullas Margen Derecha	Las Grullas Margen Derecha	MX	1383	25.8783	-109.3377
4007088	El Tule	El Tule	MX	1383	22.6402	-102.0382
4025590	Aputzio de Juárez	Aputzio de Juarez	MX	1383	19.3410	-100.3480
4026788	Los Berros	Los Berros	MX	1383	19.3977	-100.0484
8859195	Zaragoza (Puerto de Medina)	Zaragoza (Puerto de Medina)	MX	1383	19.8739	-100.1178
8859196	San Andrés de la Cal	San Andres de la Cal	MX	1383	18.9569	-99.1144
3714101	Bisira	Bisira	PA	1383	8.9008	-81.8636
4732809	Somerville	Somerville	US	1383	30.3460	-96.5283
3514109	Zapoapan de Cabañas	Zapoapan de Cabanas	MX	1382	18.3333	-95.0971
3817500	Jesús Carranza (Rancho de Jesús)	Jesus Carranza (Rancho de Jesus)	MX	1382	18.9453	-99.6306
3988702	Rinconada	Rinconada	MX	1382	22.2533	-100.9497
3988925	Rayón	Rayon	MX	1382	29.7121	-110.5670
4021320	Arellano	Arellano	MX	1382	21.8005	-102.2750
8859197	Ixcatla	Ixcatla	MX	1382	17.4225	-98.9994
8859198	Cuauhtémoc	Cuauhtemoc	MX	1382	19.2231	-97.3383
4728616	Siesta Shores	Siesta Shores	US	1382	26.8581	-99.2536
3525482	La Libertad	La Libertad	MX	1381	23.7910	-99.1907
3827432	San Agustín Huitzizilapan	San Agustin Huitzizilapan	MX	1381	19.4200	-99.4636
3981903	Tepusco	Tepusco	MX	1381	21.6129	-102.6021
3991583	Pueblito de Allende	Pueblito de Allende	MX	1381	26.9891	-105.3271
8859199	Las Tazas	Las Tazas	MX	1381	16.7572	-91.6150
3714000	Boca de Parita	Boca de Parita	PA	1381	8.0111	-80.4506
3762752	Santa María Puxmetacán	Santa Maria Puxmetacan	MX	1380	17.2686	-95.6233
3823923	Comején	Comejen	MX	1380	18.0606	-94.8854
4017847	Bacabachi	Bacabachi	MX	1380	26.8945	-109.3921
4023202	Los Lorenzos	Los Lorenzos	MX	1380	21.0718	-101.3759
8859200	Ejido los Huastecos	Ejido los Huastecos	MX	1380	21.9592	-98.6503
4712097	Moody	Moody	US	1380	31.3082	-97.3614
3515165	Trapiche del Rosario	Trapiche del Rosario	MX	1379	19.5431	-96.7411
3515181	Tozongo	Tozongo	MX	1379	19.1004	-97.0608
3817532	Chalchihuapan	Chalchihuapan	MX	1379	18.9769	-99.5747
4012683	El Coto	El Coto	MX	1379	20.3951	-100.1341
8859201	Estanzuela	Estanzuela	MX	1379	22.2689	-101.0081
8859202	San José de Abajo	San Jose de Abajo	MX	1379	18.7758	-96.7772
3518239	Tecuanipa	Tecuanipa	MX	1378	18.8812	-98.6189
3522090	Palmillas	Palmillas	MX	1378	20.3358	-99.9407
3817983	San José del Sitio	San Jose del Sitio	MX	1378	19.6026	-99.6663
3823372	Palo Gacho	Palo Gacho	MX	1378	19.3914	-96.6356
3983677	Santiaguillo	Santiaguillo	MX	1378	23.1461	-102.6496
4005858	Santa Isabel	Santa Isabel	MX	1378	28.3429	-106.3683
8859203	Álamos Tepetitlán	Alamos Tepetitlan	MX	1378	19.1962	-97.4386
3827050	Tixmadeje Chiquito	Tixmadeje Chiquito	MX	1377	19.9656	-99.9144
3993581	Palos Verdes	Palos Verdes	MX	1377	25.3790	-108.4580
4021333	El Refugio de Providencia (Providencia)	El Refugio de Providencia (Providencia)	MX	1377	22.3467	-102.2578
8859204	San Bernardo	San Bernardo	MX	1377	20.4739	-101.0975
8859206	Atzalán	Atzalan	MX	1377	19.8247	-97.4442
8859207	Tepeteno de Iturbide	Tepeteno de Iturbide	MX	1377	19.7958	-97.4972
8859208	Ciudad Chemuyil	Ciudad Chemuyil	MX	1377	20.3486	-87.3531
8859209	Tandzumadz	Tandzumadz	MX	1377	21.5653	-98.9803
3530489	Cocoyotla	Cocoyotla	MX	1376	18.7550	-99.4513
4026474	Tenería	Teneria	MX	1376	18.9732	-100.0930
8859210	Cajelitos	Cajelitos	MX	1376	17.2678	-99.4931
8859211	Huitzmaloc	Huitzmaloc	MX	1376	18.4564	-96.9406
4733129	South Point	South Point	US	1376	25.8687	-97.3836
3516788	San Vicente de Juárez	San Vicente de Juarez	MX	1375	18.6833	-98.9842
3800239	Lázaro Cárdenas	Lazaro Cardenas	MX	1375	16.7282	-94.8598
4005522	Guadalupe de Rivera	Guadalupe de Rivera	MX	1375	20.6056	-101.4680
8859212	Pezmatlán	Pezmatlan	MX	1375	19.8466	-97.4853
3517348	Santa María	Santa Maria	MX	1374	15.9922	-95.7030
3518590	San Julián	San Julian	MX	1374	19.2540	-96.2642
3529508	Ekpedz	Ekpedz	MX	1374	20.3170	-88.4301
3971610	El Diamante (La Retranca)	El Diamante (La Retranca)	MX	1374	30.8456	-112.6397
3992957	José Guadalupe Rodríguez	Jose Guadalupe Rodriguez	MX	1374	24.3187	-104.0800
4004611	Huepaco	Huepaco	MX	1374	25.9842	-108.8606
8859213	Santa Anita	Santa Anita	MX	1374	20.4703	-100.8150
3701874	Río Duque	Rio Duque	PA	1374	9.2612	-79.6786
3582487	Caledonia	Caledonia	BZ	1373	18.2274	-88.4775
3814926	Capula	Capula	MX	1373	19.5364	-98.0422
3815672	San Miguel	San Miguel	MX	1373	17.3632	-92.0076
3993181	Patuán	Patuan	MX	1373	19.3913	-101.9148
3994382	Ojo de Agua de Solano	Ojo de Agua de Solano	MX	1373	21.9853	-100.0795
8859214	Lázaro Cárdenas	Lazaro Cardenas	MX	1373	20.9456	-103.0222
8859215	El Copetillo	El Copetillo	MX	1373	22.1433	-102.0014
3714939	Alanje	Alanje	PA	1373	8.4000	-82.5587
4715915	Oak Leaf	Oak Leaf	US	1373	32.5204	-96.8547
4723869	Rosebud	Rosebud	US	1373	31.0730	-96.9786
3971332	Villa Hidalgo	Villa Hidalgo	MX	1372	30.1620	-109.3209
4007496	Seis de Enero	Seis de Enero	MX	1372	25.5200	-103.6019
4024154	El Tunal	El Tunal	MX	1372	20.5691	-100.6213
3531268	Chacalapa	Chacalapa	MX	1371	16.8075	-98.4582
3813428	Tecacahuaco	Tecacahuaco	MX	1371	20.9416	-98.3388
3981270	San Salvador Torrecillas	San Salvador Torrecillas	MX	1371	20.5592	-100.9584
8859216	Apalani	Apalani	MX	1371	16.8536	-99.5894
8859217	Barrio el Vivero	Barrio el Vivero	MX	1371	19.4531	-100.0353
3608692	Jícaro Galán	Jicaro Galan	HN	1370	13.5317	-87.4389
3823609	Cerro Guzmán	Cerro Guzman	MX	1370	19.2356	-96.3783
3824118	Congregación Hidalgo	Congregacion Hidalgo	MX	1370	17.9375	-94.9706
8859218	El Embarcadero	El Embarcadero	MX	1370	16.9642	-100.0017
4699235	Hubbard	Hubbard	US	1370	31.8485	-96.7972
4713474	Muniz	Muniz	US	1370	26.2565	-98.0894
3517266	Santa María Colotepec	Santa Maria Colotepec	MX	1369	15.8979	-96.9385
3818597	Icxotitla	Icxotitla	MX	1369	20.2425	-98.1007
3985247	San Nicolás de Ibarra	San Nicolas de Ibarra	MX	1369	20.3296	-103.1295
4004049	Jáuregui	Jauregui	MX	1369	20.5930	-100.7205
4005372	Guadalupe Victoria	Guadalupe Victoria	MX	1369	31.5342	-107.7379
4007775	El Rucio	El Rucio	MX	1369	23.4070	-102.0814
4012083	Cuxpala	Cuxpala	MX	1369	20.5597	-103.6444
8859219	Tlacoaxtla	Tlacoaxtla	MX	1369	17.5548	-99.2008
3518203	San Nicolás	San Nicolas	MX	1368	20.3223	-98.1874
3762703	Flor Batavia	Flor Batavia	MX	1368	17.9847	-96.5188
3815437	Santa Cruz el Porvenir	Santa Cruz el Porvenir	MX	1368	19.3318	-98.3480
3827222	Calle Real	Calle Real	MX	1368	19.4886	-99.6133
3972655	El Lampotal	El Lampotal	MX	1368	22.8958	-102.4194
4024857	Buenavista de Cortés	Buenavista de Cortes	MX	1368	20.3723	-101.8704
3701810	Río Sereno	Rio Sereno	PA	1368	8.8195	-82.8604
3527321	Guadalupe	Guadalupe	MX	1367	24.8944	-99.4724
3532709	Arroyo del Potrero	Arroyo del Potrero	MX	1367	20.1455	-97.0655
3801125	San Lorenzo Vista Hermosa	San Lorenzo Vista Hermosa	MX	1367	17.9589	-98.0685
3981955	El Tepetate	El Tepetate	MX	1367	22.0134	-101.2420
3988500	Rodrigo M. Quevedo	Rodrigo M. Quevedo	MX	1367	29.9206	-107.5206
4006988	El Venado	El Venado	MX	1367	21.9443	-105.0024
4007844	El Rodeo	El Rodeo	MX	1367	20.4092	-103.1797
4018145	Arroyos	Arroyos	MX	1367	22.0545	-100.9052
4025370	Emiliano Zapata	Emiliano Zapata	MX	1367	19.3382	-101.9355
3818797	José María Morelos	Jose Maria Morelos	MX	1366	19.1415	-97.4681
3821730	La Estación	La Estacion	MX	1366	16.7673	-99.6672
3981871	Teremendo de los Reyes	Teremendo de los Reyes	MX	1366	19.7854	-101.4799
3993256	Paso Nacional	Paso Nacional	MX	1366	25.2639	-104.0187
8859220	Tierra Blanca	Tierra Blanca	MX	1366	19.5067	-99.5839
8859221	La Higuerita (Colonia San Rafael)	La Higuerita (Colonia San Rafael)	MX	1366	19.6186	-102.4844
3815527	Punta Arena	Punta Arena	MX	1365	17.7460	-92.0587
4017783	Bachomobampo Número Dos	Bachomobampo Numero Dos	MX	1365	25.7395	-109.1463
3997750	Los Galvanes	Los Galvanes	MX	1364	21.0679	-100.8028
8859222	Buen Retiro (El Retiro)	Buen Retiro (El Retiro)	MX	1364	25.4619	-108.4783
3600222	Yauyupe	Yauyupe	HN	1363	13.7431	-87.0600
3516422	Congregación el Tajín	Congregacion el Tajin	MX	1363	20.4305	-97.3818
3815273	Santa Cruz Pocitos	Santa Cruz Pocitos	MX	1363	19.3792	-97.7612
3821702	Yetla	Yetla	MX	1363	16.9935	-100.0033
3702637	Plaza de Caisán	Plaza de Caisan	PA	1363	8.7435	-82.8207
3601179	Subirana	Subirana	HN	1362	15.2000	-87.4500
3515769	Tesoco	Tesoco	MX	1362	20.7224	-88.1550
3800788	La Reforma	La Reforma	MX	1362	16.6241	-97.8454
3815704	Amado Nervo	Amado Nervo	MX	1362	17.2311	-92.2458
3816625	Manuel Ávila Camacho	Manuel Avila Camacho	MX	1362	16.1465	-93.0170
3823412	Alborada	Alborada	MX	1362	19.4496	-96.8708
4001568	La Loma (La Loma de Quila)	La Loma (La Loma de Quila)	MX	1362	24.3806	-107.2265
4024055	Galera de Panales	Galera de Panales	MX	1362	20.2949	-100.8145
4024550	Santa Rosa de Rivas	Santa Rosa de Rivas	MX	1362	20.7810	-101.5367
8859223	Colonia Gómez Morín	Colonia Gomez Morin	MX	1362	31.8817	-116.5439
3601608	Santa Elena	Santa Elena	HN	1361	15.3833	-88.1333
3516949	Santiago Ixcuintepec	Santiago Ixcuintepec	MX	1361	16.9350	-95.6225
3815754	Zacatonal de Juárez	Zacatonal de Juarez	MX	1361	17.2710	-92.7994
3998701	San Diego	San Diego	MX	1361	19.8893	-102.8325
8859224	Colinas del Sol	Colinas del Sol	MX	1361	32.4031	-117.0306
8859225	Xochicalco (Cirenio Longares)	Xochicalco (Cirenio Longares)	MX	1361	18.7872	-99.2994
8859226	Tierra Blanca	Tierra Blanca	MX	1361	23.8272	-103.0767
3525568	La Joya	La Joya	MX	1360	19.6099	-97.0259
3816659	Francisco Villa	Francisco Villa	MX	1360	16.2143	-93.3370
3983765	Santa Teresa	Santa Teresa	MX	1360	20.9159	-103.8921
3997421	Los Nogales	Los Nogales	MX	1360	19.8567	-102.1567
4004852	Higuera Blanca	Higuera Blanca	MX	1360	20.7975	-105.4690
4021264	San Ignacio	San Ignacio	MX	1360	21.8920	-102.3399
4023238	El Refugio de los Sauces	El Refugio de los Sauces	MX	1360	21.0152	-101.5299
8859227	Zangarro (Zangarro Nuevo)	Zangarro (Zangarro Nuevo)	MX	1360	20.8581	-101.2728
8859228	Artículo Primero Constitucional	Articulo Primero Constitucional	MX	1360	18.9741	-98.1585
3617575	Morrito	Morrito	NI	1360	11.6212	-85.0805
3701240	Santa Clara	Santa Clara	PA	1360	8.8348	-82.7819
3702342	Burica	Burica	PA	1360	8.0339	-82.8687
3531973	Buenavista de Benito Juárez	Buenavista de Benito Juarez	MX	1359	18.4603	-98.6373
3816231	Sibacá	Sibaca	MX	1359	16.9309	-92.1401
3986953	San Gabriel	San Gabriel	MX	1359	21.1322	-100.8342
3988004	San Agustín	San Agustin	MX	1359	31.5167	-106.2555
4012399	Palmar de Cuautla	Palmar de Cuautla	MX	1359	22.2197	-105.6475
8859229	Álvaro Obregón	Alvaro Obregon	MX	1359	25.5142	-103.5050
8859230	Pueblo Nuevo	Pueblo Nuevo	MX	1359	18.9481	-99.5842
3526910	San Juan Huiluco	San Juan Huiluco	MX	1358	18.7890	-98.4494
3801032	San Agustín Atenango	San Agustin Atenango	MX	1358	17.6119	-98.0113
4025009	San Miguel Epejan	San Miguel Epejan	MX	1358	20.0664	-101.8158
8859231	Villa Hermosa	Villa Hermosa	MX	1358	16.9386	-99.3300
3818874	Santa Cruz Ajajalpan	Santa Cruz Ajajalpan	MX	1357	18.9517	-97.9500
3822985	La Presumida	La Presumida	MX	1357	19.8008	-88.7539
8859232	Ignacio Zaragoza	Ignacio Zaragoza	MX	1357	17.5356	-95.8936
8859233	Cala Norte	Cala Norte	MX	1357	19.8478	-97.4231
3823921	Ixhuapan	Ixhuapan	MX	1356	18.0133	-94.8767
3824821	Tula	Tula	MX	1356	18.5869	-95.3767
3987908	San Antonio del Rosario	San Antonio del Rosario	MX	1356	18.4001	-100.3087
3998408	Lo de Lamedo	Lo de Lamedo	MX	1356	21.5372	-104.9391
8724613	La Colonia Guadalupe	La Colonia Guadalupe	MX	1356	20.3439	-97.6222
8859234	Xochitepec	Xochitepec	MX	1356	17.1825	-99.2264
8859235	Colonia la Libertad	Colonia la Libertad	MX	1356	19.1853	-99.5028
3624908	Ángeles	Angeles	CR	1355	9.9886	-84.0592
3524328	Llano de Enmedio	Llano de Enmedio	MX	1355	20.7833	-98.0136
3973671	Enramadas	Enramadas	MX	1355	21.8832	-100.7820
4010804	Villa Insurgentes (El Calabazal)	Villa Insurgentes (El Calabazal)	MX	1355	23.7431	-103.8425
3818963	Ixcamilpa	Ixcamilpa	MX	1354	18.0277	-98.6964
3980206	San José Villa de Allende	San Jose Villa de Allende	MX	1354	19.3752	-100.1485
8859236	Lomas de San Pablo	Lomas de San Pablo	MX	1354	19.2025	-98.9178
3528702	El Mirador	El Mirador	MX	1353	21.0118	-97.9443
3816513	Señor del Pozo	Senor del Pozo	MX	1353	16.2963	-92.1116
3987128	San Francisco	San Francisco	MX	1353	21.9990	-101.1591
3992189	Portezuelo	Portezuelo	MX	1353	22.1698	-100.8256
4025060	San Pedro Tarímbaro	San Pedro Tarimbaro	MX	1353	19.8052	-100.2229
8859237	San Pedro Cacahuatepec	San Pedro Cacahuatepec	MX	1353	16.8150	-99.6683
9093093	Buena Vista	Buena Vista	MX	1353	20.1277	-97.4537
3529150	El Ciervo	El Ciervo	MX	1352	20.6181	-99.8724
3823532	La Palma	La Palma	MX	1352	19.0450	-96.8276
3972225	Crisóstomos	Crisostomos	MX	1352	22.2297	-101.9958
3992749	Piscila	Piscila	MX	1352	19.1588	-103.7015
8859238	Acachapan y Colmena 3ra. Sección	Acachapan y Colmena 3ra. Seccion	MX	1352	18.0486	-92.7775
3519222	San Gregorio	San Gregorio	MX	1351	20.4968	-98.0183
3823827	Veinte de Noviembre	Veinte de Noviembre	MX	1351	18.8650	-96.9547
3981475	Tlacuitapan	Tlacuitapan	MX	1351	21.1983	-102.1242
3984945	San Rafael	San Rafael	MX	1351	25.4929	-108.3049
4008404	El Potrero de Sataya	El Potrero de Sataya	MX	1351	24.6900	-107.7092
3514599	Xalitla	Xalitla	MX	1350	17.9987	-99.5418
3822573	Emiliano Zapata	Emiliano Zapata	MX	1350	20.2272	-89.4674
8859239	Ejido Palma (Ejido San Francisco)	Ejido Palma (Ejido San Francisco)	MX	1350	19.5689	-99.4089
5308497	Peridot	Peridot	US	1350	33.3103	-110.4554
3516205	Teayo	Teayo	MX	1349	20.7443	-97.6800
3815621	Arroyo Granizo	Arroyo Granizo	MX	1349	17.0372	-91.4256
3988628	Río Bravo	Rio Bravo	MX	1349	28.3121	-100.9172
4016966	La Bocana	La Bocana	MX	1349	26.8864	-109.6687
4026608	Amanalco de Becerra	Amanalco de Becerra	MX	1349	19.2537	-100.0198
8859240	Sinahua	Sinahua	MX	1349	18.2811	-100.6003
8859241	Colonia Ecológica Asociación de Lucha Social (Lucha Social)	Colonia Ecologica Asociacion de Lucha Social (Lucha Social)	MX	1349	19.6883	-100.6092
8859242	Coxolico	Coxolico	MX	1349	18.4510	-97.0299
10211200	Barranco Adentro	Barranco Adentro	PA	1349	9.5316	-82.7287
3523236	Michac	Michac	MX	1348	19.8524	-98.0513
3821782	Llano Grande	Llano Grande	MX	1348	16.9401	-99.4335
8859243	Saclamantón	Saclamanton	MX	1348	16.7883	-92.6350
8859244	San Antonio el Paso	San Antonio el Paso	MX	1348	20.1472	-98.6161
8859245	Colonia Emiliano Zapata	Colonia Emiliano Zapata	MX	1348	19.1242	-99.5808
8859246	Lázaro Cárdenas (La Purísima)	Lazaro Cardenas (La Purisima)	MX	1348	19.8697	-101.0231
3521738	Paxtepec	Paxtepec	MX	1347	20.0528	-98.4314
3818781	Itzoteno	Itzoteno	MX	1347	19.4166	-97.4378
4025648	Salguero	Salguero	MX	1347	18.4104	-100.6273
3800969	San Sebastián Nicananduta	San Sebastian Nicananduta	MX	1346	17.5177	-97.6832
3813433	Zoquitipán	Zoquitipan	MX	1346	20.9085	-98.4325
3815489	Nuevo Nicapa	Nuevo Nicapa	MX	1346	17.6346	-93.0724
4023631	El Tejocote (El Domingo)	El Tejocote (El Domingo)	MX	1346	21.6761	-100.9150
8859247	San Lucas Huarirapeo (La Mesa de San Lucas)	San Lucas Huarirapeo (La Mesa de San Lucas)	MX	1346	19.6786	-100.6239
8859248	Miguel Hidalgo 2da. Sección B (La Natividad)	Miguel Hidalgo 2da. Seccion B (La Natividad)	MX	1346	18.0786	-93.3506
3801193	Xochitonalco	Xochitonalco	MX	1345	18.0944	-96.8485
3816161	Chalam	Chalam	MX	1345	16.8877	-92.5501
8859249	Colonia Juárez	Colonia Juarez	MX	1345	19.9958	-99.1494
8859250	San Juan Colón	San Juan Colon	MX	1345	18.5772	-98.5583
8859251	Alfredo V. Bonfil (Siete Ejidos)	Alfredo V. Bonfil (Siete Ejidos)	MX	1345	25.6431	-108.2333
3985936	San Juan Bautista	San Juan Bautista	MX	1344	22.1453	-105.0972
3514676	Villagrán	Villagran	MX	1343	24.4728	-99.4906
3517772	Santa Ana	Santa Ana	MX	1343	17.0550	-95.0862
4022960	Rincón del Cano	Rincon del Cano	MX	1343	21.0593	-100.2414
8859252	San Juan Hueyapan	San Juan Hueyapan	MX	1343	20.0300	-98.2819
3517176	Zaniza	Zaniza	MX	1342	16.6553	-97.3379
3520151	Sabidos	Sabidos	MX	1342	18.3572	-88.5874
3814123	Tenango	Tenango	MX	1342	20.2262	-99.2916
3815813	Adolfo López Mateos	Adolfo Lopez Mateos	MX	1342	17.2160	-93.4789
3977177	La Paz	La Paz	MX	1342	21.8161	-101.7679
3984335	Santa Fe del Río	Santa Fe del Rio	MX	1342	20.2035	-101.8276
8859253	Paseos del Marqués	Paseos del Marques	MX	1342	20.6039	-100.2403
3525805	La Estancia	La Estancia	MX	1341	20.3145	-98.9050
3813363	Chalahuiyapa	Chalahuiyapa	MX	1341	21.1500	-98.3645
3972210	La Ballena	La Ballena	MX	1341	22.4544	-101.7059
3710040	El Rincón	El Rincon	PA	1341	8.1196	-80.6151
3604263	Ojos de Agua	Ojos de Agua	HN	1340	14.7057	-88.8162
3514388	X-pichil	X-pichil	MX	1340	19.6953	-88.3768
3522463	Venta de Ocotillos	Venta de Ocotillos	MX	1340	19.4714	-99.9588
3827061	La Caridad	La Caridad	MX	1340	19.9478	-99.8369
4020478	Camalotita	Camalotita	MX	1340	22.4049	-105.4320
8859254	Ixtlilco el Chico	Ixtlilco el Chico	MX	1340	18.5583	-98.8469
3815970	Las Maravillas	Las Maravillas	MX	1339	16.9595	-93.3201
3823807	Ex-hacienda la Concepción	Ex-hacienda la Concepcion	MX	1339	18.8485	-96.8244
3995931	Milagros	Milagros	MX	1339	22.5008	-102.1838
4006822	Emiliano Zapata	Emiliano Zapata	MX	1339	19.3847	-104.9658
4713452	Munday	Munday	US	1339	33.4493	-99.6229
3517533	Santa Cruz Mixtepec	Santa Cruz Mixtepec	MX	1338	16.7923	-96.8820
3518626	San Juan Quiotepec	San Juan Quiotepec	MX	1338	17.6005	-96.5884
8859255	Ocoxaltepec	Ocoxaltepec	MX	1338	18.9350	-98.7525
8859256	Felipe Neri (Cuatepec)	Felipe Neri (Cuatepec)	MX	1338	19.0394	-98.9436
5478949	Mescalero	Mescalero	US	1338	33.1576	-105.7742
3610687	El Porvenir	El Porvenir	HN	1337	14.5877	-87.8925
3517806	Ixcapa	Ixcapa	MX	1337	16.5455	-98.1448
3531170	Chamulapita	Chamulapita	MX	1337	15.0689	-92.3694
3533160	Ahuatepec Pueblo	Ahuatepec Pueblo	MX	1337	17.6062	-98.5909
3990546	El Coyote	El Coyote	MX	1337	30.8288	-112.6153
8859257	Cumbres III	Cumbres III	MX	1337	21.9222	-102.2375
3703523	Palmas Bellas	Palmas Bellas	PA	1337	9.2284	-80.0850
3515601	Tikuch	Tikuch	MX	1336	20.7027	-88.1127
3515910	Tepapayeca	Tepapayeca	MX	1335	18.6704	-98.5294
3518003	San Pedro Ecatepec	San Pedro Ecatepec	MX	1335	19.5216	-98.1547
3532278	Benito Juárez	Benito Juarez	MX	1335	19.8165	-97.7911
4000079	Las Cieneguitas	Las Cieneguitas	MX	1335	20.2472	-102.2445
4013017	Condémbaro	Condembaro	MX	1335	19.2929	-102.3034
4024035	La Luz	La Luz	MX	1335	20.2868	-100.9159
11537044	Ejido de Guadalupe	Ejido de Guadalupe	MX	1335	19.6377	-99.2718
4675929	Boyd	Boyd	US	1335	33.0787	-97.5653
3603343	Potrerillos	Potrerillos	HN	1334	14.5514	-87.8774
3824457	Xochimilco	Xochimilco	MX	1334	20.8622	-98.0703
8859258	Fraccionamiento Villas de la Llave	Fraccionamiento Villas de la Llave	MX	1334	18.9158	-96.9911
4716812	Orange Grove	Orange Grove	US	1334	27.9567	-97.9369
6332680	New Fairview	New Fairview	US	1334	33.0992	-97.4464
3604184	Oropéndolas	Oropendolas	HN	1333	15.0167	-87.9333
3827365	San José el Llanito	San Jose el Llanito	MX	1333	19.3034	-99.4795
4016589	Buenos Aires	Buenos Aires	MX	1333	19.0754	-102.1808
8859259	San Andrés Playa Encantada (El Podrido)	San Andres Playa Encantada (El Podrido)	MX	1333	16.6922	-99.6339
8859260	Barrio de Ensido	Barrio de Ensido	MX	1333	19.4939	-99.3744
3972228	Santa María de los Ángeles	Santa Maria de los Angeles	MX	1332	22.2837	-101.8652
3609673	Francia	Francia	HN	1331	15.8500	-85.5833
3516296	Tanlajás	Tanlajas	MX	1331	21.6652	-98.8860
3531008	Chiaucingo	Chiaucingo	MX	1331	17.7412	-98.6967
3821623	Axaxacualco	Axaxacualco	MX	1331	17.8039	-99.4617
3823383	Plan del Río	Plan del Rio	MX	1331	19.4018	-96.6525
4014256	José María Morelos	Jose Maria Morelos	MX	1331	25.0133	-105.2087
8859261	Pilotos	Pilotos	MX	1331	22.0372	-101.9592
8859262	Santa Ana	Santa Ana	MX	1331	19.5822	-100.4689
3530655	Cieneguilla	Cieneguilla	MX	1330	16.3235	-97.3176
3802376	Rancho Nuevo	Rancho Nuevo	MX	1330	18.0727	-93.0708
3825064	Ocelota	Ocelota	MX	1330	18.3982	-95.2838
4007813	El Rosario	El Rosario	MX	1330	20.8908	-104.4681
8859263	Fraccionamiento Villa Jardín	Fraccionamiento Villa Jardin	MX	1330	20.9917	-101.8519
3522607	Nueva Libertad	Nueva Libertad	MX	1329	15.7563	-92.2013
3526661	1ra. Sección de Izapa	1ra. Seccion de Izapa	MX	1329	14.9208	-92.1708
3825367	Poblado Cinco	Poblado Cinco	MX	1329	17.2731	-94.5512
8859264	Lomas de San Martín	Lomas de San Martin	MX	1329	25.7472	-100.1197
8859265	Tlixco	Tlixco	MX	1329	18.2739	-96.9997
3519685	Texcala	Texcala	MX	1328	18.3972	-97.4452
3530204	Corralillos	Corralillos	MX	1328	20.4834	-97.5255
3522241	Ozelonacaxtla	Ozelonacaxtla	MX	1326	20.0466	-97.6144
3972140	Jaula de Abajo	Jaula de Abajo	MX	1326	22.0285	-101.5892
3987682	San Antonio de Fernández	San Antonio de Fernandez	MX	1326	20.5525	-102.6177
8859266	Santa Clara del Tule	Santa Clara del Tule	MX	1326	19.8239	-100.8269
4697440	Hico	Hico	US	1326	31.9829	-98.0336
3610610	El Puente	El Puente	HN	1325	13.2833	-87.1167
3801227	Almolonga	Almolonga	MX	1325	18.6088	-96.6607
3994588	Nuevo Urecho	Nuevo Urecho	MX	1325	19.1661	-101.8681
4027124	Villa Madero	Villa Madero	MX	1325	18.4105	-100.4487
8859267	San José Viborillas	San Jose Viborillas	MX	1325	20.5678	-100.6336
9512968	Casa Blanca	Casa Blanca	MX	1325	20.3863	-100.0199
5529571	Roscoe	Roscoe	US	1325	32.4460	-100.5387
3530982	Las Chicharras	Las Chicharras	MX	1324	15.6709	-92.2107
3816683	Libertad Melchor Ocampo	Libertad Melchor Ocampo	MX	1324	16.3739	-93.4750
3823352	El Hatito	El Hatito	MX	1324	19.2775	-96.3936
4025188	Mesón Nuevo (Cañada de la Magdalena)	Meson Nuevo (Canada de la Magdalena)	MX	1324	19.8147	-101.1660
8859268	Ejido Jesús María	Ejido Jesus Maria	MX	1324	21.1419	-100.9117
8859269	Colonia Sesenta y Dos	Colonia Sesenta y Dos	MX	1324	20.0053	-99.3458
8859270	El Coloso	El Coloso	MX	1324	19.0978	-99.5978
3710066	El Quiteño	El Quiteno	PA	1324	8.4697	-82.3936
3813923	Los Sabinos	Los Sabinos	MX	1323	20.3292	-98.6640
3981175	Totatiche	Totatiche	MX	1323	21.9284	-103.4441
3992268	El Pochotal	El Pochotal	MX	1323	25.9947	-108.8439
3992369	Plan de Ayala (Campo Cinco)	Plan de Ayala (Campo Cinco)	MX	1323	25.7691	-109.0412
8859271	San Francisco Jaconá	San Francisco Jacona	MX	1323	17.2628	-93.0325
8859272	Barrio de San Miguel	Barrio de San Miguel	MX	1323	19.6433	-97.1239
3705229	Los Lotes	Los Lotes	PA	1323	9.1254	-79.2910
3821741	Llano de la Puerta	Llano de la Puerta	MX	1322	16.7435	-99.5272
4027580	Corral Falso	Corral Falso	MX	1322	17.1728	-100.4600
8859273	Barrio Chiquichuca	Barrio Chiquichuca	MX	1322	19.3214	-100.2128
3521592	Piaxtla	Piaxtla	MX	1321	18.1992	-98.2542
3524420	Lázaro Cárdenas	Lazaro Cardenas	MX	1321	15.7168	-92.2546
3983619	Santiaguito	Santiaguito	MX	1321	20.7799	-103.7239
3986431	San José de Zaragoza	San Jose de Zaragoza	MX	1321	25.2274	-103.4678
4005860	General Simón Bolívar	General Simon Bolivar	MX	1321	24.6877	-103.2257
8859274	Putlunichuchut (Vista Hermosa)	Putlunichuchut (Vista Hermosa)	MX	1321	20.1559	-97.6156
3605382	Los Planes	Los Planes	HN	1320	14.0500	-88.0167
3515341	Tlayehualancingo	Tlayehualancingo	MX	1320	20.0330	-97.8266
3761686	Cuauhtempan (San Andrés Cuauhtempan)	Cuauhtempan (San Andres Cuauhtempan)	MX	1320	18.9747	-98.9464
4015736	Cañada de Ramírez	Canada de Ramirez	MX	1320	20.2971	-101.9631
8859275	Doctor Samuel León Brindis	Doctor Samuel Leon Brindis	MX	1320	17.4353	-91.9319
8859276	Ahuihuiyuco	Ahuihuiyuco	MX	1320	17.6296	-99.2274
8859277	Santa Rita	Santa Rita	MX	1320	22.9119	-102.4183
3608879	Humuya	Humuya	HN	1319	14.2500	-87.6667
3614343	Camalote	Camalote	HN	1319	15.3333	-88.3333
3999287	Las Quemazones	Las Quemazones	MX	1319	25.6863	-108.4520
8859278	Catishtic	Catishtic	MX	1319	16.7803	-92.7378
3815624	Ubilio García	Ubilio Garcia	MX	1318	17.0841	-91.4724
3821566	Maxela	Maxela	MX	1318	18.0536	-99.5947
4020736	Santa Casilda	Santa Casilda	MX	1318	19.1520	-101.9538
4021337	La Escondida	La Escondida	MX	1318	22.0348	-102.2570
3514187	Zacacuautla	Zacacuautla	MX	1317	20.2159	-98.2288
3815674	Santa María	Santa Maria	MX	1317	17.3523	-92.0768
3980293	Vicente Guerrero	Vicente Guerrero	MX	1317	27.5379	-109.9774
4003048	La Central	La Central	MX	1317	19.1419	-104.4376
8859279	San Andrés Cohamiata	San Andres Cohamiata	MX	1317	22.1894	-104.2408
8859280	Barrio San Diego	Barrio San Diego	MX	1317	17.2792	-97.6742
4673475	Benavides	Benavides	US	1317	27.5989	-98.4081
3817942	Adolfo López Mateos	Adolfo Lopez Mateos	MX	1316	19.8008	-100.0006
3827468	Loma del Río	Loma del Rio	MX	1316	19.6006	-99.3506
3984515	Santa Cruz	Santa Cruz	MX	1316	21.9818	-105.6020
8859281	Fraccionamiento del Magisterio Tulancinguense	Fraccionamiento del Magisterio Tulancinguense	MX	1316	20.0764	-98.3997
8859282	Colonia Obrera	Colonia Obrera	MX	1316	18.9317	-99.0389
4736681	Thorndale	Thorndale	US	1316	30.6138	-97.2056
3606097	La Virtud	La Virtud	HN	1315	14.0614	-88.6948
3516338	Tancazahuela	Tancazahuela	MX	1315	21.1830	-98.4348
3815484	San Manuel	San Manuel	MX	1315	17.6524	-93.3840
3997037	Lourdes	Lourdes	MX	1315	20.5127	-100.4765
4025193	Jaripeo	Jaripeo	MX	1315	19.6801	-101.0847
4025369	Zirimícuaro	Zirimicuaro	MX	1315	19.4085	-101.9587
8859283	Banus Vallarta (Verde Vallarta)	Banus Vallarta (Verde Vallarta)	MX	1315	20.7161	-105.2231
8859284	San Juan Tomasquillo Herradura	San Juan Tomasquillo Herradura	MX	1315	19.1722	-99.4039
3606185	La Trinidad	La Trinidad	HN	1314	15.1000	-87.2000
3515907	Tepatlaxco	Tepatlaxco	MX	1314	19.0693	-96.8448
3529887	Cuncunul	Cuncunul	MX	1314	20.6405	-88.2965
3802386	Dos Ceibas	Dos Ceibas	MX	1314	18.0411	-93.0356
3813976	Julián Villagrán	Julian Villagran	MX	1314	20.3969	-99.1042
8859285	Residencial Tajín	Residencial Tajin	MX	1314	20.5981	-97.4169
8859286	Colonia San Francisco (San Francisco)	Colonia San Francisco (San Francisco)	MX	1314	22.3036	-101.8206
3601836	San Nicolás	San Nicolas	HN	1313	14.5500	-86.2500
3529512	Ejido Viejo	Ejido Viejo	MX	1313	16.9476	-99.9474
3985534	San Martin	San Martin	MX	1313	23.6712	-103.7501
8859287	Fraccionamiento la Noria	Fraccionamiento la Noria	MX	1313	25.5572	-103.3436
8859288	Ahuacachahue (Ndog'yo Itún Tichi)	Ahuacachahue (Ndog'yo Itun Tichi)	MX	1313	16.8286	-98.9856
8859289	Progreso	Progreso	MX	1313	19.4883	-97.6772
3525804	La Estancia	La Estancia	MX	1312	20.3895	-99.2050
3801427	San Juan Tabaá	San Juan Tabaa	MX	1312	17.3051	-96.2073
3979826	Zacatula	Zacatula	MX	1312	18.0073	-102.1784
8859290	Banderas	Banderas	MX	1312	20.9908	-97.3936
5317714	Tombstone	Tombstone	US	1312	31.7129	-110.0676
3589541	San Sebastián Huehuetenango	San Sebastian Huehuetenango	GT	1311	15.3877	-91.6153
3513978	Zozea	Zozea	MX	1311	20.4350	-99.3571
3588574	Talismán	Talisman	MX	1311	14.9633	-92.1472
3820889	Colonia Emiliano Zapata	Colonia Emiliano Zapata	MX	1311	18.6650	-92.3109
4027573	Arenal de Álvarez (Arenal de Paco)	Arenal de Alvarez (Arenal de Paco)	MX	1311	17.1261	-100.4550
4027578	Las Tunas	Las Tunas	MX	1311	17.1197	-100.4831
8859291	Ixtahuiata (La Legua)	Ixtahuiata (La Legua)	MX	1311	19.8439	-97.3356
3533116	Akumal	Akumal	MX	1310	20.3969	-87.3144
3976461	El Saladito	El Saladito	MX	1310	23.8694	-106.8477
4014544	Chapalilla	Chapalilla	MX	1310	21.1878	-104.6381
8859292	Romerillo	Romerillo	MX	1310	16.7653	-92.5675
9520792	Rincón de Curungueo	Rincon de Curungueo	MX	1310	19.4867	-100.3491
3519189	San Ildefonso Villa Alta	San Ildefonso Villa Alta	MX	1309	17.3385	-96.1529
4007757	El Sabino	El Sabino	MX	1309	25.6870	-108.3918
8859293	San Isidro las Banderas	San Isidro las Banderas	MX	1309	17.2303	-93.0603
8859294	Tepetitán Reyeshogpan de Hidalgo	Tepetitan Reyeshogpan de Hidalgo	MX	1309	20.0836	-97.4936
3606250	Las Vegas	Las Vegas	HN	1308	15.0167	-87.4500
4026752	San Pedro del Rincón	San Pedro del Rincon	MX	1308	19.4352	-100.0135
8859295	La Ibérica (La Gotera)	La Iberica (La Gotera)	MX	1308	19.1647	-101.9161
3601951	San Lucas	San Lucas	HN	1307	13.7333	-86.9500
3515371	Tlaquiltepec	Tlaquiltepec	MX	1307	17.7316	-98.5472
3517729	Teloxtoc	Teloxtoc	MX	1307	18.3792	-97.5802
3529691	Dos Ríos	Dos Rios	MX	1307	19.4842	-96.7994
3802254	Ignacio Gutiérrez Gómez	Ignacio Gutierrez Gomez	MX	1307	18.2471	-93.3976
4023980	Zapote de Peralta	Zapote de Peralta	MX	1307	20.4507	-101.3948
4671650	Aurora	Aurora	US	1307	33.0607	-97.5034
3602368	San Diego	San Diego	HN	1306	14.0500	-86.4667
3533187	Agua Zarca	Agua Zarca	MX	1306	21.2181	-99.0966
3822062	Santa Cruz	Santa Cruz	MX	1306	17.5331	-98.4027
4024172	Picacho	Picacho	MX	1306	20.7113	-100.6364
8859296	Cerritos	Cerritos	MX	1306	20.3531	-99.0122
3589282	Santa Lucía Utatlán	Santa Lucia Utatlan	GT	1305	14.7713	-91.2670
3532287	Benito Juárez	Benito Juarez	MX	1305	15.8818	-96.3240
3827114	El Palmito	El Palmito	MX	1305	19.9173	-99.6813
3982016	Tepache	Tepache	MX	1305	29.5323	-109.5309
3991369	Puerto de Nieto	Puerto de Nieto	MX	1305	20.8908	-100.5379
3994444	Ojo Caliente	Ojo Caliente	MX	1305	21.8468	-100.7537
4000235	La Sauceda	La Sauceda	MX	1305	21.4888	-100.7200
4001463	La Manzanilla	La Manzanilla	MX	1305	19.2813	-104.7877
8859297	Colonia San Juan	Colonia San Juan	MX	1305	20.1903	-99.2828
8859298	El Progreso	El Progreso	MX	1305	20.0192	-97.3647
7315309	Keeler Farm	Keeler Farm	US	1305	32.3161	-107.7602
3516855	Santo Domingo Chihuitán	Santo Domingo Chihuitan	MX	1304	16.5917	-95.1626
3814976	Zumpango	Zumpango	MX	1304	19.5577	-98.2241
8859299	Álvaro Obregón (Santa Cruz)	Alvaro Obregon (Santa Cruz)	MX	1304	18.3942	-92.7998
3815676	Ignacio Zaragoza	Ignacio Zaragoza	MX	1303	17.4105	-92.0318
3815722	Joljá	Jolja	MX	1303	17.2046	-92.4995
4000249	La Sardina	La Sardina	MX	1303	20.8820	-101.6652
8859300	Las Lomas	Las Lomas	MX	1303	16.9819	-100.0950
8859301	Los Bahuises	Los Bahuises	MX	1303	27.1167	-109.4672
8859302	Jolochero 2da. Sección	Jolochero 2da. Seccion	MX	1303	18.1200	-92.7983
3704029	Mulatupo	Mulatupo	PA	1303	8.9467	-77.7508
3821941	Lagunillas	Lagunillas	MX	1302	17.0152	-99.1950
4002099	Laguna Seca	Laguna Seca	MX	1302	23.0616	-102.4947
4012355	Cucuchucho	Cucuchucho	MX	1302	19.5832	-101.6312
6615376	Nuevo Vallarta	Nuevo Vallarta	MX	1302	20.7017	-105.2942
8859303	La Soledad	La Soledad	MX	1302	16.9200	-98.1669
8859304	La Calera (Nacimientos)	La Calera (Nacimientos)	MX	1302	20.2753	-101.5756
3613402	Cofradía	Cofradia	HN	1301	14.2240	-87.1801
3816028	Venustiano Carranza	Venustiano Carranza	MX	1301	16.8963	-93.0049
3824592	La Libertad	La Libertad	MX	1301	20.0530	-96.9719
3976780	Ranchito de Castro	Ranchito de Castro	MX	1301	25.5873	-108.4182
4005913	Guaymitas	Guaymitas	MX	1301	27.1103	-109.4383
3600057	Zopilotepe	Zopilotepe	HN	1300	14.6000	-86.2667
3609231	Guarizama	Guarizama	HN	1300	14.9167	-86.3333
3815880	Cuauhtémoc	Cuauhtemoc	MX	1300	16.5500	-93.7161
3827363	Colonia Juárez	Colonia Juarez	MX	1300	19.2855	-99.4665
8859305	El Triunfo de las Tres Maravillas	El Triunfo de las Tres Maravillas	MX	1300	15.6469	-92.1564
8859306	Potrerillo	Potrerillo	MX	1300	18.2547	-93.1347
3528854	El Jagüey	El Jagueey	MX	1298	20.2408	-99.6076
4000054	General Francisco Villa	General Francisco Villa	MX	1298	18.7441	-102.2497
4021336	Cotorina	Cotorina	MX	1298	21.7524	-102.2685
3712164	Coclé	Cocle	PA	1298	8.4651	-80.4155
3519561	San Cristóbal	San Cristobal	MX	1297	16.8222	-98.4022
3526744	Itzamatitlán	Itzamatitlan	MX	1297	18.9088	-99.0243
3532579	San Pablo Atotonilco	San Pablo Atotonilco	MX	1297	19.7963	-99.8230
8859307	San Pedro Huitzapula Norte (Huitzapula Norte)	San Pedro Huitzapula Norte (Huitzapula Norte)	MX	1297	17.4264	-98.8059
3516769	San Vicente Coyotepec	San Vicente Coyotepec	MX	1296	18.4044	-97.8292
3524999	Sabaneta	Sabaneta	MX	1296	18.2232	-95.0804
3973715	La Reforma	La Reforma	MX	1296	21.9988	-100.0945
3995882	San Bernardino de Milpillas Chico	San Bernardino de Milpillas Chico	MX	1296	23.3829	-105.1509
4003439	Hacienda de la Bolsa	Hacienda de la Bolsa	MX	1296	20.3750	-101.1052
3597985	Concepción Las Minas	Concepcion Las Minas	GT	1295	14.5217	-89.4572
3516766	San Vicente Lachixío	San Vicente Lachixio	MX	1295	16.7044	-97.0188
3824123	El Tulín	El Tulin	MX	1295	18.2465	-94.9540
3980847	Tuxcueca	Tuxcueca	MX	1295	20.1536	-103.1856
3991931	Pozo Dulce	Pozo Dulce	MX	1295	26.8451	-109.7526
4012896	El Corcovado	El Corcovado	MX	1295	19.8465	-104.2848
4019722	Sásabe	Sasabe	MX	1295	31.4746	-111.5448
4023237	Mezquite de Sotelo	Mezquite de Sotelo	MX	1295	21.0082	-101.5031
4024834	El Moral	El Moral	MX	1295	20.1288	-101.2884
4029588	Laguna de Vaquerías	Laguna de Vaquerias	MX	1295	20.3537	-100.1351
8859308	Tzoeptic	Tzoeptic	MX	1295	16.8828	-92.5681
8859309	La Unión Ejido Mexcaltepec	La Union Ejido Mexcaltepec	MX	1295	19.6081	-97.7106
3519983	San Agustín Amatengo	San Agustin Amatengo	MX	1294	16.5101	-96.7888
3823579	Sonora	Sonora	MX	1294	19.1124	-96.6351
8859310	Francisco Sarabia	Francisco Sarabia	MX	1294	18.9642	-98.3139
10347303	Manaca Norte	Manaca Norte	PA	1294	8.3398	-82.8086
4717275	Palm Valley	Palm Valley	US	1294	26.2017	-97.7542
3515393	Tlanepantla	Tlanepantla	MX	1293	19.2175	-97.1340
3518227	Tonalixco	Tonalixco	MX	1293	19.9811	-97.8394
3816696	Julián Grajales	Julian Grajales	MX	1293	16.4292	-93.7142
8674884	Morocoy	Morocoy	MX	1293	18.6032	-88.8110
8859311	Mitzitón	Mitziton	MX	1293	16.6464	-92.5433
8859312	Alcozacán	Alcozacan	MX	1293	17.5044	-99.0950
8859313	Granadillas (La Colonia)	Granadillas (La Colonia)	MX	1293	21.3797	-101.9014
3516151	Tecoltepec	Tecoltepec	MX	1292	18.3252	-97.0787
3524011	Los Lirios	Los Lirios	MX	1292	18.5000	-95.3886
3823428	Tlapala	Tlapala	MX	1292	19.2616	-96.9182
3997724	Los Guajes	Los Guajes	MX	1292	20.2604	-102.1430
4009394	Estación Llano	Estacion Llano	MX	1292	30.3623	-111.1031
8859314	Tlahuapa	Tlahuapa	MX	1292	17.3750	-98.3375
8859315	Plaza Nueva	Plaza Nueva	MX	1292	18.9294	-99.4344
8859316	La Manga 2da. Sección (El Jobal)	La Manga 2da. Seccion (El Jobal)	MX	1292	18.0192	-92.8694
3617457	El Tortuguero	El Tortuguero	NI	1292	12.8225	-84.1963
3517440	Santa Gertrudis Miramar	Santa Gertrudis Miramar	MX	1291	16.0636	-95.3928
3981387	Tomendán	Tomendan	MX	1291	19.3111	-101.8605
3993492	Pánuco de Coronado	Panuco de Coronado	MX	1291	24.5388	-104.3280
4026656	Buenavista	Buenavista	MX	1291	19.8008	-100.0439
8859317	Los Mancera	Los Mancera	MX	1291	20.4703	-100.8039
8859318	Palo Seco (El Gato)	Palo Seco (El Gato)	MX	1291	22.3542	-100.1919
3706292	Las Palmas	Las Palmas	PA	1291	8.1362	-81.4541
4680782	China Grove	China Grove	US	1291	29.3889	-98.3489
3590399	San Bartolo	San Bartolo	GT	1290	15.0844	-91.4561
4027615	El Escondido	El Escondido	MX	1290	18.2207	-100.3121
8859319	Colonia Renacimiento	Colonia Renacimiento	MX	1290	16.7628	-98.1822
8859320	Santa Cruz de la Loma (Tepetates)	Santa Cruz de la Loma (Tepetates)	MX	1290	20.4881	-103.5497
8859321	Fraccionamiento Laureles Eréndira	Fraccionamiento Laureles Erendira	MX	1290	19.7722	-101.1306
8859322	Las Nieves	Las Nieves	MX	1290	18.1836	-98.0461
3528796	El Limonar	El Limonar	MX	1289	16.9703	-91.3782
3533488	Acahuasco	Acahuasco	MX	1289	20.9623	-98.5958
3983936	Santa Rosa	Santa Rosa	MX	1289	20.4151	-103.2350
4026789	San Agustín Berros	San Agustin Berros	MX	1289	19.4027	-100.0105
8859323	Colonia Bellavista	Colonia Bellavista	MX	1289	19.2982	-99.8088
8859324	Nicolás Bravo 5ta. Sección (Punta Brava)	Nicolas Bravo 5ta. Seccion (Punta Brava)	MX	1289	18.2783	-93.1287
3483310	Santa Apolonia	Santa Apolonia	MX	1288	25.6435	-97.9838
3520934	Puxcatán	Puxcatan	MX	1288	17.4507	-92.6869
4014597	Chamácuaro	Chamacuaro	MX	1288	20.1035	-100.8288
3518008	San Pedro Cuayuca	San Pedro Cuayuca	MX	1287	18.4821	-98.1832
8859325	Almoloya	Almoloya	MX	1287	20.1514	-98.4486
8859326	La Loma	La Loma	MX	1287	20.6000	-100.2389
3712786	Cerro Azul	Cerro Azul	PA	1287	9.1573	-79.4210
5523798	Iraan	Iraan	US	1287	30.9140	-101.8979
3611481	El Juncal	El Juncal	HN	1286	15.5006	-86.4308
3611933	El Cubolero	El Cubolero	HN	1286	13.4667	-87.6667
3517245	Santa María Jacatepec	Santa Maria Jacatepec	MX	1286	17.8607	-96.2117
4005722	Granada	Granada	MX	1286	25.6409	-103.2678
8859327	Yibeljoj	Yibeljoj	MX	1286	16.9575	-92.5036
8859328	San Pedro Matamoros	San Pedro Matamoros	MX	1286	19.3697	-98.5547
3607146	La Playona	La Playona	HN	1285	15.1180	-88.9820
3978726	La Luz	La Luz	MX	1285	25.6347	-103.6108
3996328	Mazatán	Mazatan	MX	1285	29.0062	-110.1387
4005839	Gilita	Gilita	MX	1285	25.3936	-103.2003
3514234	Yogana	Yogana	MX	1284	16.4616	-96.7884
3973675	Rodrigo	Rodrigo	MX	1284	21.8916	-100.9536
4027757	Los Mogotes	Los Mogotes	MX	1284	16.9417	-100.0765
8859329	Santa Anita	Santa Anita	MX	1284	32.1008	-116.8692
8859330	Colonia Morelos	Colonia Morelos	MX	1284	19.8906	-98.8167
8859331	La Mesa (La Mesa de Cedano)	La Mesa (La Mesa de Cedano)	MX	1284	19.4486	-100.3272
8859332	Ranchería de Pocitos	Rancheria de Pocitos	MX	1284	19.3939	-97.7594
3600626	Travesía	Travesia	HN	1283	15.8627	-87.9047
3517535	Santa Cruz Lachixolana	Santa Cruz Lachixolana	MX	1283	17.2278	-96.8556
3522610	Nueva Independencia	Nueva Independencia	MX	1283	15.6735	-92.5755
3524376	Libertad Ventanas	Libertad Ventanas	MX	1283	15.5395	-92.2758
3816447	El Edén	El Eden	MX	1283	16.2919	-91.6376
8859333	San Roque	San Roque	MX	1283	19.4803	-99.9606
3707063	La Palma	La Palma	PA	1283	7.7286	-80.3823
3519617	San Bernardino Lagunas	San Bernardino Lagunas	MX	1282	18.6037	-97.2657
3530885	Chilapa	Chilapa	MX	1282	18.9886	-97.1542
3762733	Montenegro la Lana	Montenegro la Lana	MX	1282	17.5930	-95.8651
3822156	El Carmen	El Carmen	MX	1282	16.9504	-98.2376
3996051	Mexpan	Mexpan	MX	1282	21.0353	-104.4117
8859334	Patria Nueva (San José el Contento)	Patria Nueva (San Jose el Contento)	MX	1282	16.9278	-92.1136
3690582	Abriaquí	Abriaqui	CO	1281	6.6315	-76.0644
3516897	Santillán	Santillan	MX	1281	20.6005	-99.9389
3821253	Benito Juárez Uno	Benito Juarez Uno	MX	1281	18.2758	-91.0990
3823610	Tierra Colorada	Tierra Colorada	MX	1281	19.2257	-96.3692
4025109	Huajúmbaro	Huajumbaro	MX	1281	19.8699	-100.6050
8859335	San Cristóbal Hidalgo	San Cristobal Hidalgo	MX	1281	19.0219	-97.8103
3524794	Las Higueras	Las Higueras	MX	1280	20.0374	-96.6219
3815333	Los Pilares	Los Pilares	MX	1280	19.2716	-97.9470
3981138	Trapiche de Abra	Trapiche de Abra	MX	1280	20.5396	-103.8198
3994013	Otatlán	Otatlan	MX	1280	20.4409	-102.8040
8859336	San Andrés (San Andrés Chichayotla)	San Andres (San Andres Chichayotla)	MX	1280	20.9267	-98.5633
8859337	San Antonio Chiverías	San Antonio Chiverias	MX	1280	18.6522	-99.2214
3611040	El Olivar	El Olivar	HN	1279	15.0833	-87.8833
3524222	Lomas del Real	Lomas del Real	MX	1279	22.5206	-97.9003
3825179	Huayacanes	Huayacanes	MX	1279	17.9158	-95.2794
8859338	Colonia 3 de Mayo (La Cruz)	Colonia 3 de Mayo (La Cruz)	MX	1279	19.9808	-99.1636
8859339	La Glorieta	La Glorieta	MX	1279	19.4115	-99.3856
8859340	Ejido San José Xilatzén	Ejido San Jose Xilatzen	MX	1279	21.6747	-98.9275
3483609	Nueva Primavera	Nueva Primavera	MX	1278	21.9134	-98.8578
3514372	Xuchapa	Xuchapa	MX	1278	18.5265	-98.4570
3528239	El Rodeo	El Rodeo	MX	1278	18.7793	-99.3221
4011064	El Bajío	El Bajio	MX	1278	22.2450	-102.3076
8859341	Villa Hidalgo (El Cubo)	Villa Hidalgo (El Cubo)	MX	1278	18.1617	-100.3150
8859342	La Magdalena Tenexpan	La Magdalena Tenexpan	MX	1278	19.4633	-99.5886
8859343	Vega del Sol	Vega del Sol	MX	1278	17.8097	-96.2169
4029381	La Carbonera	La Carbonera	MX	1277	20.8065	-100.1729
3614805	Bejuco	Bejuco	HN	1276	15.1333	-87.9333
3814270	El Susto	El Susto	MX	1276	20.0593	-98.4954
3973619	Colonia Veinte de Noviembre	Colonia Veinte de Noviembre	MX	1276	21.9792	-100.0498
8859344	Tlanipatla	Tlanipatla	MX	1276	17.8081	-99.4514
8859345	San Martín Itunyoso	San Martin Itunyoso	MX	1276	17.2281	-97.8808
4704303	Laguna Park	Laguna Park	US	1276	31.8593	-97.3797
3526712	Ixhuatlán de Madero	Ixhuatlan de Madero	MX	1275	20.6888	-98.0118
3800283	Río Pachiñe	Rio Pachine	MX	1275	16.9687	-95.0653
3815739	La Ceiba	La Ceiba	MX	1275	17.1337	-92.5189
8859346	Cuchulumtic	Cuchulumtic	MX	1275	16.7772	-92.7042
8859347	Barrio la Tenería	Barrio la Teneria	MX	1275	19.6936	-99.7919
3529481	El Águila	El Aguila	MX	1274	15.0933	-92.1851
3800799	Santa Cruz Yucucani	Santa Cruz Yucucani	MX	1274	17.0759	-98.1122
4003541	Banderas del Águila	Banderas del Aguila	MX	1274	23.9255	-105.3410
4026610	La Loma	La Loma	MX	1274	20.0197	-100.0103
8859348	San Rafael	San Rafael	MX	1274	17.2267	-98.4242
8859349	Paso Bonito	Paso Bonito	MX	1274	22.3253	-101.2617
3712765	Cerro Cama	Cerro Cama	PA	1274	9.0280	-79.9074
3531312	Cerro Gordo	Cerro Gordo	MX	1273	19.5693	-96.6485
3816150	Aldama	Aldama	MX	1273	16.9160	-92.6891
3817381	El Terrero	El Terrero	MX	1273	18.7903	-99.6453
3824454	Tenantitla	Tenantitla	MX	1273	20.7705	-98.1445
8859350	Playa Chica	Playa Chica	MX	1273	18.0614	-96.5183
3613263	Concordia	Concordia	HN	1272	14.6167	-86.6500
3515354	Tlaxco	Tlaxco	MX	1272	20.4234	-98.0292
3515572	Tiltepec	Tiltepec	MX	1272	20.3143	-98.6822
3526680	Ixtapangajoya	Ixtapangajoya	MX	1272	17.4978	-93.0020
3825951	Santa Cruz Escandón	Santa Cruz Escandon	MX	1272	20.4157	-99.9554
3994858	Nonoava	Nonoava	MX	1272	27.4719	-106.7354
4000530	La Quemada	La Quemada	MX	1272	28.8464	-107.0206
8859351	Iztacapa	Iztacapa	MX	1272	21.3700	-98.9417
8859352	Acatla	Acatla	MX	1272	18.7494	-97.2183
3620318	Comalapa	Comalapa	NI	1272	12.2835	-85.5108
4694990	Green Valley Farms	Green Valley Farms	US	1272	26.1220	-97.5605
5464936	Dexter	Dexter	US	1272	33.1973	-104.3730
3600969	Taujica	Taujica	HN	1271	15.7000	-85.9167
3816085	Ajilhó	Ajilho	MX	1271	16.9838	-92.9380
3817904	San Agustín Buenavista	San Agustin Buenavista	MX	1271	20.0434	-99.4896
8859353	Loma de Guadalupe (La Biznaga)	Loma de Guadalupe (La Biznaga)	MX	1271	19.6522	-99.3687
3803273	Arena de Hidalgo	Arena de Hidalgo	MX	1270	17.4573	-91.5878
3821217	El Aguacatal	El Aguacatal	MX	1270	18.2134	-91.5111
8859354	Metepec Primero	Metepec Primero	MX	1270	20.1417	-98.4322
8859355	Tanhuixco	Tanhuixco	MX	1270	19.8206	-97.4672
8859356	Guadalupe Hidalgo	Guadalupe Hidalgo	MX	1270	19.2261	-98.1875
3589983	San José Ojetenán	San Jose Ojetenan	GT	1269	15.2167	-91.9667
3517788	San Simón Almolongas	San Simon Almolongas	MX	1269	16.4065	-96.7190
3533171	Ahuacatitlán Cuarto y Quinto Cuartel	Ahuacatitlan Cuarto y Quinto Cuartel	MX	1269	19.9622	-99.9869
3824940	El Potrero	El Potrero	MX	1269	18.6783	-97.2561
3980834	Tuxpan de Bolaños	Tuxpan de Bolanos	MX	1269	21.8750	-104.0132
3522466	Ocotepec	Ocotepec	MX	1268	19.5552	-97.6508
3985430	San Miguel	San Miguel	MX	1268	25.6988	-102.9515
3985859	San Juan de los Plátanos	San Juan de los Platanos	MX	1268	19.1365	-102.4390
8742423	La Unión	La Union	MX	1268	20.8922	-97.6653
8859357	El Palacio	El Palacio	MX	1268	19.3514	-99.3567
8859358	Empaque Tarriba	Empaque Tarriba	MX	1268	23.9003	-106.9311
3581498	Paraiso	Paraiso	BZ	1267	18.4078	-88.3942
3801366	Arroyo de Banco	Arroyo de Banco	MX	1267	17.8034	-96.3477
3982167	Tecualtitán	Tecualtitan	MX	1267	20.4255	-103.0280
8859359	Zapuyo	Zapuyo	MX	1267	21.3547	-98.9214
4009369	El Loreto Occidental	El Loreto Occidental	MX	1266	20.3426	-102.4705
8859360	Cerro Armadillo Grande	Cerro Armadillo Grande	MX	1266	17.8661	-96.3086
8859361	Estación Dobladero	Estacion Dobladero	MX	1266	18.1150	-95.7661
3483269	Alfredo V. Bonfil	Alfredo V. Bonfil	MX	1265	25.2064	-97.9453
3815040	Francisco I. Madero	Francisco I. Madero	MX	1265	19.5210	-98.4905
3821842	Oztotitlán	Oztotitlan	MX	1265	17.6723	-99.0246
3998014	Estación Capomas	Estacion Capomas	MX	1265	25.6009	-108.2233
8859362	Puerto de Providencia	Puerto de Providencia	MX	1265	22.3653	-101.0656
8859364	Los Pinos	Los Pinos	MX	1265	18.4439	-95.2433
8859365	Huixcolotla	Huixcolotla	MX	1265	18.6656	-96.4975
3518256	San Miguel Oxtotilpan	San Miguel Oxtotilpan	MX	1264	19.1438	-99.8959
3530420	Colonia Yucatán	Colonia Yucatan	MX	1264	21.2133	-87.7235
3813344	Acuapa	Acuapa	MX	1264	21.1210	-98.4873
4025146	Ojo de Agua de Bucio	Ojo de Agua de Bucio	MX	1264	19.7804	-100.7280
9510317	San Antonio Primero	San Antonio Primero	MX	1264	21.0940	-100.5284
3583716	San Francisco Menéndez	San Francisco Menendez	SV	1264	13.8431	-90.0158
4741196	Westlake	Westlake	US	1264	32.9912	-97.1950
3605053	Mangulile	Mangulile	HN	1263	15.0667	-86.8000
3516971	Santiago Amoltepec	Santiago Amoltepec	MX	1263	16.6426	-97.4967
3523528	Marte R. Gómez	Marte R. Gomez	MX	1263	14.9265	-92.4439
3815591	Agua Blanca Serranía	Agua Blanca Serrania	MX	1263	17.2678	-91.8356
3816523	Zaragoza la Montaña	Zaragoza la Montana	MX	1263	16.4165	-92.2051
4006381	Etúcuaro	Etucuaro	MX	1263	19.8922	-102.1307
4006968	El Verde	El Verde	MX	1263	23.3643	-106.1354
8859366	Colonia Lázaro Cárdenas	Colonia Lazaro Cardenas	MX	1263	19.4461	-98.9047
8859367	San Miguel Tenango	San Miguel Tenango	MX	1263	19.9088	-97.9347
3815200	San Juan Quetzalcoapan	San Juan Quetzalcoapan	MX	1262	19.3795	-98.0711
3821075	Mamantel	Mamantel	MX	1262	18.5254	-91.0895
8859368	El Calvario	El Calvario	MX	1262	17.2175	-92.5569
8859369	José Refugio Salcido	Jose Refugio Salcido	MX	1262	23.9644	-104.5181
3516485	Sudzal	Sudzal	MX	1261	20.8718	-88.9888
3982575	Tamazula	Tamazula	MX	1261	20.4396	-101.5504
3999519	La Soledad	La Soledad	MX	1261	20.6089	-101.4153
4015451	Carboneras	Carboneras	MX	1261	22.1820	-102.2461
8859370	José María Morelos (San José)	Jose Maria Morelos (San Jose)	MX	1261	19.6825	-98.5764
8859371	Los Encinos	Los Encinos	MX	1261	19.1792	-98.3983
4704180	La Vernia	La Vernia	US	1261	29.3563	-98.1156
3581723	Maskall	Maskall	BZ	1260	17.8779	-88.3117
3984739	Santa Ana del Pilar	Santa Ana del Pilar	MX	1260	25.7093	-103.3087
3991404	Puerto de Carroza	Puerto de Carroza	MX	1260	20.8974	-100.4113
4738207	Tye	Tye	US	1260	32.4576	-99.8715
3523298	San Juan Metaltepec	San Juan Metaltepec	MX	1259	17.1756	-95.9117
3980388	Venustiano Carranza	Venustiano Carranza	MX	1259	24.4718	-104.6263
3995480	Monteleón	Monteleon	MX	1259	20.3089	-102.2091
4005832	Jitzámuri	Jitzamuri	MX	1259	26.2155	-109.2639
8859372	Privada del Álamo	Privada del Alamo	MX	1259	20.0983	-98.7003
8859373	Cuapinolito (Azulillo)	Cuapinolito (Azulillo)	MX	1259	15.8219	-96.3183
3517811	San Sebastián Coatlán	San Sebastian Coatlan	MX	1258	16.2017	-96.8267
3524686	Vegas de la Soledad y Soledad Dos	Vegas de la Soledad y Soledad Dos	MX	1258	20.9448	-97.8327
3801030	Yetla de Juárez	Yetla de Juarez	MX	1258	17.6656	-97.9912
3817415	Llano Grande	Llano Grande	MX	1258	18.8273	-99.7677
3981187	Ejido Tosalibampo	Ejido Tosalibampo	MX	1258	25.9808	-109.1125
8859374	Los Dulces Nombres	Los Dulces Nombres	MX	1258	20.6481	-100.9647
8859375	Colonia Obrera	Colonia Obrera	MX	1258	19.2294	-97.7975
8859376	Sección 23	Seccion 23	MX	1258	19.7878	-97.3792
4689877	Fairview	Fairview	US	1258	33.0193	-97.5459
4029397	Presa de Rayas	Presa de Rayas	MX	1257	20.8061	-100.2227
8859377	Mixtlalcingo	Mixtlalcingo	MX	1257	18.8033	-98.9003
8859378	Zoyatitla	Zoyatitla	MX	1257	19.8234	-97.8183
8859379	Tonalapan	Tonalapan	MX	1257	18.4683	-95.2200
3618124	Las Sabanas	Las Sabanas	NI	1257	13.3430	-86.6218
3709228	Gómez	Gomez	PA	1257	8.5648	-82.7402
3517816	San Sebastián	San Sebastian	MX	1256	21.2166	-98.1319
3986226	San José de Gracia	San Jose de Gracia	MX	1256	24.4750	-104.7414
8859380	Gabriel Hernández (Mancinas)	Gabriel Hernandez (Mancinas)	MX	1256	23.8117	-104.0244
8859381	Higuera de los Vega	Higuera de los Vega	MX	1256	25.6550	-107.9578
8859382	San Isidro Xoteapan (San Isidro Texcaltitán)	San Isidro Xoteapan (San Isidro Texcaltitan)	MX	1256	18.4678	-95.2381
5472433	Hurley	Hurley	US	1256	32.6992	-108.1320
3517582	Santa Cruz Ex-Hacienda	Santa Cruz Ex-Hacienda	MX	1255	20.3976	-90.2403
3824574	La Guadalupe	La Guadalupe	MX	1255	20.3727	-96.9188
4000238	La Sauceda	La Sauceda	MX	1255	20.4525	-103.8068
4008213	El Ranchito	El Ranchito	MX	1255	20.7329	-105.1507
8859383	La Luz de Juárez	La Luz de Juarez	MX	1255	17.5350	-98.3483
8859384	Colonia Aquiles Córdoba Morán	Colonia Aquiles Cordoba Moran	MX	1255	19.7067	-100.5353
8859385	Banderas (Guatacalca 2da. Sección)	Banderas (Guatacalca 2da. Seccion)	MX	1255	18.1517	-92.8988
8859386	Ejido Hidalgo	Ejido Hidalgo	MX	1255	22.3008	-102.0386
3582262	Cristo Rey	Cristo Rey	BZ	1254	17.1314	-89.0550
3615011	Auka	Auka	HN	1254	14.9409	-83.8323
3514459	Xochicoatlán	Xochicoatlan	MX	1254	20.7772	-98.6799
3529907	Santiago Cuixtla	Santiago Cuixtla	MX	1254	16.0620	-97.1859
3800706	Santiago Yosondúa	Santiago Yosondua	MX	1254	16.8760	-97.5761
3975402	Colonia Felipe Ángeles	Colonia Felipe Angeles	MX	1254	28.3857	-105.5125
4021270	San Antonio de los Horcones	San Antonio de los Horcones	MX	1254	21.9960	-102.3282
8859388	Tepozcuautla	Tepozcuautla	MX	1254	17.6222	-99.2278
9084213	Maya Tecún I	Maya Tecun I	MX	1254	19.1529	-90.5064
5470519	Hagerman	Hagerman	US	1254	33.1151	-104.3269
3521071	Pueblo Nuevo	Pueblo Nuevo	MX	1253	25.4864	-99.7622
3813847	Santa Úrsula	Santa Ursula	MX	1253	20.4211	-98.1046
3821784	Ocotlán	Ocotlan	MX	1253	16.9395	-99.3692
3987388	San Cristóbal	San Cristobal	MX	1253	18.1688	-100.4878
3994954	Nicolás Bravo	Nicolas Bravo	MX	1253	24.3905	-104.7429
4002565	San José de la Era	San Jose de la Era	MX	1253	22.8507	-102.4224
4008440	El Porvenir	El Porvenir	MX	1253	31.2394	-105.8795
4012400	Cuautla	Cuautla	MX	1253	20.2014	-104.4075
8859389	La Providencia	La Providencia	MX	1253	30.9689	-116.1586
3517913	San Rafael	San Rafael	MX	1252	20.7039	-90.1581
3531068	Chaucingo	Chaucingo	MX	1252	18.3010	-99.1157
3818842	San Pedro Temamatla	San Pedro Temamatla	MX	1252	18.9255	-97.5120
3821554	Tecuexcontitlán (Tecoescontitlán)	Tecuexcontitlan (Tecoescontitlan)	MX	1252	18.1425	-99.5779
3822109	San Pablo Atzompa	San Pablo Atzompa	MX	1252	17.2472	-98.3700
3976229	Tecualilla	Tecualilla	MX	1252	22.7667	-105.6717
3982114	Telcruz	Telcruz	MX	1252	19.4758	-104.1254
4012138	Cumuato	Cumuato	MX	1252	20.2573	-102.5902
4015963	Campo Carretero	Campo Carretero	MX	1252	30.7710	-110.8546
8859390	Barrio la Joya	Barrio la Joya	MX	1252	19.4200	-100.0997
8859391	Loma de San Francisco	Loma de San Francisco	MX	1252	19.2833	-99.8092
3601874	San Matías	San Matias	HN	1251	13.9833	-86.6333
3527284	Guadalupe Victoria	Guadalupe Victoria	MX	1251	14.8039	-92.2511
3532914	Amatitlán	Amatitlan	MX	1251	18.4316	-95.7332
3821441	Tehuixtla	Tehuixtla	MX	1251	18.3168	-99.9330
3992660	Piedra Pesada	Piedra Pesada	MX	1251	19.5497	-104.4773
4017837	Bacadéhuachi	Bacadehuachi	MX	1251	29.8090	-109.1405
4018123	Arturo Martínez Adame	Arturo Martinez Adame	MX	1251	25.8316	-103.3854
8859392	Arimatea	Arimatea	MX	1251	17.3414	-91.8764
8859393	Las Huertas Tercera Sección	Las Huertas Tercera Seccion	MX	1251	20.6528	-101.3931
8859394	Francisco Primo de Verdad (Ciénega de Mata)	Francisco Primo de Verdad (Cienega de Mata)	MX	1251	21.7447	-101.8261
8859395	Pablo L. Sidar	Pablo L. Sidar	MX	1251	17.9003	-93.0292
9521317	San Miguel Ixtapan	San Miguel Ixtapan	MX	1251	18.8073	-100.1525
3604414	Nombre de Jesús	Nombre de Jesus	HN	1250	15.3500	-86.6833
3609453	Guacamaya	Guacamaya	HN	1250	15.0204	-88.1502
3530477	Coetzala	Coetzala	MX	1250	18.7852	-96.9170
3813990	Pueblo Nuevo	Pueblo Nuevo	MX	1250	20.4589	-99.1604
3827029	Manto del Río Ejido	Manto del Rio Ejido	MX	1250	19.8401	-99.9273
8859396	San José el Nuevo	San Jose el Nuevo	MX	1250	20.4439	-100.7719
8859397	Paso de Núñez (Buenavista)	Paso de Nunez (Buenavista)	MX	1250	18.8947	-100.9467
3483055	Magdaleno Cedillo	Magdaleno Cedillo	MX	1249	22.7885	-99.9355
3985574	San Marcos	San Marcos	MX	1249	20.3190	-103.5341
4010707	El Capulín	El Capulin	MX	1249	20.2750	-100.9860
4024041	El Puesto	El Puesto	MX	1249	20.4689	-100.8303
8859398	San Pedro Cuitlapan	San Pedro Cuitlapan	MX	1249	16.9731	-98.2517
8859399	La Herradura	La Herradura	MX	1249	21.4425	-98.9492
3608656	Jiquinlaca	Jiquinlaca	HN	1248	14.0060	-88.3516
3514185	Zacamixtle	Zacamixtle	MX	1248	21.2476	-97.7219
3529647	Dzitnup	Dzitnup	MX	1248	20.6475	-88.2445
3992420	El Pitahayal	El Pitahayal	MX	1248	25.4703	-108.3674
4001070	La Ordeña	La Ordena	MX	1248	20.6898	-101.1182
4017356	Basaseachi	Basaseachi	MX	1248	28.2021	-108.2086
8859400	Santo Domingo de las Palmas	Santo Domingo de las Palmas	MX	1248	16.1367	-91.3219
8859401	El Mogote	El Mogote	MX	1248	20.1658	-99.9144
8859402	Colonia Wenceslao Labra	Colonia Wenceslao Labra	MX	1248	19.8277	-99.1244
12253454	Santa Cruz del Islote	Santa Cruz del Islote	CO	1247	9.7859	-75.8590
4024116	El Espejo	El Espejo	MX	1247	20.4398	-100.5559
8859403	Cementeras del Pital	Cementeras del Pital	MX	1247	20.1769	-96.8958
4692983	Gardendale	Gardendale	US	1247	28.5169	-99.2161
3514064	Zapotitlán Palmas	Zapotitlan Palmas	MX	1246	17.8896	-97.8179
3824501	La Guadalupe	La Guadalupe	MX	1246	20.6981	-97.6398
4023990	San Ignacio de San José Parangueo	San Ignacio de San Jose Parangueo	MX	1246	20.4139	-101.2979
5474843	La Huerta	La Huerta	US	1246	32.4429	-104.2211
3524242	Loma de Sogotegoyo	Loma de Sogotegoyo	MX	1245	18.2190	-94.9737
4025021	Janambo	Janambo	MX	1245	20.2070	-101.5262
8859404	Puebla	Puebla	MX	1245	16.9158	-92.5039
8859405	Tzopilja	Tzopilja	MX	1245	16.7397	-92.3092
8859406	Tonalixco	Tonalixco	MX	1245	20.2317	-98.2553
8859407	Cerro Grande	Cerro Grande	MX	1245	20.2386	-97.6819
13286724	Hope Creek	Hope Creek	BZ	1244	17.0026	-88.3125
3603920	Paujiles	Paujiles	HN	1244	15.1000	-87.3500
3516848	Santo Domingo Jalieza	Santo Domingo Jalieza	MX	1244	16.8679	-96.6287
3518707	San Juan Cuautla	San Juan Cuautla	MX	1244	18.2442	-96.9567
3823278	El Terrero	El Terrero	MX	1244	19.5375	-96.7998
3824671	El Panorama	El Panorama	MX	1244	20.2890	-97.6355
3972650	La Luz	La Luz	MX	1244	22.8800	-102.3103
4011882	División del Norte	Division del Norte	MX	1244	19.0812	-102.6121
4024768	La Ortiga	La Ortiga	MX	1244	19.9622	-101.0006
8859408	Oriente 1ra. Sección (Santo Domingo)	Oriente 1ra. Seccion (Santo Domingo)	MX	1244	18.2642	-93.2031
3581226	San Andres	San Andres	BZ	1243	18.3892	-88.4094
8859409	Quintana Roo	Quintana Roo	MX	1243	16.6067	-93.5619
8859410	El Porvenir	El Porvenir	MX	1243	18.9208	-96.9258
3607838	La Guama	La Guama	HN	1242	14.8865	-87.9370
3523230	Michimaloya	Michimaloya	MX	1242	20.1021	-99.3973
3815219	Lázaro Cárdenas	Lazaro Cardenas	MX	1242	19.3588	-97.9876
3821765	El Cortés	El Cortes	MX	1242	16.7806	-99.5021
3827234	La Huanica	La Huanica	MX	1242	19.4596	-99.5008
3985005	San Pedro Tesistán	San Pedro Tesistan	MX	1242	20.2285	-103.4143
4001048	La Palma	La Palma	MX	1242	25.6085	-103.3208
4010527	El Cayaco	El Cayaco	MX	1242	17.0469	-100.2673
8859411	Barrio del Cajón	Barrio del Cajon	MX	1242	19.3914	-99.6581
3530849	San Pedro Chimay	San Pedro Chimay	MX	1241	20.8660	-89.5795
3988044	Samachique	Samachique	MX	1241	27.2995	-107.5403
4024056	San Juan Bautista Cacalote	San Juan Bautista Cacalote	MX	1241	20.3481	-100.7883
4024665	La Cieneguita	La Cieneguita	MX	1241	20.9516	-100.7911
8599116	Ejido Ojo de Agua	Ejido Ojo de Agua	MX	1241	32.4756	-116.7892
8859412	Hidalgo Amajac	Hidalgo Amajac	MX	1241	20.9050	-97.6294
3524393	Lepan	Lepan	MX	1240	20.7127	-89.4970
3528260	El Rincón	El Rincon	MX	1240	20.7411	-99.7847
3987339	San Diego	San Diego	MX	1240	24.3820	-107.3310
8859413	Tierra Blanca	Tierra Blanca	MX	1240	18.9722	-99.5919
8859414	Tomaquilapa	Tomaquilapa	MX	1240	19.7564	-97.3216
3613900	Ceguaca	Ceguaca	HN	1239	14.8023	-88.2039
3522064	Palo Bendito	Palo Bendito	MX	1239	20.4563	-98.4994
8859415	Licenciado Gustavo Díaz Ordaz (18 de Marzo)	Licenciado Gustavo Diaz Ordaz (18 de Marzo)	MX	1239	18.6322	-91.0028
8859416	Zizicazapa	Zizicazapa	MX	1239	17.5156	-99.1525
9621612	San Juan Sautla	San Juan Sautla	MX	1239	17.8580	-96.6744
3708731	Hato Montaña	Hato Montana	PA	1239	8.9194	-79.7391
3581168	San Pablo	San Pablo	BZ	1238	18.2106	-88.5661
3517159	Santa Mónica	Santa Monica	MX	1238	20.3075	-98.2175
3814420	Los Cides	Los Cides	MX	1238	19.8035	-98.5218
3817826	El Carmen	El Carmen	MX	1238	19.8856	-98.9567
3817929	Denjhi	Denjhi	MX	1238	19.9212	-99.5356
3824517	Doctor Montes de Oca	Doctor Montes de Oca	MX	1238	20.9346	-97.5556
4000539	La Quemada	La Quemada	MX	1238	20.9720	-104.0483
4001999	La Higuera	La Higuera	MX	1238	19.4228	-103.4089
4017582	Banámichi	Banamichi	MX	1238	30.0081	-110.2150
8859417	Sergio Villaseñor	Sergio Villasenor	MX	1238	20.6450	-100.4208
3516110	San Antonio Tedzidz	San Antonio Tedzidz	MX	1237	20.8349	-89.9750
3524279	Loché	Loche	MX	1237	21.3886	-88.1461
3530042	San José Cuamantzingo	San Jose Cuamantzingo	MX	1237	19.5156	-98.2537
3800728	Zocoteaca de León	Zocoteaca de Leon	MX	1237	16.6382	-98.0028
3825096	San Juan Seco de Valencia	San Juan Seco de Valencia	MX	1237	18.3088	-95.1554
3992960	Peñuelas	Penuelas	MX	1237	20.8804	-101.8536
3527599	Fontezuelas	Fontezuelas	MX	1236	20.4890	-98.8739
3983119	Serrano	Serrano	MX	1236	20.7783	-101.3953
8859418	San Miguel del Arenal	San Miguel del Arenal	MX	1236	20.9908	-101.4856
8859420	Cuatro Caminos	Cuatro Caminos	MX	1236	18.4913	-97.1290
8859421	La Soledad	La Soledad	MX	1236	20.1694	-100.1911
8859422	Chiconamel	Chiconamel	MX	1236	21.3681	-98.7192
8859423	San José de Abajo [Unidad Habitacional]	San Jose de Abajo [Unidad Habitacional]	MX	1236	18.9197	-96.9636
3709703	Espavé	Espave	PA	1236	8.6634	-79.8725
4024571	Molino de Santa Ana	Molino de Santa Ana	MX	1235	20.8273	-101.3477
8859424	Patlicha	Patlicha	MX	1235	17.4394	-98.7217
8859425	San Antonio Xahuento	San Antonio Xahuento	MX	1235	19.6917	-99.1072
8859426	Colonia Ángel Bocanegra (Adolfo López Mateos)	Colonia Angel Bocanegra (Adolfo Lopez Mateos)	MX	1235	18.9264	-99.0297
8859427	Colonia Hidalgo (El Tecolote)	Colonia Hidalgo (El Tecolote)	MX	1235	22.3297	-102.0358
10211213	La Mesa	La Mesa	PA	1235	9.4959	-82.6753
3521677	Peñamiller	Penamiller	MX	1234	21.0535	-99.8154
3816490	Emiliano Zapata	Emiliano Zapata	MX	1234	16.1820	-91.9678
3817872	El Rosal	El Rosal	MX	1234	20.1013	-99.6856
3822489	Santo Domingo	Santo Domingo	MX	1234	20.6000	-90.1167
4026564	Cuadrilla de Dolores	Cuadrilla de Dolores	MX	1234	19.1400	-100.0694
8859428	Carmen Serdán	Carmen Serdan	MX	1234	19.0364	-97.8119
3516275	Tantima	Tantima	MX	1233	21.3323	-97.8333
3823628	Loma de los Carmona	Loma de los Carmona	MX	1233	19.1062	-96.3938
3824569	Vicente Herrera	Vicente Herrera	MX	1233	20.5774	-97.3492
4013329	Colonia Plenitud	Colonia Plenitud	MX	1233	23.2325	-103.0750
8859429	Colonia Guadalupe	Colonia Guadalupe	MX	1233	19.9392	-98.7656
3580873	Unitedville	Unitedville	BZ	1232	17.2103	-88.9339
3827182	Rancho Alegre	Rancho Alegre	MX	1232	19.6253	-99.6836
8859430	Emiliano Zapata	Emiliano Zapata	MX	1232	15.6692	-92.2386
8859431	San Bernardo Peña Blanca	San Bernardo Pena Blanca	MX	1232	20.4617	-101.4825
8859432	Izotepec	Izotepec	MX	1232	17.5850	-99.9544
8859433	Rancho de las Lomas	Rancho de las Lomas	MX	1232	17.7397	-99.2458
3518695	San Juan del Río	San Juan del Rio	MX	1231	16.8829	-96.1607
3800404	Santiago Tetepec	Santiago Tetepec	MX	1231	16.3221	-97.7479
3817770	San Miguel Atepoxco	San Miguel Atepoxco	MX	1231	19.7450	-98.7404
3827575	Pueblo Nuevo de Morelos	Pueblo Nuevo de Morelos	MX	1231	19.7625	-99.0538
3972217	Granadas	Granadas	MX	1231	22.1016	-101.8639
3986181	Moras	Moras	MX	1231	20.3262	-102.5925
3996757	Manalisco	Manalisco	MX	1231	21.0604	-102.9219
4691524	Florence	Florence	US	1231	30.8413	-97.7936
3533042	Almolonga	Almolonga	MX	1230	17.6394	-99.2954
4024504	Jesús del Monte	Jesus del Monte	MX	1230	20.9150	-101.7414
8859435	Arroyo Chical (Nuevo Arroyo Chicali)	Arroyo Chical (Nuevo Arroyo Chicali)	MX	1230	18.2161	-96.3367
3519536	San Cristóbal Lachirioag	San Cristobal Lachirioag	MX	1229	17.3359	-96.1648
4007725	El Salero	El Salero	MX	1229	22.3871	-102.3232
8859436	Buenavista	Buenavista	MX	1229	17.2256	-92.5267
3519030	San Joaquín	San Joaquin	MX	1228	20.5056	-99.7752
3526605	Jalpa	Jalpa	MX	1228	21.1096	-98.7132
3527353	Guadalupe Hidalgo	Guadalupe Hidalgo	MX	1228	17.1495	-96.8111
3820828	Xmabén	Xmaben	MX	1228	19.2351	-89.3143
3990933	Rancho Alegre	Rancho Alegre	MX	1228	25.5027	-103.3277
4026753	Cerritos del Pilar	Cerritos del Pilar	MX	1228	19.4451	-100.0191
8859437	Tres Cerros	Tres Cerros	MX	1228	16.9156	-92.4728
8859438	Atlamajalcingo del Río	Atlamajalcingo del Rio	MX	1228	17.5267	-98.6556
8859439	Xalatlaco	Xalatlaco	MX	1228	19.0497	-97.0411
5521711	Fort Clark Springs	Fort Clark Springs	US	1228	29.3061	-100.4220
3603998	Paptalaya	Paptalaya	HN	1227	15.5000	-84.3167
3526459	Jonacapa	Jonacapa	MX	1227	20.4373	-99.5334
3815337	José María Morelos	Jose Maria Morelos	MX	1227	19.3175	-97.9779
3985176	San Pablo Pejo	San Pablo Pejo	MX	1227	20.0340	-100.9372
8859440	CERESO Nuevo	CERESO Nuevo	MX	1227	25.8914	-109.0422
11193653	Orduña de Arriba	Orduna de Arriba	MX	1227	20.7654	-100.7929
3515407	Tlamanca	Tlamanca	MX	1226	19.6746	-97.6964
3517872	San Rafael Zaragoza	San Rafael Zaragoza	MX	1226	18.6414	-99.0050
3521293	Polyuc	Polyuc	MX	1226	19.6089	-88.5615
3814226	Carboneras	Carboneras	MX	1226	20.2137	-98.6974
4024131	El Fresno	El Fresno	MX	1226	20.2727	-100.4960
8859441	Pascala del Oro	Pascala del Oro	MX	1226	17.0547	-98.8097
8859442	Ladrilleras de Ocoro	Ladrilleras de Ocoro	MX	1226	25.5981	-108.4494
9022789	Loma Alta	Loma Alta	MX	1226	19.7972	-98.0271
3518881	San José de Gracia	San Jose de Gracia	MX	1225	18.6434	-97.8473
3520376	El Remolino	El Remolino	MX	1225	20.3888	-97.2121
3530909	Chigmecatitlán	Chigmecatitlan	MX	1225	18.6463	-98.0720
3531874	Cacaté	Cacate	MX	1225	16.8453	-92.8349
3984048	José María Morelos (Santa Mónica)	Jose Maria Morelos (Santa Monica)	MX	1225	23.6056	-103.1103
4002510	La Esperanza	La Esperanza	MX	1225	20.0553	-102.4108
4015886	Colonia Michoacana	Colonia Michoacana	MX	1225	24.7247	-107.6329
9532420	Estación Tuzantán	Estacion Tuzantan	MX	1225	15.1064	-92.4509
3601563	Santa Lucía	Santa Lucia	HN	1224	14.4167	-89.2000
3514949	Uci	Uci	MX	1224	21.1268	-89.2683
3517973	San Pedro Ocotepec	San Pedro Ocotepec	MX	1224	16.9559	-95.8465
3800571	La Barra de Colotepec	La Barra de Colotepec	MX	1224	15.8243	-97.0281
3826983	San Juan Cote Ejido	San Juan Cote Ejido	MX	1224	19.6052	-99.9591
4018839	Alcocer	Alcocer	MX	1224	20.8689	-100.7043
8859443	Puerta del Llano	Puerta del Llano	MX	1224	20.7853	-103.4614
8859444	El Obraje	El Obraje	MX	1224	19.7227	-99.9626
3611719	El Guantillo	El Guantillo	HN	1223	14.6000	-87.3000
3529628	Dzula	Dzula	MX	1223	19.6033	-88.4157
3801892	La Blanca	La Blanca	MX	1223	16.5948	-94.6926
4017108	Bimbaletes Aguascalientes (El Álamo)	Bimbaletes Aguascalientes (El Alamo)	MX	1223	22.2344	-102.0192
4029434	La Barreta	La Barreta	MX	1223	20.8280	-100.5064
3518682	San Juan Diuxi	San Juan Diuxi	MX	1222	17.2821	-97.3734
3526667	Ixtlahuaco	Ixtlahuaco	MX	1222	20.8856	-98.7037
3761109	La Pahua	La Pahua	MX	1222	20.6118	-97.8536
3801282	La Tabaquera	La Tabaquera	MX	1222	18.3364	-96.4511
3801490	Constitución Mexicana	Constitucion Mexicana	MX	1222	17.3407	-95.3731
3816285	La Laguna	La Laguna	MX	1222	16.6936	-91.9493
3816477	Saltillo	Saltillo	MX	1222	16.3936	-91.9489
3818770	Miravalles	Miravalles	MX	1222	19.3413	-97.5385
4024256	San José de la Montaña	San Jose de la Montana	MX	1222	20.6004	-101.0730
4025044	Epitacio Huerta	Epitacio Huerta	MX	1222	20.1353	-100.2929
8859445	Ignacio Zaragoza	Ignacio Zaragoza	MX	1222	17.2900	-92.9381
8859446	El Refugio	El Refugio	MX	1222	17.0383	-99.2006
3701816	Río Rita	Rio Rita	PA	1222	9.3085	-79.7910
9409143	Howard	Howard	PA	1222	8.9394	-79.5910
3532954	Colonia Álvaro Obregón	Colonia Alvaro Obregon	MX	1221	22.2518	-99.6742
3814485	Ojo de Agua	Ojo de Agua	MX	1221	19.9712	-99.4697
3972430	Pozo de Jarillas	Pozo de Jarillas	MX	1221	22.6528	-102.1978
3987205	San Felipe de Híjar	San Felipe de Hijar	MX	1221	20.9012	-104.7216
8859447	Majastic	Majastic	MX	1221	17.2894	-92.6283
8859448	Las Letras	Las Letras	MX	1221	20.2308	-101.4336
3603167	Puerto Castilla	Puerto Castilla	HN	1220	16.0167	-85.9667
4001155	La Noria de San Antonio	La Noria de San Antonio	MX	1220	23.5070	-106.3136
4017270	Batopilas de Manuel Gómez Morín	Batopilas de Manuel Gomez Morin	MX	1220	27.0269	-107.7394
8859449	El Pozo	El Pozo	MX	1220	20.6375	-100.3331
8859450	Oriente 2da. Sección (Palma Huaca)	Oriente 2da. Seccion (Palma Huaca)	MX	1220	18.3292	-93.1853
10347304	Manaca Civil	Manaca Civil	PA	1220	8.3255	-82.8181
3822446	Nacuche	Nacuche	MX	1219	20.9247	-88.2958
3823874	San Isidro el Berro	San Isidro el Berro	MX	1219	18.9272	-97.2056
3827150	San José Boqui	San Jose Boqui	MX	1219	19.7017	-99.7286
3986254	San José de Aura	San Jose de Aura	MX	1219	27.5878	-101.3725
4022973	La Cuesta de Peñones	La Cuesta de Penones	MX	1219	21.0829	-100.2349
8859451	Molinos	Molinos	MX	1219	22.1628	-102.0947
8859452	Maclovio Herrera (Colonia Aviación)	Maclovio Herrera (Colonia Aviacion)	MX	1219	32.5419	-116.6361
8859453	Cumbre de Barranca Honda	Cumbre de Barranca Honda	MX	1219	16.7317	-98.3367
8859454	Colonia Arboledas (San Andrés)	Colonia Arboledas (San Andres)	MX	1219	19.2025	-99.5808
8859455	Fracción San Roque (El Prieto)	Fraccion San Roque (El Prieto)	MX	1219	19.6872	-99.1722
8859456	San Cristóbal los Nava	San Cristobal los Nava	MX	1219	18.9953	-97.8319
3802294	Amado Gómez	Amado Gomez	MX	1218	18.1477	-93.3558
3983642	Santiago Bayacora	Santiago Bayacora	MX	1218	23.8960	-104.6141
4006439	La Estancia de San José del Carmen	La Estancia de San Jose del Carmen	MX	1218	20.2960	-100.8605
4017930	Ayotitlán	Ayotitlan	MX	1218	20.2205	-103.9440
8859457	Lucio Blanco (Los Gavilanes)	Lucio Blanco (Los Gavilanes)	MX	1218	21.1153	-101.5511
3713077	Kankintú	Kankintu	PA	1218	8.8463	-81.8127
3603041	Quebrada Larga	Quebrada Larga	HN	1217	14.1000	-86.3667
3521836	Paso del Correo	Paso del Correo	MX	1217	20.3151	-97.2721
3824043	Tlacuilolapan	Tlacuilolapan	MX	1217	17.9778	-94.2631
3825373	Hermanos Cedillo	Hermanos Cedillo	MX	1217	17.2533	-94.6128
3996239	Menores	Menores	MX	1217	20.9203	-101.3950
8859458	Los Palacios	Los Palacios	MX	1217	14.8572	-92.2582
8859459	Oxeloco	Oxeloco	MX	1217	20.9189	-98.3256
8859460	El Césped	El Cesped	MX	1217	19.8825	-100.1397
8859461	San Antonio Matlahuacales	San Antonio Matlahuacales	MX	1217	19.7553	-98.0819
3519349	Occidente (San Francisco)	Occidente (San Francisco)	MX	1216	18.3313	-93.2524
3815197	Jesús Huitznahuac	Jesus Huitznahuac	MX	1216	19.3425	-98.1281
4026807	Barrio de Arriba de San Juan Xoconusco	Barrio de Arriba de San Juan Xoconusco	MX	1216	19.3204	-100.2702
8859462	Piedra Blanca	Piedra Blanca	MX	1216	16.9886	-95.0128
3701101	Santo Domingo	Santo Domingo	PA	1216	8.5104	-82.7137
4709410	Martindale	Martindale	US	1216	29.8455	-97.8408
3517211	Techachalco	Techachalco	MX	1215	18.9537	-97.4704
3532669	Astapa	Astapa	MX	1215	17.7814	-92.8495
3533141	Ahuajutla	Ahuajutla	MX	1215	17.4304	-98.2903
3814254	Río Seco Puente de Doria	Rio Seco Puente de Doria	MX	1215	20.2109	-98.5008
3823656	Rancho del Padre	Rancho del Padre	MX	1215	19.0584	-96.1771
3826851	San Andrés de los Gama	San Andres de los Gama	MX	1215	19.0377	-99.9740
3972204	Colonia José María Morelos	Colonia Jose Maria Morelos	MX	1215	22.3679	-101.7945
4003842	La Joya de Calvillo	La Joya de Calvillo	MX	1215	20.7481	-101.6083
4009148	El Molino	El Molino	MX	1215	24.5706	-107.6655
8859463	La Purísima	La Purisima	MX	1215	20.5144	-100.6725
8859464	Praderas de San Francisco	Praderas de San Francisco	MX	1215	25.8183	-100.4025
3517958	San Pedro Tetitlán	San Pedro Tetitlan	MX	1214	18.2597	-97.3231
3817611	Popo Park	Popo Park	MX	1214	19.0651	-98.7809
3823323	Playa de Chachalacas	Playa de Chachalacas	MX	1214	19.4225	-96.3235
3988431	Rosales	Rosales	MX	1214	27.1324	-109.4402
3995946	Mier y Noriega	Mier y Noriega	MX	1214	23.4227	-100.1192
4024244	Cerrito de Gasca	Cerrito de Gasca	MX	1214	20.6186	-101.0631
4027145	Morelita	Morelita	MX	1214	18.2692	-100.5642
8859465	Alejo González (Bilbao)	Alejo Gonzalez (Bilbao)	MX	1214	25.8219	-103.1947
8859466	Colonia Patria Nueva	Colonia Patria Nueva	MX	1214	20.5283	-100.8794
8859467	Colonia Guadalupana	Colonia Guadalupana	MX	1214	20.5667	-103.2189
8859468	Xalticpac	Xalticpac	MX	1214	19.8430	-97.5956
3707921	La Colorada	La Colorada	PA	1214	8.0147	-80.9843
3530354	Concá	Conca	MX	1213	21.4443	-99.6363
3821745	Campanario	Campanario	MX	1213	16.8353	-99.5718
3823837	Villa Unión	Villa Union	MX	1213	18.8540	-96.9811
3973766	Ojo de Agua	Ojo de Agua	MX	1213	22.4438	-100.0928
3977081	San José de los Reynoso	San Jose de los Reynoso	MX	1213	21.0725	-102.2847
3991842	Presa del Rosario	Presa del Rosario	MX	1213	19.0669	-102.4090
8859469	Santa Ana Nichi Ejido	Santa Ana Nichi Ejido	MX	1213	19.5844	-99.9891
3515888	Tepexco	Tepexco	MX	1212	20.0291	-97.9581
3516417	Talol	Talol	MX	1212	21.1162	-98.6242
3518711	San Juan Coatzospam	San Juan Coatzospam	MX	1212	18.0500	-96.7630
3802066	Potreritos	Potreritos	MX	1212	18.3104	-93.2822
3813254	La Reforma	La Reforma	MX	1212	21.0744	-98.8698
3824683	Miguel Hidalgo	Miguel Hidalgo	MX	1212	19.7576	-97.2821
4020480	La Presa	La Presa	MX	1212	22.3434	-105.3941
4021078	La Panadera	La Panadera	MX	1212	21.8656	-102.6934
3531276	El Chacal	El Chacal	MX	1211	20.2223	-97.4603
8859470	Tequila 1ra. Sección (La Aurora)	Tequila 1ra. Seccion (La Aurora)	MX	1211	17.8800	-92.7231
4723670	Rogers	Rogers	US	1211	30.9316	-97.2267
5465262	Doña Ana	Dona Ana	US	1211	32.3895	-106.8139
3581178	San Lazaro	San Lazaro	BZ	1210	18.0385	-88.6632
3612784	El Achiotal	El Achiotal	HN	1210	14.0833	-88.7500
3522761	Netzahualcóyotl	Netzahualcoyotl	MX	1210	17.7113	-91.4424
3533146	Ahuehuetitla	Ahuehuetitla	MX	1210	18.2127	-98.2195
3824701	Tierra Nueva	Tierra Nueva	MX	1210	19.9392	-97.0165
3981866	Terminal de Providencia	Terminal de Providencia	MX	1210	24.6914	-101.4642
4029510	El Paraíso	El Paraiso	MX	1210	20.5640	-100.2161
8859471	Primero de Mayo (Chupaderos)	Primero de Mayo (Chupaderos)	MX	1210	21.4661	-101.8272
4716655	Olmito	Olmito	US	1210	26.0217	-97.5341
3522331	Once de Abril	Once de Abril	MX	1209	15.0520	-92.1422
3527128	Hidalgo	Hidalgo	MX	1209	15.3498	-92.7419
4005535	Guadalcázar	Guadalcazar	MX	1209	22.6180	-100.3994
4026694	Concepción la Venta	Concepcion la Venta	MX	1209	19.6914	-100.1518
3602769	Río Esteban	Rio Esteban	HN	1208	15.8333	-86.3000
3824820	Chonegal	Chonegal	MX	1208	18.5753	-95.3931
4014649	Ceuta	Ceuta	MX	1208	23.9019	-106.9283
4019868	Abasolo	Abasolo	MX	1208	25.3114	-104.6546
3824566	Puente de Piedra	Puente de Piedra	MX	1207	20.6065	-97.1970
8859472	Prados del Rosario	Prados del Rosario	MX	1207	21.0219	-100.3925
3608631	Joconal	Joconal	HN	1206	15.3552	-88.6329
4000033	Cruces	Cruces	MX	1206	29.4335	-107.3885
8859473	San Antonio Bulujib	San Antonio Bulujib	MX	1206	16.9967	-92.2967
8859474	San Ignacio	San Ignacio	MX	1206	21.2819	-100.5372
8859475	Colonia los Remedios	Colonia los Remedios	MX	1206	19.7344	-98.7911
3515057	Tulcingo	Tulcingo	MX	1205	18.8374	-98.5956
3530285	Constancia del Rosario	Constancia del Rosario	MX	1205	17.0382	-97.9411
3827151	Huemetla	Huemetla	MX	1205	19.7150	-99.7358
8859476	San Antonio de Corrales	San Antonio de Corrales	MX	1205	20.7456	-100.9636
8859477	El Salvador (Ranchito San José del Carmen)	El Salvador (Ranchito San Jose del Carmen)	MX	1205	20.2875	-100.8772
8859478	Potrero de los Sánchez (Estación Techa)	Potrero de los Sanchez (Estacion Techa)	MX	1205	25.1100	-107.9011
8859479	Oriente 2da. Sección (San Cayetano)	Oriente 2da. Seccion (San Cayetano)	MX	1205	18.1867	-93.2294
5550683	Spur	Spur	US	1205	33.4765	-100.8557
3519971	San Agustín Zapotlán	San Agustin Zapotlan	MX	1204	19.8759	-98.7140
3522785	Nauzontla	Nauzontla	MX	1204	19.9595	-97.6031
3815738	Maravillas	Maravillas	MX	1204	17.1367	-92.5577
3821992	La Dicha	La Dicha	MX	1204	16.7672	-99.0106
8859480	Rincón Verde	Rincon Verde	MX	1204	19.4964	-99.2908
3620479	Cárdenas	Cardenas	NI	1204	11.1964	-85.5089
3483798	Higinio Olivo	Higinio Olivo	MX	1203	21.9801	-99.5794
3825384	Vicente Guerrero	Vicente Guerrero	MX	1203	17.4955	-94.7190
3991990	Poturo	Poturo	MX	1203	18.8265	-101.6132
4014801	Cerrito de Zavala	Cerrito de Zavala	MX	1203	22.5369	-100.9768
4025574	Ocurio	Ocurio	MX	1203	19.4843	-100.4193
8859481	La Palmita y Anexos (La Presita)	La Palmita y Anexos (La Presita)	MX	1203	24.9092	-107.4519
3816684	Agrónomos Mexicanos	Agronomos Mexicanos	MX	1202	16.3500	-93.5300
3823461	Tonalaco	Tonalaco	MX	1202	19.4290	-97.1320
3824699	Pahua Hueca	Pahua Hueca	MX	1202	19.9618	-97.0559
3991229	Purísima de Covarrubias	Purisima de Covarrubias	MX	1202	20.6194	-101.4832
4018073	Atacco	Atacco	MX	1202	19.9267	-103.7426
8859482	San Carlos Autopan	San Carlos Autopan	MX	1202	19.3858	-99.6872
8859483	Patria Nueva	Patria Nueva	MX	1202	20.6322	-100.4769
3590069	San José	San Jose	GT	1201	16.9833	-89.9000
3821844	Pochutla	Pochutla	MX	1201	17.6591	-98.8980
3982289	Tazumbos	Tazumbos	MX	1201	19.2935	-102.6447
8859484	Zequentic	Zequentic	MX	1201	16.7169	-92.8267
8859485	Eureka de Media Luna (Eureka)	Eureka de Media Luna (Eureka)	MX	1201	25.7989	-103.3736
8859486	San Vicente (Calpulalpan Tercera Manzana)	San Vicente (Calpulalpan Tercera Manzana)	MX	1201	20.0372	-99.6417
5521715	Fort Davis	Fort Davis	US	1201	30.5882	-103.8946
3821601	Carrizalillo	Carrizalillo	MX	1200	17.8508	-99.7126
4027760	Colonia Luces en el Mar	Colonia Luces en el Mar	MX	1200	16.9216	-100.0153
8859487	Las Yerbitas [Aserradero]	Las Yerbitas [Aserradero]	MX	1200	26.0802	-106.7797
8859488	San José de Bernalejo (El Guayabo)	San Jose de Bernalejo (El Guayabo)	MX	1200	20.6400	-101.4014
3611987	Corpus	Corpus	HN	1199	13.2889	-87.0347
3980761	Uruachi	Uruachi	MX	1199	27.8677	-108.2153
3997321	Los Pilares	Los Pilares	MX	1199	20.3257	-102.3726
4023973	Los Otates	Los Otates	MX	1199	20.4005	-101.4821
3992942	Peotillos	Peotillos	MX	1198	22.4939	-100.6113
4026975	Los Almendros	Los Almendros	MX	1198	17.6117	-101.4392
8770151	Buayums	Buayums	MX	1198	26.8634	-109.4343
8859489	Buenavista (Matasanos)	Buenavista (Matasanos)	MX	1198	17.1078	-93.0669
3514395	Xoxolpa	Xoxolpa	MX	1197	20.8756	-98.4238
3814193	Benito Juárez	Benito Juarez	MX	1197	20.1610	-98.8263
3983601	Ejido la Pitahaya (Santo Domingo)	Ejido la Pitahaya (Santo Domingo)	MX	1197	21.6061	-100.7611
3986473	San Jose Solís	San Jose Solis	MX	1197	19.9988	-100.0492
4009054	El Naranjito	El Naranjito	MX	1197	17.9875	-102.1571
8859490	Río Jordán	Rio Jordan	MX	1197	17.2461	-91.9331
3519918	San Andrés Paxtlán	San Andres Paxtlan	MX	1196	16.2162	-96.5078
3761648	Chiltepec de Hidalgo	Chiltepec de Hidalgo	MX	1196	18.9127	-99.8345
3996411	Matanzas	Matanzas	MX	1196	21.6333	-101.6553
4000880	La Paz de Ordaz	La Paz de Ordaz	MX	1196	20.3452	-102.5309
4004129	Jamaica	Jamaica	MX	1196	21.1430	-100.7350
4013392	Jecopaco	Jecopaco	MX	1196	27.1982	-109.7696
8859491	Escalerilla Lagunas	Escalerilla Lagunas	MX	1196	17.3781	-98.8467
3516408	Tamán	Taman	MX	1195	21.2322	-98.8795
3528828	El Juile	El Juile	MX	1195	17.7430	-94.9890
3800498	San Juan Lachao	San Juan Lachao	MX	1195	16.1589	-97.1245
3801322	Macín Chico	Macin Chico	MX	1195	18.0682	-96.2718
3825149	Nuevo San Martín	Nuevo San Martin	MX	1195	17.5799	-95.5235
8859492	El Mirador	El Mirador	MX	1195	19.5569	-97.7719
8859493	Cuesta de Laja	Cuesta de Laja	MX	1195	18.2933	-95.2211
3821537	San Miguel de las Palmas	San Miguel de las Palmas	MX	1194	18.2520	-99.2008
3992769	Picardías	Picardias	MX	1194	25.3244	-103.4861
4009695	El Huaco	El Huaco	MX	1194	19.0669	-102.0571
4025816	Cuatro Caminos	Cuatro Caminos	MX	1194	18.9877	-102.1029
3611986	El Corpús	El Corpus	HN	1193	14.6981	-88.9086
3530750	Chontalcoatlán	Chontalcoatlan	MX	1193	18.6543	-99.5740
3816056	Narciso Mendoza	Narciso Mendoza	MX	1193	16.5800	-92.9891
3817597	San Juan Tlacotompa (Tlacotompa)	San Juan Tlacotompa (Tlacotompa)	MX	1193	18.9411	-98.7906
3818708	Villa Cuauhtémoc	Villa Cuauhtemoc	MX	1193	19.7784	-98.0972
3824655	Paso de Valencia	Paso de Valencia	MX	1193	20.2709	-97.3350
3976684	Gustavo Díaz Ordaz	Gustavo Diaz Ordaz	MX	1193	25.2672	-108.0956
3983814	Santa Rosalía	Santa Rosalia	MX	1193	20.8169	-104.0859
8859494	La Sábana	La Sabana	MX	1193	18.4446	-92.8841
8859495	La Trinidad Chimalpa	La Trinidad Chimalpa	MX	1193	19.3294	-98.2453
3813490	Texcaco	Texcaco	MX	1192	20.8397	-98.6149
3815374	La Aurora	La Aurora	MX	1192	19.2568	-98.2232
3998472	Lobatos	Lobatos	MX	1192	22.8241	-103.4060
4026705	Concepción del Monte	Concepcion del Monte	MX	1192	19.6513	-100.1544
8859496	La Colonia	La Colonia	MX	1192	19.1444	-98.7867
8859497	Playa de la Libertad	Playa de la Libertad	MX	1192	19.0831	-96.0978
4696310	Harper	Harper	US	1192	30.2999	-99.2442
4023912	Mezquite de Luna	Mezquite de Luna	MX	1191	20.2979	-101.8929
4025405	Paramuén	Paramuen	MX	1191	19.3509	-101.6924
8859498	Macutzio	Macutzio	MX	1191	19.4992	-100.3550
8859499	San Lorenzo	San Lorenzo	MX	1191	17.5831	-95.7772
8859500	Fraccionamiento Riberas de San Jerónimo	Fraccionamiento Riberas de San Jeronimo	MX	1191	17.1125	-96.7772
5318288	Tubac	Tubac	US	1191	31.6126	-111.0459
3826994	El Carmen Ocotepec	El Carmen Ocotepec	MX	1190	19.6872	-99.9742
4013858	Cieneguilla	Cieneguilla	MX	1190	21.2483	-100.2739
8859501	El Silencio	El Silencio	MX	1190	27.4680	-113.2999
8859502	Santa Cruz Texmalaquilla	Santa Cruz Texmalaquilla	MX	1190	18.9431	-97.2875
8859503	Lomas de Santa Cruz	Lomas de Santa Cruz	MX	1190	18.9244	-97.7300
8859504	El Mollejon	El Mollejon	MX	1190	20.5422	-97.4111
3514529	Xhitey	Xhitey	MX	1189	19.9816	-99.5278
3524038	Los Ídolos	Los Idolos	MX	1189	19.4127	-96.5181
3524248	Las Lomas	Las Lomas	MX	1189	17.9518	-94.5619
4006947	El Vicario	El Vicario	MX	1189	20.5819	-100.6713
4007089	El Tule	El Tule	MX	1189	22.0844	-102.0910
4016077	Estación Camacho	Estacion Camacho	MX	1189	24.4402	-102.3732
8859505	Tacuba Nueva	Tacuba Nueva	MX	1189	17.0903	-92.3703
8859506	Cálido	Calido	MX	1189	17.0989	-92.7875
8859507	Paso de Pirules	Paso de Pirules	MX	1189	20.9503	-101.2997
3603136	Punta Piedra	Punta Piedra	HN	1188	15.9000	-85.2833
3515345	Tlaxocoyucan	Tlaxocoyucan	MX	1188	20.2286	-98.4905
3526882	Huitzilac	Huitzilac	MX	1188	20.6067	-97.7421
3815459	Guadalupe Texcalac	Guadalupe Texcalac	MX	1188	19.4384	-98.0781
8859509	Alfonso Garzón [Granjas Familiares]	Alfonso Garzon [Granjas Familiares]	MX	1188	32.5467	-116.6172
8859510	San José de Durán (Los Troncoso)	San Jose de Duran (Los Troncoso)	MX	1188	21.0631	-101.6742
3709361	Garachiné	Garachine	PA	1188	8.0668	-78.3644
3483486	Pemucho	Pemucho	MX	1187	21.1974	-98.8302
3523683	Malinaltepec	Malinaltepec	MX	1187	17.2444	-98.6701
3985615	San Luis de Lozada	San Luis de Lozada	MX	1187	21.5025	-104.7052
8859511	Ococh	Ococh	MX	1187	16.8381	-92.4753
3702332	Punta Peña	Punta Pena	PA	1187	8.9166	-82.1849
3526886	Huitzila	Huitzila	MX	1186	18.7190	-97.1703
3527665	Euán	Euan	MX	1186	20.9969	-89.3405
3528687	El Molino	El Molino	MX	1186	21.9160	-98.2989
3818808	El Veladero	El Veladero	MX	1186	18.9642	-97.4829
3821877	San Ángel	San Angel	MX	1186	17.4819	-99.1656
3996600	El Marcol	El Marcol	MX	1186	25.4971	-108.5149
4009411	El Llanito	El Llanito	MX	1186	21.1232	-100.9510
4014965	El Cazadero	El Cazadero	MX	1186	23.6732	-103.1226
4021452	Noria del Borrego (Norias)	Noria del Borrego (Norias)	MX	1186	22.2872	-102.0419
4029679	Santiago Mexquititlán Barrio 4to.	Santiago Mexquititlan Barrio 4to.	MX	1186	20.0631	-100.0683
8859512	Lázaro Cárdenas	Lazaro Cardenas	MX	1186	19.1431	-97.4006
3514978	Tzicatlacoyan	Tzicatlacoyan	MX	1185	18.8407	-98.0484
3521803	Paso Nacional	Paso Nacional	MX	1185	19.1439	-97.3577
3821879	San Martín	San Martin	MX	1185	17.4631	-99.2944
3996514	Marroquín	Marroquin	MX	1185	20.5116	-100.5595
4029551	Ojo de Agua	Ojo de Agua	MX	1185	20.3477	-100.0350
8859513	Boquilla de Babisas (La Boquilla de Conchos)	Boquilla de Babisas (La Boquilla de Conchos)	MX	1185	27.5486	-105.4036
8859514	Colonia Constitución	Colonia Constitucion	MX	1185	17.5367	-98.5994
3611844	El Escanito	El Escanito	HN	1184	14.6667	-87.1000
3515864	Tepetlacolco	Tepetlacolco	MX	1184	18.6410	-97.6928
3816043	Nicolás Bravo	Nicolas Bravo	MX	1184	16.5106	-92.9922
3992624	Piedras Negras	Piedras Negras	MX	1184	20.4302	-101.3913
4009404	El Llano	El Llano	MX	1184	21.4180	-105.1794
4024465	Frías	Frias	MX	1184	20.7987	-101.9975
4024576	Las Liebres	Las Liebres	MX	1184	20.8351	-101.4704
3523002	Monte Redondo	Monte Redondo	MX	1183	15.6522	-92.0504
3813283	Pueblo Hidalgo	Pueblo Hidalgo	MX	1183	21.1138	-98.6778
3814155	Cañada	Canada	MX	1183	20.1749	-99.1880
3818622	Nanacatlán	Nanacatlan	MX	1183	20.0037	-97.6758
3824972	Nuevo San José Independencia	Nuevo San Jose Independencia	MX	1183	18.3895	-96.0612
3977512	La Fe	La Fe	MX	1183	25.8479	-103.2007
8859515	Chichicapa	Chichicapa	MX	1183	18.4006	-97.0469
8859516	Tulimanca	Tulimanca	MX	1183	18.4694	-97.1400
4703578	Knox City	Knox City	US	1183	33.4181	-99.8190
3827172	San Antonio Nixini	San Antonio Nixini	MX	1182	19.6747	-99.6847
3987399	San Clemente	San Clemente	MX	1182	20.0844	-104.2510
8859517	Nueva Libertad (El Colorado)	Nueva Libertad (El Colorado)	MX	1182	15.8986	-92.0592
8859518	El Colegio	El Colegio	MX	1182	19.7733	-101.1775
8859519	Colonia Jordán	Colonia Jordan	MX	1182	16.3889	-95.2020
8859520	José María Morelos	Jose Maria Morelos	MX	1182	23.3228	-103.0144
3702550	Potrerillos Abajo	Potrerillos Abajo	PA	1182	8.6452	-82.4857
3527067	Hool	Hool	MX	1181	19.5139	-90.4453
3533024	Alpatláhuac	Alpatlahuac	MX	1181	19.1201	-97.0937
4706068	Lexington	Lexington	US	1181	30.4191	-97.0117
3588762	Sibilia	Sibilia	GT	1180	14.9939	-91.6237
3523742	Magdalena Tlacotepec	Magdalena Tlacotepec	MX	1180	16.5042	-95.2025
4025399	San Gregorio	San Gregorio	MX	1180	19.4033	-101.5379
4025580	Donaciano Ojeda	Donaciano Ojeda	MX	1180	19.4906	-100.2840
8859521	Pechucalco 2da. Sección (Las Cruces)	Pechucalco 2da. Seccion (Las Cruces)	MX	1180	18.1269	-93.1906
3820780	Suc-Tuc	Suc-Tuc	MX	1179	19.7124	-90.0373
3988463	Romero de Torres	Romero de Torres	MX	1179	20.0247	-102.2535
8859522	Xolostitla de Morelos (Xolostitla)	Xolostitla de Morelos (Xolostitla)	MX	1179	20.0664	-98.6386
3617543	Murra	Murra	NI	1179	13.7585	-86.0184
3516844	Santo Domingo Shomege (Shomege)	Santo Domingo Shomege (Shomege)	MX	1178	19.8452	-99.9017
3517117	Santa Rita	Santa Rita	MX	1178	21.9817	-99.8441
3802059	Occidente 4ta. Sección	Occidente 4ta. Seccion	MX	1178	18.3035	-93.2339
3814224	Camelia (Barrio la Camelia)	Camelia (Barrio la Camelia)	MX	1178	20.1492	-98.7222
3816579	Miguel Hidalgo	Miguel Hidalgo	MX	1178	16.3506	-92.6285
3824555	Manlio Fabio Altamirano	Manlio Fabio Altamirano	MX	1178	20.7479	-97.3214
4026801	San Ildefonso	San Ildefonso	MX	1178	19.3492	-100.1379
8859523	La Independencia (Las Pilas)	La Independencia (Las Pilas)	MX	1178	16.6775	-93.2494
8859524	Colonia Guadalupe	Colonia Guadalupe	MX	1178	19.7131	-99.2497
3527048	Hornitos	Hornitos	MX	1177	19.4608	-96.4211
3527946	El Vergel	El Vergel	MX	1177	16.5795	-92.0815
3762729	San Juan del Río	San Juan del Rio	MX	1177	17.4928	-95.7603
3816616	Dieciséis de Septiembre	Dieciseis de Septiembre	MX	1177	16.2971	-93.1749
3988464	Romero de Guzmán	Romero de Guzman	MX	1177	20.0302	-102.2580
4024991	El Cuenqueño	El Cuenqueno	MX	1177	20.3275	-102.4575
8859525	Lázaro Cárdenas (Chilil)	Lazaro Cardenas (Chilil)	MX	1177	16.6761	-92.4892
11423176	Monclova Segundo Sector	Monclova Segundo Sector	MX	1177	25.8153	-100.3972
4738825	Valley Mills	Valley Mills	US	1177	31.6593	-97.4722
3813438	Tepetitla	Tepetitla	MX	1176	20.9614	-98.3841
3826978	Barrio de San Isidro	Barrio de San Isidro	MX	1176	19.5214	-99.9586
8859526	Cuesta Amarilla	Cuesta Amarilla	MX	1176	18.3467	-95.2339
3711009	El Copé	El Cope	PA	1176	8.6204	-80.5843
3522255	Oxcum	Oxcum	MX	1175	20.9454	-89.7620
3800293	Santa María Velato	Santa Maria Velato	MX	1175	16.5042	-96.6451
3987580	San Benito	San Benito	MX	1175	19.7070	-102.3213
8859527	Ignacio Allende (Concepción)	Ignacio Allende (Concepcion)	MX	1175	20.0105	-97.6345
4739414	Von Ormy	Von Ormy	US	1175	29.2891	-98.6445
3601672	Santa Cruz	Santa Cruz	HN	1174	13.2581	-87.3483
3530880	Chilcuautla	Chilcuautla	MX	1174	20.3305	-99.2308
3984257	Santa Isabel	Santa Isabel	MX	1174	21.1625	-104.6240
3998075	Los Barriles	Los Barriles	MX	1174	23.6827	-109.6995
4000706	La Presa	La Presa	MX	1174	21.7759	-101.8151
4003147	La Cantera	La Cantera	MX	1174	21.5016	-104.8209
4023263	Los Arcos	Los Arcos	MX	1174	21.0492	-101.6873
8859528	Ejido General Leandro Valle	Ejido General Leandro Valle	MX	1174	30.6217	-115.9658
8859529	El Llano del Compromiso	El Llano del Compromiso	MX	1174	19.2547	-99.4792
8859530	Arroyo Zapotillo	Arroyo Zapotillo	MX	1174	18.0764	-96.5442
8859531	Tenexio	Tenexio	MX	1174	21.3767	-98.8794
3517810	San Sebastián de las Barrancas Sur	San Sebastian de las Barrancas Sur	MX	1173	20.2661	-99.9363
3762754	Santiago Malacatepec	Santiago Malacatepec	MX	1173	17.0164	-95.6075
3816535	Ochusjob	Ochusjob	MX	1173	16.2248	-92.2520
3985768	San Lorenzo	San Lorenzo	MX	1173	20.4674	-100.7202
4023814	San Juan Jaripeo	San Juan Jaripeo	MX	1173	20.0053	-100.7611
4024013	Providencia	Providencia	MX	1173	20.3548	-101.0192
8859532	La Esperanza [Granjas Familiares]	La Esperanza [Granjas Familiares]	MX	1173	32.4628	-117.1050
8859533	Bautista Chico	Bautista Chico	MX	1173	16.7997	-92.7119
8859534	Profesor Roberto Barrios	Profesor Roberto Barrios	MX	1173	17.3258	-91.9264
3611133	El Obraje	El Obraje	HN	1172	13.1542	-87.1308
3815771	Arroyo Grande	Arroyo Grande	MX	1172	17.1912	-92.8721
3816735	Lázaro Cárdenas	Lazaro Cardenas	MX	1172	16.2882	-93.9775
4007287	Tequesquite	Tequesquite	MX	1172	20.0658	-105.3004
4017760	Bacubirito	Bacubirito	MX	1172	25.8094	-107.9150
4023058	Palo Colorado	Palo Colorado	MX	1172	21.0081	-100.7297
4024215	Delgado de Abajo	Delgado de Abajo	MX	1172	20.7176	-100.8932
8859535	San José de Rancho Nuevo (Los Arrieros)	San Jose de Rancho Nuevo (Los Arrieros)	MX	1172	21.5964	-101.0039
8859536	El Pedregal	El Pedregal	MX	1172	19.5108	-101.4492
8859537	Buenavista Tetela	Buenavista Tetela	MX	1172	18.9197	-98.1763
3707752	La Espigadilla	La Espigadilla	PA	1172	7.8878	-80.3889
3814422	San Isidro	San Isidro	MX	1171	19.7885	-98.5909
4017496	Bariometo	Bariometo	MX	1171	24.7667	-107.6627
8859538	Barrio Nuevo de los Muertos	Barrio Nuevo de los Muertos	MX	1171	16.8928	-99.5439
9624895	Santa María Acatepec	Santa Maria Acatepec	MX	1171	16.1484	-97.5126
3701784	Valle de Riscó	Valle de Risco	PA	1171	9.2312	-82.4297
4670666	Ames	Ames	US	1171	31.5210	-97.7795
4700718	Jarrell	Jarrell	US	1171	30.8249	-97.6044
3590213	San Francisco la Unión	San Francisco la Union	GT	1170	14.9235	-91.5416
3515855	Tepetzintla	Tepetzintla	MX	1170	19.9672	-97.8414
3821859	El Durazno	El Durazno	MX	1170	17.5283	-99.2906
8859539	Progreso (Campo 47)	Progreso (Campo 47)	MX	1170	27.3403	-110.0936
3613847	Cerro Blanco	Cerro Blanco	HN	1169	14.6632	-87.7853
3518252	San Miguel Peras	San Miguel Peras	MX	1169	16.9392	-97.0112
3523914	Los Ramones	Los Ramones	MX	1169	25.6972	-99.6248
3821836	Yetlancingo	Yetlancingo	MX	1169	17.7213	-99.1154
3827199	Tlaltenanguito	Tlaltenanguito	MX	1168	19.4982	-99.5831
8859540	Colonia el Mirador	Colonia el Mirador	MX	1168	19.6717	-99.3572
8859541	Soyata	Soyata	MX	1168	18.3689	-95.2822
3530155	Cotaxtla	Cotaxtla	MX	1167	18.8356	-96.3964
3530506	Coba	Coba	MX	1167	20.4830	-87.7389
3532523	Ayahualulco	Ayahualulco	MX	1167	19.1032	-97.1348
4024340	Laguna Larga	Laguna Larga	MX	1167	20.5411	-101.4836
8726733	Las Sabinas	Las Sabinas	MX	1167	21.3181	-97.8808
8859542	La Palmita (La Palmita de San Gabriel)	La Palmita (La Palmita de San Gabriel)	MX	1167	20.4981	-100.8781
8859543	Colonia Francisco Javier Mina	Colonia Francisco Javier Mina	MX	1167	20.9794	-101.4164
8859544	Cupuán del Río	Cupuan del Rio	MX	1167	18.7781	-102.1878
3522068	Nicolás Bravo	Nicolas Bravo	MX	1166	24.0023	-98.2609
3827495	El Ocotal	El Ocotal	MX	1166	19.6798	-99.4701
3983239	Sauz de Calera	Sauz de Calera	MX	1166	22.8673	-102.1876
3986185	San José de las Flores	San Jose de las Flores	MX	1166	20.6483	-102.9665
3999210	Trincheras	Trincheras	MX	1166	30.3978	-111.5308
3532246	Bienvenido	Bienvenido	MX	1165	20.1224	-97.7443
3816136	Las Ollas	Las Ollas	MX	1165	16.7815	-92.5528
3993395	Paredón	Paredon	MX	1165	25.9459	-100.9346
4000795	La Pinta	La Pinta	MX	1165	25.9026	-103.2645
8859545	Tierra Blanca	Tierra Blanca	MX	1165	20.8750	-97.4600
3802541	Huapacal 1ra. Sección	Huapacal 1ra. Seccion	MX	1164	17.9267	-93.7664
3970484	El Saneal	El Saneal	MX	1164	26.9113	-109.3883
4004453	San Pedro de Ibarra	San Pedro de Ibarra	MX	1164	21.4836	-101.5418
8723687	Rancho Nuevo	Rancho Nuevo	MX	1164	20.6725	-97.2061
8859546	Colonia Miguel Hidalgo	Colonia Miguel Hidalgo	MX	1164	19.7858	-101.1014
8859547	Ignacio Bastida (Santa Catarina Tlayca)	Ignacio Bastida (Santa Catarina Tlayca)	MX	1164	18.9403	-99.0144
8859548	Santiago Ixtaltepec	Santiago Ixtaltepec	MX	1164	16.6883	-94.9058
3519053	San Jerónimo Xayacatlán	San Jeronimo Xayacatlan	MX	1163	18.2203	-97.9129
3815629	Zaragoza	Zaragoza	MX	1163	17.0091	-91.6403
3817437	San José Chalmita	San Jose Chalmita	MX	1163	18.8586	-99.5483
3823995	Guillermo Prieto	Guillermo Prieto	MX	1163	18.1603	-94.2775
3582137	Esperanza	Esperanza	BZ	1162	17.1745	-89.0442
3613145	Correderos	Correderos	HN	1162	15.4178	-88.4552
3515724	San Juan Texcalpan	San Juan Texcalpan	MX	1162	18.9358	-98.9289
3516171	Barra de Tecoanapa	Barra de Tecoanapa	MX	1162	16.5088	-98.7315
3524449	La Victoria	La Victoria	MX	1162	18.5908	-92.6324
3813977	Teofani	Teofani	MX	1162	20.3206	-99.0426
3815476	Nuevo Volcán Chichonal	Nuevo Volcan Chichonal	MX	1162	17.7726	-93.1095
3824499	Tincontlán	Tincontlan	MX	1162	20.8217	-97.6908
4006387	Etchoropo	Etchoropo	MX	1162	26.7705	-109.6833
8859549	San Francisco Javier	San Francisco Javier	MX	1162	17.0286	-96.7775
8859550	Rincón del Porvenir	Rincon del Porvenir	MX	1162	22.3231	-101.1764
8859551	El Escribano	El Escribano	MX	1162	18.4103	-93.2217
8859552	Matacapan	Matacapan	MX	1162	18.4347	-95.1658
3821948	Colombia de Guadalupe	Colombia de Guadalupe	MX	1161	17.0884	-98.7590
3972203	Ignacio Zaragoza	Ignacio Zaragoza	MX	1161	22.3385	-101.8246
3982911	Soledad Nueva	Soledad Nueva	MX	1161	21.2796	-100.9223
4007286	El Tequesquite	El Tequesquite	MX	1161	20.3013	-102.2881
8859554	Los Achotes	Los Achotes	MX	1161	17.6006	-101.4175
3615108	Araulí	Arauli	HN	1160	13.9730	-86.5450
4003937	Jiménez	Jimenez	MX	1160	29.0697	-100.6790
4018454	Ansihuacuaro	Ansihuacuaro	MX	1160	20.2008	-101.8063
4020433	General Juan José Ríos	General Juan Jose Rios	MX	1160	24.3264	-103.4057
8755659	La Palma	La Palma	MX	1160	28.0503	-110.7011
8859555	Pochálcatl	Pochalcatl	MX	1160	20.0029	-97.8541
3515628	Tierra Nueva	Tierra Nueva	MX	1159	18.2101	-95.0211
4001298	La Monja	La Monja	MX	1159	20.8410	-100.4976
8859556	Zolonquiapa	Zolonquiapa	MX	1159	18.5761	-98.5272
3522216	Pachiquitla	Pachiquitla	MX	1158	20.8464	-98.3340
3816873	Hermenegildo Galeana	Hermenegildo Galeana	MX	1158	15.5524	-93.0081
3977500	San Esteban de Abajo	San Esteban de Abajo	MX	1158	25.7080	-103.0003
4029472	El Carmen	El Carmen	MX	1158	20.5747	-100.2884
8859558	Octeyuco Dos Mil	Octeyuco Dos Mil	MX	1158	19.9633	-99.5881
8859559	Santa Ana de Guerrero (El Cascabel)	Santa Ana de Guerrero (El Cascabel)	MX	1158	19.2764	-100.4414
8859560	Arena 6ta. Sección (La Bolsa)	Arena 6ta. Seccion (La Bolsa)	MX	1158	18.1622	-93.3954
8859561	Nuevo Cereso Regional de Altamira	Nuevo Cereso Regional de Altamira	MX	1158	22.4606	-98.0083
4683689	Cottonwood Shores	Cottonwood Shores	US	1158	30.5557	-98.3239
3529442	El Arenal	El Arenal	MX	1157	15.1727	-92.6992
3813343	Tepexititla	Tepexititla	MX	1157	21.1326	-98.4484
3987002	San Francisco de Borja	San Francisco de Borja	MX	1157	27.9011	-106.6835
3987090	San Francisco de Arriba	San Francisco de Arriba	MX	1157	25.7503	-103.1574
8859562	El Ámbar	El Ambar	MX	1157	17.0250	-92.8342
8859563	Fraccionamiento Paraíso Real	Fraccionamiento Paraiso Real	MX	1157	21.1125	-101.5808
8859564	El Canario	El Canario	MX	1157	20.1569	-101.3356
8859565	San Miguel Amazcala	San Miguel Amazcala	MX	1157	20.7506	-100.2356
3710978	El Cortezo	El Cortezo	PA	1157	8.3462	-80.5871
3514566	Xayacatlán de Bravo	Xayacatlan de Bravo	MX	1156	18.2371	-97.9752
3824907	San Agustín del Palmar	San Agustin del Palmar	MX	1156	18.5164	-96.7209
3998908	Unión de Corrientes	Union de Corrientes	MX	1156	21.9763	-105.4306
8859566	Morelia (Victórico Rodolfo Grajales)	Morelia (Victorico Rodolfo Grajales)	MX	1156	16.7231	-91.9678
8859567	Reforma y Planada	Reforma y Planada	MX	1156	17.3869	-92.8658
8859568	El Carmen	El Carmen	MX	1156	19.2417	-97.2011
8859569	Boquiapa	Boquiapa	MX	1156	18.1611	-93.1375
8859570	Santa Isabel	Santa Isabel	MX	1156	20.1922	-97.5292
3801323	Paso Canoa	Paso Canoa	MX	1155	18.0127	-96.2379
3824525	El Águila	El Aguila	MX	1155	20.6303	-97.4563
3525349	Landero y Coss	Landero y Coss	MX	1154	19.7350	-96.8523
4006336	Felipe Carrillo Puerto	Felipe Carrillo Puerto	MX	1154	21.1322	-104.8608
3608522	Jutiapa	Jutiapa	HN	1153	13.9833	-86.4000
3529920	Cuexpala	Cuexpala	MX	1153	18.6272	-98.5584
3815797	Benito Juárez	Benito Juarez	MX	1153	17.1408	-93.2498
3816527	Efraín A. Gutiérrez	Efrain A. Gutierrez	MX	1153	16.3444	-92.1993
3817930	Boshindó	Boshindo	MX	1153	19.9192	-99.8407
4022149	Villa Morelos	Villa Morelos	MX	1153	24.9300	-111.6281
8859571	Colonia de Guadalupe	Colonia de Guadalupe	MX	1153	19.8008	-100.9156
8859572	Guadalupe Victoria	Guadalupe Victoria	MX	1153	22.1633	-101.0700
5489804	San Miguel	San Miguel	US	1153	32.1554	-106.7350
3824571	Polutla	Polutla	MX	1152	20.5278	-97.2592
3977509	Jaboncillo	Jaboncillo	MX	1152	25.7468	-103.2667
3985151	San Pedro	San Pedro	MX	1152	20.3207	-100.2849
3986749	San Isidro	San Isidro	MX	1152	23.8660	-100.7751
3998322	Loma Tendida	Loma Tendida	MX	1152	20.3757	-101.3115
4027682	Pueblo Viejo	Pueblo Viejo	MX	1152	17.5386	-100.1178
8859573	Jagüey Blanco	Jagueey Blanco	MX	1152	20.2764	-99.1522
8859574	Fraccionamiento Colinas Universidad	Fraccionamiento Colinas Universidad	MX	1152	20.0183	-102.7369
3701578	San Andrés	San Andres	PA	1152	8.6022	-82.7245
3602473	San Antonio	San Antonio	HN	1151	15.6000	-87.1500
3604949	Mata de Plátano	Mata de Platano	HN	1151	14.6000	-87.2833
3529451	El Anono	El Anono	MX	1151	21.2547	-97.6557
3761663	Jicarero	Jicarero	MX	1151	18.6144	-99.2234
3817707	San Andrés de las Peras	San Andres de las Peras	MX	1151	19.5565	-98.7920
3822212	Las Coloradas	Las Coloradas	MX	1151	21.6073	-87.9905
3985564	San Marcos	San Marcos	MX	1151	25.6674	-103.0090
4011599	Gambino	Gambino	MX	1151	25.6506	-108.3870
8859575	Estrella de Belén	Estrella de Belen	MX	1151	17.3872	-91.9586
8859576	Jerusalén	Jerusalen	MX	1151	17.3681	-92.0608
8859577	Lázaro Cárdenas	Lazaro Cardenas	MX	1151	17.1979	-92.3811
4678322	Calvert	Calvert	US	1151	30.9780	-96.6739
3525523	La Laja	La Laja	MX	1150	20.5740	-99.9792
3824195	El Pueblito	El Pueblito	MX	1150	21.8004	-98.4575
8859579	Los Caños	Los Canos	MX	1150	21.7817	-102.4675
8859580	Ventoquipa	Ventoquipa	MX	1150	20.0336	-98.3378
8859581	Colonia Independencia	Colonia Independencia	MX	1150	19.6156	-100.3239
8859582	Fraccionamiento los Álamos	Fraccionamiento los Alamos	MX	1150	18.9239	-96.9753
3706091	La Tiza	La Tiza	PA	1150	7.7528	-80.2884
3514294	Yaxcopoil	Yaxcopoil	MX	1149	20.7455	-89.7223
3533102	Alaquines	Alaquines	MX	1149	22.1297	-99.6009
3533148	Ahuehuepan	Ahuehuepan	MX	1149	18.0064	-99.5005
3818836	San Martín Esperilla	San Martin Esperilla	MX	1149	18.7322	-97.5474
3822193	Agua Zarca	Agua Zarca	MX	1149	16.6237	-98.7024
3824963	La Guadalupe	La Guadalupe	MX	1149	18.2310	-96.1585
3996138	Mesa Grande	Mesa Grande	MX	1149	21.8030	-102.7207
4023208	San Agustín de las Flores	San Agustin de las Flores	MX	1149	21.0073	-101.4371
4023291	San José del Torreón	San Jose del Torreon	MX	1149	21.4744	-101.4706
8859583	La Isla (Kilómetro 10)	La Isla (Kilometro 10)	MX	1149	20.6081	-97.5014
3514192	Yutanduchi de Guerrero	Yutanduchi de Guerrero	MX	1148	17.0402	-97.2980
3525076	Reforma	Reforma	MX	1148	15.9190	-92.6650
3533487	Acahuizotla	Acahuizotla	MX	1148	17.3607	-99.4675
3816068	Aztlán	Aztlan	MX	1148	16.7692	-92.9232
4011366	El Ahuacate	El Ahuacate	MX	1148	21.5144	-104.9441
8859584	Chipahuatlán	Chipahuatlan	MX	1148	20.0611	-97.6886
8859585	Río Seco 2da. Sección (Santiaguito)	Rio Seco 2da. Seccion (Santiaguito)	MX	1148	18.1375	-93.2758
3700620	Tijeras	Tijeras	PA	1148	8.4693	-82.5484
3517740	Santa Ana Coatepec	Santa Ana Coatepec	MX	1147	18.8367	-98.4347
3522584	Pueblo Nuevo	Pueblo Nuevo	MX	1147	18.7008	-99.1527
3525702	La Guadalupe	La Guadalupe	MX	1147	16.6884	-98.2620
3801666	Guadalupe Victoria	Guadalupe Victoria	MX	1147	16.8963	-95.8498
3815773	La Competencia	La Competencia	MX	1147	17.2359	-92.7572
3826963	El Rincón de los Perales	El Rincon de los Perales	MX	1147	19.5422	-99.8281
3976306	El Huajote	El Huajote	MX	1147	23.1289	-106.0589
3976782	La Presita	La Presita	MX	1147	25.7076	-108.5849
3986873	San Gabriel y San Ignacio	San Gabriel y San Ignacio	MX	1147	20.4401	-101.6084
3996008	Mezquital del Oro	Mezquital del Oro	MX	1147	21.2167	-103.3628
8859586	San Cristóbal Chacón	San Cristobal Chacon	MX	1147	20.0803	-98.7328
8859587	El Ojuelo	El Ojuelo	MX	1147	21.4017	-101.8375
8859588	Las Mercedes [Agropecuaria]	Las Mercedes [Agropecuaria]	MX	1147	29.3639	-110.9517
3604265	Ojos de Agua	Ojos de Agua	HN	1146	14.6000	-87.9333
3605729	Los Caminos	Los Caminos	HN	1146	14.9505	-87.9753
3519225	San Germán	San German	MX	1146	25.2164	-97.9218
3822099	Paraje Montero (Paraje Montero de Zaragoza)	Paraje Montero (Paraje Montero de Zaragoza)	MX	1146	17.1635	-98.7039
3823931	Saltillo	Saltillo	MX	1146	18.1589	-94.8533
4006382	Etúcuaro	Etucuaro	MX	1146	19.4193	-101.2147
8859589	Loma Bonita	Loma Bonita	MX	1146	19.2633	-99.4472
8859590	Ex-Hacienda de Guadalupe	Ex-Hacienda de Guadalupe	MX	1146	19.7842	-101.2147
3704547	María Chiquita	Maria Chiquita	PA	1146	9.4429	-79.7530
5519108	Clint	Clint	US	1146	31.5923	-106.2241
3612138	El Chimbo	El Chimbo	HN	1145	14.1357	-87.1188
3518267	San Miguel el Grande	San Miguel el Grande	MX	1145	17.2453	-98.2355
3520081	Saladero	Saladero	MX	1145	21.4244	-97.5453
3814141	Ocampo	Ocampo	MX	1145	20.0088	-99.2387
3972657	Casa de Cerros	Casa de Cerros	MX	1145	22.8849	-102.5203
8859591	Colinas del Sol	Colinas del Sol	MX	1145	32.4658	-117.0369
8859592	El Barrido	El Barrido	MX	1145	20.4503	-99.1908
8859593	Barrio de San Miguel	Barrio de San Miguel	MX	1145	18.9314	-97.1250
3613105	Coyoles Central	Coyoles Central	HN	1144	15.4000	-86.6667
3801497	Los Ángeles	Los Angeles	MX	1144	17.3949	-95.1654
3822033	Zumpango	Zumpango	MX	1144	17.9352	-98.6830
3984651	Santa Bárbara	Santa Barbara	MX	1144	18.3309	-100.6399
3997658	Los Hucuares	Los Hucuares	MX	1144	19.8975	-102.4958
4005715	Granados	Granados	MX	1144	29.8618	-109.3111
4009646	El Habal	El Habal	MX	1144	23.3501	-106.4183
4024325	Colonia Morelos de Guadalupe de Rivera	Colonia Morelos de Guadalupe de Rivera	MX	1144	20.5956	-101.4483
4025032	Los Dolores	Los Dolores	MX	1144	20.0583	-100.3211
8859594	Nigromante	Nigromante	MX	1144	20.9619	-100.7803
8859595	Colonia el Pirame	Colonia el Pirame	MX	1144	19.2408	-99.4719
8859596	La Soledad	La Soledad	MX	1144	19.5211	-100.4833
8859597	San Juan Tezongo	San Juan Tezongo	MX	1144	19.8447	-97.3639
3703505	Palmira	Palmira	PA	1144	8.7340	-82.4589
3707064	La Palma	La Palma	PA	1144	7.6918	-80.1920
3815755	José María Morelos y Pavón	Jose Maria Morelos y Pavon	MX	1143	17.2411	-92.7023
4012112	Curimeo	Curimeo	MX	1143	20.0206	-101.6954
4024997	Guándaro	Guandaro	MX	1143	20.1928	-101.8742
4025186	Jamaica	Jamaica	MX	1143	19.8553	-101.1349
8859598	Chimhucum	Chimhucum	MX	1143	16.8900	-92.5314
8859599	Sierra de Agua	Sierra de Agua	MX	1143	18.7503	-97.2417
11531875	San Lorenzo Itzícuaro	San Lorenzo Itzicuaro	MX	1143	19.6767	-101.2810
3518013	San Pedro Cajonos	San Pedro Cajonos	MX	1142	17.1688	-96.2624
3791868	Congregación Calles	Congregacion Calles	MX	1142	25.2253	-99.9347
3820990	Constitución	Constitucion	MX	1142	18.6258	-90.1364
3825058	Santa Rosa Abata	Santa Rosa Abata	MX	1142	18.4615	-95.1677
4010198	El Consuelo	El Consuelo	MX	1142	25.5710	-103.2764
9628050	Macvilhó	Macvilho	MX	1142	16.8576	-92.6942
3712281	Churuquita Chiquita	Churuquita Chiquita	PA	1142	8.5735	-80.2765
3610866	El Perico	El Perico	HN	1141	15.0833	-88.1000
3516749	Los Sauces	Los Sauces	MX	1141	18.2661	-99.8354
3522215	San Martín Pachivia (Pachivia)	San Martin Pachivia (Pachivia)	MX	1141	18.4086	-99.7876
3801660	Zacatal	Zacatal	MX	1141	16.9398	-95.2031
3815664	El Mango	El Mango	MX	1141	17.1624	-92.0598
3993884	Palizada	Palizada	MX	1141	19.5061	-100.1003
8859600	El Triunfo 1ra. Sección (Cardona)	El Triunfo 1ra. Seccion (Cardona)	MX	1141	17.6078	-93.2331
3606319	Las Tejeras	Las Tejeras	HN	1140	14.8044	-88.5951
3531246	Chachahuantla	Chachahuantla	MX	1140	20.2018	-98.1326
3986826	San Ignacio	San Ignacio	MX	1140	30.6965	-110.9218
3987347	San Diego de Alcalá	San Diego de Alcala	MX	1140	20.0304	-100.8639
3993245	Pastelera	Pastelera	MX	1140	23.7451	-103.0981
4005399	Guadalupe de Lerma	Guadalupe de Lerma	MX	1140	20.3408	-102.3609
8859601	Estación de San Francisco	Estacion de San Francisco	MX	1140	21.0372	-101.8247
8859602	Chimalpa Viejo	Chimalpa Viejo	MX	1140	19.4496	-99.3444
3607731	La Bueso	La Bueso	HN	1139	15.6169	-87.8569
3533168	Ahuacatlán	Ahuacatlan	MX	1139	20.0062	-97.8592
3825099	Laguneta	Laguneta	MX	1139	18.3415	-95.1529
4026671	Dotegiare	Dotegiare	MX	1139	19.7070	-100.0435
8859603	Pechucalco	Pechucalco	MX	1139	18.0936	-93.1661
3980308	Viborillas	Viborillas	MX	1138	20.6078	-100.1860
8859604	San José del Caliche (El Caliche)	San Jose del Caliche (El Caliche)	MX	1138	21.1253	-101.9300
8859605	Colonia Rincón Villa del Valle	Colonia Rincon Villa del Valle	MX	1138	19.2097	-100.1192
3800640	San Miguel Figueroa	San Miguel Figueroa	MX	1137	15.7864	-96.4042
3823525	Ixcatla	Ixcatla	MX	1137	19.0753	-96.9189
3976761	El Progreso	El Progreso	MX	1137	25.4318	-108.5915
4013733	Citala	Citala	MX	1137	20.1047	-103.2618
8859606	Arroyo Palenque	Arroyo Palenque	MX	1137	17.3917	-92.1044
3516831	Santos Reyes Tepejillo	Santos Reyes Tepejillo	MX	1136	17.4379	-97.9383
3522282	Otates	Otates	MX	1136	19.5210	-96.7158
4024009	Puerta del Monte	Puerta del Monte	MX	1136	20.2588	-101.0254
8859607	Aurora Ermita	Aurora Ermita	MX	1136	17.2358	-92.8739
8859608	Coyahualco	Coyahualco	MX	1136	17.7414	-98.5667
8859609	Cantinela	Cantinela	MX	1136	20.4578	-99.2103
8859610	Los Naranjos Esquipulas	Los Naranjos Esquipulas	MX	1136	15.9817	-96.4589
3800625	San José Piedras Negras	San Jose Piedras Negras	MX	1135	15.8364	-96.5909
3816859	El Palmarcito	El Palmarcito	MX	1135	15.4973	-93.2139
3816951	Aquiles Serdán	Aquiles Serdan	MX	1135	14.9398	-92.5144
3818949	Xochitepec	Xochitepec	MX	1135	18.2283	-98.8761
3998356	Loma de Guamúchil	Loma de Guamuchil	MX	1135	27.6106	-109.9876
8859611	Las Golondrinas [Fraccionamiento]	Las Golondrinas [Fraccionamiento]	MX	1135	22.1053	-103.2542
3824492	La Concepción	La Concepcion	MX	1134	20.8634	-97.6793
4023212	El Salitrillo	El Salitrillo	MX	1134	21.0363	-101.4566
4024915	Peralta	Peralta	MX	1134	20.4739	-101.4085
3815463	Rafael Pascacio Gamboa	Rafael Pascacio Gamboa	MX	1133	17.9182	-93.2683
3816075	Concepción	Concepcion	MX	1133	16.8091	-92.9653
3816084	El Copal	El Copal	MX	1133	16.9673	-92.9262
3998238	Los Álamos	Los Alamos	MX	1133	28.3561	-100.9464
8859612	Colonia la Central	Colonia la Central	MX	1133	18.0867	-96.5162
4708936	Manchaca	Manchaca	US	1133	30.1408	-97.8331
3519949	San Andrés	San Andres	MX	1132	20.5026	-98.0961
3525079	Congregación Reforma	Congregacion Reforma	MX	1132	14.7821	-92.3142
3819016	Francisco Ibarra Ramos	Francisco Ibarra Ramos	MX	1132	17.9778	-97.9175
8859614	Los Naranjos	Los Naranjos	MX	1132	18.3311	-95.2417
9513899	La Unidad Huitzizilapan	La Unidad Huitzizilapan	MX	1132	19.4222	-99.3977
3607802	Laguna Seca	Laguna Seca	HN	1131	14.7000	-86.1000
3614583	Buenos Aires	Buenos Aires	HN	1131	15.0333	-88.9667
3517791	San Simón	San Simon	MX	1131	18.2370	-93.0340
3522334	Omoa	Omoa	MX	1131	14.8329	-92.2328
3826974	La Guadalupana	La Guadalupana	MX	1131	19.5541	-99.9092
3827130	Tenjay	Tenjay	MX	1131	19.8077	-99.5522
4013785	Cinco de Febrero	Cinco de Febrero	MX	1131	24.0765	-104.5037
4024119	San Isidro de Gamboa	San Isidro de Gamboa	MX	1131	20.3946	-100.5265
8859616	Paseos de la Pradera	Paseos de la Pradera	MX	1131	19.8911	-99.2381
8859617	Xiloxochico de Rafael Ávila Camacho	Xiloxochico de Rafael Avila Camacho	MX	1131	20.0458	-97.4908
8859618	Cerrito de Jaral	Cerrito de Jaral	MX	1131	22.2236	-101.0625
9092176	Honey	Honey	MX	1131	20.2388	-98.2120
5528928	Ransom Canyon	Ransom Canyon	US	1131	33.5334	-101.6796
3602169	San Joaquín	San Joaquin	HN	1130	15.0605	-88.9119
3522169	San Vicente Palapa	San Vicente Palapa	MX	1130	18.3244	-99.4098
3530528	Coatepec Costales	Coatepec Costales	MX	1130	18.3398	-99.7218
3820944	Abelardo L. Rodríguez	Abelardo L. Rodriguez	MX	1130	18.7274	-90.9046
3827155	Barrio de Boyecha	Barrio de Boyecha	MX	1130	19.7078	-99.6844
8711778	Estación Tamuín	Estacion Tamuin	MX	1130	22.0775	-98.8111
8859620	El Cuitzillo Grande	El Cuitzillo Grande	MX	1130	19.7797	-101.1169
8859621	Nuevo Xcán	Nuevo Xcan	MX	1130	20.8692	-87.6031
3813313	Cuapaxtitla	Cuapaxtitla	MX	1129	21.1327	-98.5521
3818813	San José Cuyachapa	San Jose Cuyachapa	MX	1129	18.8547	-97.3140
3982374	San Antonio Tariácuri	San Antonio Tariacuri	MX	1129	19.8800	-101.7486
4004624	Huejotitán	Huejotitan	MX	1129	20.3536	-103.4886
8859622	La Albarrada (San Francisco la Albarrada)	La Albarrada (San Francisco la Albarrada)	MX	1129	19.0675	-100.0753
8859623	Los Garcías	Los Garcias	MX	1129	18.8033	-97.3942
8859624	Las Pilas	Las Pilas	MX	1129	22.8400	-102.6128
3711240	El Caño	El Cano	PA	1129	8.4078	-80.5172
4698254	Holland	Holland	US	1129	30.8782	-97.4017
3987636	San Antonio la Labor	San Antonio la Labor	MX	1128	19.0286	-102.3020
8859625	Montaña Monarca (Punta Altozano)	Montana Monarca (Punta Altozano)	MX	1128	19.6606	-101.1656
5322636	Aguanga	Aguanga	US	1128	33.4428	-116.8650
3522121	El Palmar Grande	El Palmar Grande	MX	1127	15.4986	-92.2552
3526802	Ignacio Zaragoza	Ignacio Zaragoza	MX	1127	16.0277	-92.5876
3801185	Santa Cruz Acatepec	Santa Cruz Acatepec	MX	1127	18.1637	-96.8748
3822580	Kinil	Kinil	MX	1127	20.3239	-89.1332
3824827	Zamora	Zamora	MX	1127	18.5810	-95.4836
8859626	La Concepción (La Concha)	La Concepcion (La Concha)	MX	1127	18.7678	-99.6925
8859627	General Juan José Baz (San José del Corral)	General Juan Jose Baz (San Jose del Corral)	MX	1127	18.8217	-96.8181
3517660	Santa Catarina Otzolotepec	Santa Catarina Otzolotepec	MX	1126	18.5770	-97.2660
3518180	San Nicolás el Chico	San Nicolas el Chico	MX	1126	20.0962	-98.3904
3532897	Ameluca	Ameluca	MX	1126	20.5634	-97.8257
3824774	Melchor Ocampo	Melchor Ocampo	MX	1126	20.3435	-97.5347
8722345	San José	San Jose	MX	1126	21.0692	-98.5944
8859628	Álvaro Obregón	Alvaro Obregon	MX	1126	16.8436	-93.1928
8859629	Chulum Cárdenas	Chulum Cardenas	MX	1126	17.3842	-92.5739
8859630	Santa Ana	Santa Ana	MX	1126	20.3731	-101.1125
8859631	San Isidro	San Isidro	MX	1126	19.7681	-100.2036
3516054	Temango	Temango	MX	1125	21.1318	-98.6909
3524045	Valle de Vázquez	Valle de Vazquez	MX	1125	18.5298	-99.0691
3525358	Río Verde	Rio Verde	MX	1125	24.9010	-99.5440
3976513	San Francisco de Tacuichamona	San Francisco de Tacuichamona	MX	1125	24.3612	-107.0770
3979763	Zapotán	Zapotan	MX	1125	21.0879	-104.8627
4000001	Las Cuevas	Las Cuevas	MX	1125	25.4975	-103.5489
4023948	Zapote de Cestau	Zapote de Cestau	MX	1125	20.4837	-101.6754
8650498	Sinapan	Sinapan	MX	1125	18.5348	-95.2929
8859632	Caxitepec	Caxitepec	MX	1125	17.2945	-98.9674
8859633	Betania	Betania	MX	1125	18.2800	-93.3208
3514033	Zihuateutla	Zihuateutla	MX	1124	20.2507	-97.8877
3516927	Santiago Oxthoc	Santiago Oxthoc	MX	1124	20.1160	-99.5442
3816206	Carmen Yalchuch	Carmen Yalchuch	MX	1124	16.6448	-92.3624
3827302	Maxtleca de Galeana	Maxtleca de Galeana	MX	1124	19.0289	-99.5572
8859634	Octavio Paz	Octavio Paz	MX	1124	14.8578	-92.2639
3520589	Cantón Rancho Nuevo	Canton Rancho Nuevo	MX	1123	15.0674	-92.5256
3523385	Medias Aguas	Medias Aguas	MX	1123	17.6677	-95.0284
3527160	Hampolol	Hampolol	MX	1123	19.9272	-90.3892
3532563	Atzala	Atzala	MX	1123	18.5464	-98.5531
3824295	San Pedro Coyutla	San Pedro Coyutla	MX	1123	21.2233	-98.4300
3993209	Patambo	Patambo	MX	1123	18.2237	-100.8742
4024564	Taretán	Taretan	MX	1123	20.7778	-101.3356
8729238	El Lindero	El Lindero	MX	1123	21.3128	-98.2200
8859635	Estación la Piedad	Estacion la Piedad	MX	1123	20.3675	-101.9981
8859636	Santa Cruz Otlatla	Santa Cruz Otlatla	MX	1123	19.3722	-98.6225
8859637	Agua Señora	Agua Senora	MX	1123	22.2375	-101.0422
8859638	Ejido la Piña (Maromilla)	Ejido la Pina (Maromilla)	MX	1123	19.0286	-96.7836
9091728	Teocalco	Teocalco	MX	1123	20.0894	-99.2851
9819935	Ejido Zaragoza	Ejido Zaragoza	MX	1123	23.9475	-103.6632
3514977	Tzicatlán	Tzicatlan	MX	1122	20.6750	-98.2353
8859639	Ahuexotitlán	Ahuexotitlan	MX	1122	17.5285	-99.2440
8859640	Cerro Quemado	Cerro Quemado	MX	1122	18.1542	-96.5750
8859641	El Bajío	El Bajio	MX	1122	17.9817	-92.7823
3610232	El Tablón	El Tablon	HN	1121	14.0333	-87.1667
3521112	Progreso	Progreso	MX	1121	18.0375	-98.3112
3827048	Doxtejé Centro	Doxteje Centro	MX	1121	19.9703	-99.9532
3827280	San Marcos de la Cruz	San Marcos de la Cruz	MX	1121	19.1868	-99.6543
3972185	La Pendencia	La Pendencia	MX	1121	22.4381	-101.5761
3975903	José Esteban Coronado	Jose Esteban Coronado	MX	1121	26.7372	-105.1583
4024062	Piedras de Lumbre	Piedras de Lumbre	MX	1121	20.2508	-100.5998
8859642	Tentic	Tentic	MX	1121	16.8633	-92.6822
8859643	Doxteje Centro	Doxteje Centro	MX	1121	19.9753	-99.9547
8859644	Sección del Cerrito	Seccion del Cerrito	MX	1121	19.5589	-99.6783
8859645	General Lauro G. Caloca (El Rascón)	General Lauro G. Caloca (El Rascon)	MX	1121	22.3781	-102.0575
9510347	Tulillo de Abajo	Tulillo de Abajo	MX	1121	21.0865	-100.4836
3529384	El Blanco	El Blanco	MX	1120	18.0741	-95.2807
3530998	San Andrés Chicahuaxtla	San Andres Chicahuaxtla	MX	1120	17.1570	-97.8370
3801584	Encinal Colorado	Encinal Colorado	MX	1120	17.0099	-95.1073
3818916	San Carlos	San Carlos	MX	1120	18.5135	-98.5180
3824917	Palmar Grande	Palmar Grande	MX	1120	18.5151	-96.7788
3998117	Los Arquitos	Los Arquitos	MX	1120	21.9219	-102.3861
4029692	Mesillas	Mesillas	MX	1120	20.1291	-100.0071
8859646	Tierras Coloradas (San Pedro)	Tierras Coloradas (San Pedro)	MX	1120	19.7189	-100.6464
8859647	Emiliano Zapata (Casahuates)	Emiliano Zapata (Casahuates)	MX	1120	18.9306	-98.9589
8859648	Lacapan Camallagne	Lacapan Camallagne	MX	1120	20.1286	-97.6534
3710923	El Ejido	El Ejido	PA	1120	7.9172	-80.3820
3816452	Ojo de Agua	Ojo de Agua	MX	1119	16.1577	-91.7579
3817834	Celayita	Celayita	MX	1119	20.2411	-99.8614
3822179	Zoyatlán	Zoyatlan	MX	1119	16.7092	-98.7335
8859649	Jiquilpan (Estación Bonanza)	Jiquilpan (Estacion Bonanza)	MX	1119	15.3419	-92.7475
8859650	Nuevo Naranjo	Nuevo Naranjo	MX	1119	17.1544	-93.4333
8859651	Rancho Viejo	Rancho Viejo	MX	1119	16.8650	-99.2894
8859652	San Pedro Denxhi Centro	San Pedro Denxhi Centro	MX	1119	20.2503	-99.9673
8859653	Valle de Juárez	Valle de Juarez	MX	1119	25.6378	-100.1583
8859654	Nexticapan	Nexticapan	MX	1119	19.8272	-97.5542
4703925	La Coste	La Coste	US	1119	29.3108	-98.8100
3516812	Santo Tomás Jalieza	Santo Tomas Jalieza	MX	1118	16.8440	-96.6709
3518647	San Juan Jaltepec	San Juan Jaltepec	MX	1118	17.3528	-95.6617
3762787	Santa Teresa	Santa Teresa	MX	1118	17.6941	-95.6734
3802117	El Recreo	El Recreo	MX	1118	18.2806	-93.0928
3820739	Santa Cruz	Santa Cruz	MX	1118	20.2036	-90.1174
3823087	Los Divorciados	Los Divorciados	MX	1118	19.0769	-88.4565
4014507	Charapendo	Charapendo	MX	1118	19.2646	-102.0660
8859655	Colonia Padre Hidalgo	Colonia Padre Hidalgo	MX	1118	21.1706	-100.9356
8859656	San Antonio de los Tepetates	San Antonio de los Tepetates	MX	1118	21.0447	-101.6761
8859657	San Felipe Tílpam	San Felipe Tilpam	MX	1118	18.1889	-96.5864
8859658	San Félix Rijo	San Felix Rijo	MX	1118	18.6203	-98.5503
3600951	Teguajinal	Teguajinal	HN	1117	15.3667	-86.6000
3607030	Las Ánimas	Las Animas	HN	1117	14.2500	-86.5667
3815427	San Miguel del Milagro	San Miguel del Milagro	MX	1117	19.2412	-98.3335
3994897	Nogales	Nogales	MX	1117	24.9785	-104.7212
8859659	Barranca de Otates (Barranca de Otatán)	Barranca de Otates (Barranca de Otatan)	MX	1117	20.2681	-103.6647
8859660	La Planada (El Arenal)	La Planada (El Arenal)	MX	1117	19.3333	-99.6769
8859661	San Felipe Sultepec	San Felipe Sultepec	MX	1117	19.5908	-98.6153
3519583	San Carlos	San Carlos	MX	1116	24.5828	-98.9434
3816687	Nueva Palestina	Nueva Palestina	MX	1116	16.4928	-93.6336
3979759	Zapotanito	Zapotanito	MX	1116	21.3051	-104.6093
3995950	Mieleras	Mieleras	MX	1116	25.3993	-103.2671
4024450	Calzada del Tepozán	Calzada del Tepozan	MX	1116	20.7384	-101.8825
8752934	Molino de Camou	Molino de Camou	MX	1116	29.2041	-110.7577
8859662	Los Benitos	Los Benitos	MX	1116	20.6850	-99.9561
8859663	Las Trancas	Las Trancas	MX	1116	19.5044	-96.8644
8859664	Ojite Rancho Nuevo	Ojite Rancho Nuevo	MX	1116	20.9694	-97.5281
5529514	Rocksprings	Rocksprings	US	1116	30.0158	-100.2054
3602984	Quezailica	Quezailica	HN	1115	14.8765	-88.7271
3521512	Piedra Labrada	Piedra Labrada	MX	1115	15.6823	-92.3054
8859665	Santa Fe y la Mar	Santa Fe y la Mar	MX	1115	17.7661	-96.3161
3515719	Texcatepec	Texcatepec	MX	1114	20.5850	-98.3654
3521763	Pathé	Pathe	MX	1114	19.9270	-99.8396
4021039	Jaltiche de Arriba	Jaltiche de Arriba	MX	1114	21.7753	-102.7879
4029614	Apapátaro	Apapataro	MX	1114	20.4681	-100.3686
8859666	De Parral	De Parral	MX	1114	20.4561	-101.0078
8859667	Fraccionamiento Villas de Guanajuato	Fraccionamiento Villas de Guanajuato	MX	1114	20.9603	-101.2981
8859668	Barrio el Boncho	Barrio el Boncho	MX	1114	19.4261	-100.1064
4707945	Los Indios	Los Indios	US	1114	26.0492	-97.7450
3528568	San Marcos Eloxochitlán	San Marcos Eloxochitlan	MX	1113	20.0253	-97.8719
3532726	San Antonio Arrazola	San Antonio Arrazola	MX	1113	17.0397	-96.7903
4001031	La Palma	La Palma	MX	1113	21.4912	-105.1767
4007715	El Salitre	El Salitre	MX	1113	20.5510	-103.0991
4023967	El Varal	El Varal	MX	1113	20.3493	-101.6030
4024610	San José del Rodeo	San Jose del Rodeo	MX	1113	20.9208	-101.2164
8859669	Miguel Utrilla (Los Chorros)	Miguel Utrilla (Los Chorros)	MX	1113	16.9428	-92.4797
8859670	Ojo de Agua de Morán	Ojo de Agua de Moran	MX	1113	20.5947	-102.5297
8859671	El Bellote (Miguel de la Madrid)	El Bellote (Miguel de la Madrid)	MX	1113	18.4253	-93.1508
3710864	El Espino de Santa Rosa	El Espino de Santa Rosa	PA	1113	8.0929	-80.8238
3601302	Silca	Silca	HN	1112	14.8333	-86.5333
3522457	Ocotlamanic	Ocotlamanic	MX	1112	18.3239	-97.0967
3815775	Chapallal Grande	Chapallal Grande	MX	1112	17.2963	-92.9452
3823438	La Laguna	La Laguna	MX	1112	19.4820	-96.9331
3823828	Trapiche Viejo	Trapiche Viejo	MX	1112	18.8431	-96.9456
3994076	Ortiz	Ortiz	MX	1112	28.2894	-110.7143
4014158	Jitonhueca	Jitonhueca	MX	1112	27.0617	-109.6050
8859672	Jomanichim	Jomanichim	MX	1112	16.9006	-92.4722
3700931	Sioguí Arriba	Siogui Arriba	PA	1112	8.5391	-82.6836
5479038	Mesquite	Mesquite	US	1112	32.1645	-106.6967
3601925	San Luis de Planes	San Luis de Planes	HN	1111	14.9760	-88.1251
3604852	Mercedes de Oriente	Mercedes de Oriente	HN	1111	13.9103	-87.7758
3517336	Santa María	Santa Maria	MX	1111	19.8570	-99.5549
3529934	Paso Morelos	Paso Morelos	MX	1111	18.2209	-99.2096
3532388	Barra de Cazones	Barra de Cazones	MX	1111	20.7227	-97.2025
3813359	Santa Catarina	Santa Catarina	MX	1111	21.1004	-98.3808
3823676	Ejidal	Ejidal	MX	1111	18.9038	-96.2258
3977078	Dieciocho de Marzo	Dieciocho de Marzo	MX	1111	21.4824	-101.7988
3977752	La Esmeralda	La Esmeralda	MX	1111	27.2869	-103.6633
3983616	Santiaguito (Santiaguito de Velázquez)	Santiaguito (Santiaguito de Velazquez)	MX	1111	20.7253	-102.2372
4709161	Marion	Marion	US	1111	29.5713	-98.1403
3514363	Xul	Xul	MX	1110	20.1019	-89.4616
3800680	Santiago Huaxolotipac	Santiago Huaxolotipac	MX	1110	16.9738	-97.0861
3801056	Santa María Texcatitlán	Santa Maria Texcatitlan	MX	1110	17.7129	-97.0661
3814454	La Trinidad	La Trinidad	MX	1110	19.9612	-98.7083
3823595	Rincón de Barrabás	Rincon de Barrabas	MX	1110	19.0058	-96.5357
3979921	Yerbabuena	Yerbabuena	MX	1110	21.6859	-100.7673
8859673	Tazaquil	Tazaquil	MX	1110	21.4911	-98.9400
8859674	Los Pozos	Los Pozos	MX	1110	23.0094	-106.1525
11266183	Yecapixteca	Yecapixteca	MX	1110	18.8824	-98.9033
3705549	Los Anastacios	Los Anastacios	PA	1110	8.5303	-82.4230
3516009	Tenampulco	Tenampulco	MX	1109	20.1704	-97.4050
3516524	Zelocotitlán	Zelocotitlan	MX	1109	17.4477	-99.1077
3520163	Sabanas de Xalostoc	Sabanas de Xalostoc	MX	1109	20.2222	-97.5349
3823322	El Paraíso (La Charca)	El Paraiso (La Charca)	MX	1109	19.4289	-96.3550
3973689	Alberto Carrera Torres	Alberto Carrera Torres	MX	1109	21.7724	-101.0119
8859675	San José Yashitinín	San Jose Yashitinin	MX	1109	16.6547	-92.4450
10347339	Pueblo Nuevo	Pueblo Nuevo	PA	1109	8.8807	-82.2241
3516668	Sierra Papacal	Sierra Papacal	MX	1108	21.1240	-89.7298
3517263	Coyomeapan	Coyomeapan	MX	1108	18.2821	-96.9934
3518116	San Pablo Yaganiza	San Pablo Yaganiza	MX	1108	17.1447	-96.2299
3976583	Lo de Jesús (Campo Romero)	Lo de Jesus (Campo Romero)	MX	1108	24.6800	-107.5456
3997885	Los Conos	Los Conos	MX	1108	21.8967	-101.9961
4018764	Alista	Alista	MX	1108	19.6339	-103.7892
8859676	Zapote de Palomas	Zapote de Palomas	MX	1108	20.5844	-101.1150
8859677	Llano de Agua	Llano de Agua	MX	1108	18.1061	-96.8108
3608743	Jamalteca	Jamalteca	HN	1107	14.6960	-87.5791
3483720	Ojo de Agua	Ojo de Agua	MX	1107	21.9615	-99.1142
3516983	Santiago	Santiago	MX	1107	19.9174	-97.1538
3518730	San Juan Bautista Coixtlahuaca	San Juan Bautista Coixtlahuaca	MX	1107	17.7248	-97.3238
3815051	La Soledad	La Soledad	MX	1107	19.5384	-98.6175
3818609	Quamila	Quamila	MX	1107	20.1663	-97.9185
3821660	El Fresno	El Fresno	MX	1107	17.4314	-99.5861
3823188	Jose Narciso Rovirosa	Jose Narciso Rovirosa	MX	1107	18.1062	-88.7257
3986192	San José de la Paz	San Jose de la Paz	MX	1107	20.5505	-102.0588
8859678	Luis Espinoza	Luis Espinoza	MX	1107	17.0317	-93.0269
8859679	Arvenza Uno	Arvenza Uno	MX	1107	16.7797	-92.7203
8859680	Colonia 3 de Mayo	Colonia 3 de Mayo	MX	1107	18.8273	-99.6930
8859681	San Miguel Aguacomulican	San Miguel Aguacomulican	MX	1107	18.8222	-98.5506
8859682	Cuauhtamazaco	Cuauhtamazaco	MX	1107	20.0250	-97.4872
3815810	San Miguel la Sardina	San Miguel la Sardina	MX	1106	17.2942	-93.3525
3821521	Tierra Colorada	Tierra Colorada	MX	1106	18.2695	-99.4778
3985623	San Luis del Agua Caliente	San Luis del Agua Caliente	MX	1106	20.3822	-102.8240
8859683	Tzinil	Tzinil	MX	1106	16.2578	-92.3222
5474975	La Union	La Union	US	1106	31.9507	-106.6617
3600236	Yaruchel	Yaruchel	HN	1105	14.5279	-88.8158
3514429	Xococapa	Xococapa	MX	1105	20.8092	-98.3512
3523901	Los Reyes Acatlixhuayán	Los Reyes Acatlixhuayan	MX	1105	19.2089	-98.8824
3802338	Pueblo Viejo	Pueblo Viejo	MX	1105	18.2013	-93.0864
3814466	Vicente Guerrero (San Javier)	Vicente Guerrero (San Javier)	MX	1105	19.9499	-98.9013
4015831	Mora Villalobos	Mora Villalobos	MX	1105	27.5115	-110.0559
4025152	Belisario Domínguez	Belisario Dominguez	MX	1105	19.8717	-100.9732
8859684	Fraccionamiento Privadas del Sol	Fraccionamiento Privadas del Sol	MX	1105	19.7522	-101.1914
8859685	Gregorio Méndez	Gregorio Mendez	MX	1105	18.1964	-93.1022
3707784	La Enea	La Enea	PA	1105	7.8323	-80.2731
3615332	Aguas del Padre	Aguas del Padre	HN	1104	14.5808	-87.8786
3519670	San Baltazar Atlimeyaya	San Baltazar Atlimeyaya	MX	1104	18.9869	-98.4811
3522092	Palmillas	Palmillas	MX	1104	18.5226	-99.4257
3525228	La Pedrera	La Pedrera	MX	1104	22.3928	-97.8809
3800197	Los Corazones	Los Corazones	MX	1104	16.2103	-94.0739
3801741	Santa María Zapotitlán	Santa Maria Zapotitlan	MX	1104	16.1281	-95.8522
4017203	Bellas Fuentes	Bellas Fuentes	MX	1104	19.8208	-101.6802
4026717	Dios Padre	Dios Padre	MX	1104	19.6147	-100.0650
8859686	Ocotequila	Ocotequila	MX	1104	17.4494	-98.6775
8859687	Santa María Xigui	Santa Maria Xigui	MX	1104	20.4611	-99.3450
8859688	El Salitre	El Salitre	MX	1104	18.6758	-98.9581
8859690	General Alatriste (San Joaquín)	General Alatriste (San Joaquin)	MX	1104	18.8403	-96.7936
3714176	Bella Vista	Bella Vista	PA	1104	7.7431	-80.2343
5342741	Desert Shores	Desert Shores	US	1104	33.4042	-116.0397
3603267	Prieta	Prieta	HN	1103	15.5806	-86.1366
3518724	San Juan Bautista Tlacoatzintepec	San Juan Bautista Tlacoatzintepec	MX	1103	17.8596	-96.5863
3823541	Coyolito	Coyolito	MX	1103	19.2278	-96.8704
3987379	San Cristóbal	San Cristobal	MX	1103	21.6805	-101.9398
8859691	Constitución	Constitucion	MX	1103	17.0756	-92.5242
8859692	Jolsibaquil	Jolsibaquil	MX	1103	17.2597	-92.4817
8859693	Residencial Arboledas	Residencial Arboledas	MX	1103	20.0644	-99.3017
8859694	Paseos del Valle [Fraccionamiento]	Paseos del Valle [Fraccionamiento]	MX	1103	20.5222	-103.3333
3603326	Potrerillos	Potrerillos	HN	1102	15.6333	-88.3000
3614113	Carbajales	Carbajales	HN	1102	15.5167	-86.3500
3822047	Santa Cruz	Santa Cruz	MX	1102	17.7675	-98.5706
3974884	Mesa del Huracán	Mesa del Huracan	MX	1102	29.6676	-108.2510
3980769	Urique	Urique	MX	1102	27.2118	-107.9158
4024858	Colonia Morelos	Colonia Morelos	MX	1102	20.3677	-101.9006
8859695	Concepción Caro	Concepcion Caro	MX	1102	19.7714	-99.9092
8859696	San Antonio el Llanito	San Antonio el Llanito	MX	1102	19.2775	-99.4950
8859697	La Higuerilla (Los Lirios)	La Higuerilla (Los Lirios)	MX	1102	19.9225	-100.2764
3600421	Valle de Ángeles	Valle de Angeles	HN	1101	14.4992	-87.6399
3610555	El Rancho	El Rancho	HN	1101	15.6667	-87.9500
3612581	El Benque	El Benque	HN	1101	14.0333	-86.4667
3762789	Boca del Monte	Boca del Monte	MX	1101	17.6142	-95.7312
3800286	El Chocolate	El Chocolate	MX	1101	16.9319	-95.0895
3820753	Castamay	Castamay	MX	1101	19.8378	-90.4315
3821682	Las Compuertas	Las Compuertas	MX	1101	17.1956	-100.0084
3978721	Jauja	Jauja	MX	1101	25.9289	-103.3745
4002363	La Florida	La Florida	MX	1101	23.8047	-103.0765
8723486	Miguel Hidalgo	Miguel Hidalgo	MX	1101	20.5529	-97.5021
8859698	Chiquinival	Chiquinival	MX	1101	16.9911	-91.9603
8859699	Santiago Centro	Santiago Centro	MX	1101	21.2053	-98.8636
3525461	La Loma	La Loma	MX	1100	20.1692	-99.3761
3821876	Acalco	Acalco	MX	1100	17.5057	-99.1667
4026626	San Francisco Solis	San Francisco Solis	MX	1100	19.9297	-100.0451
8859700	Guadalupe Calderón	Guadalupe Calderon	MX	1100	18.9661	-97.8583
8859701	J. Jesús González Ortega (San Mateo)	J. Jesus Gonzalez Ortega (San Mateo)	MX	1100	22.8872	-103.4853
9025895	Ampliación Tezoyuca	Ampliacion Tezoyuca	MX	1100	19.5806	-98.9205
3516963	Santiago Choápam	Santiago Choapam	MX	1099	17.3608	-95.9222
3518886	San José Corral Blanco	San Jose Corral Blanco	MX	1099	19.9088	-98.1781
3522741	Nicolás Bravo	Nicolas Bravo	MX	1099	18.6172	-97.3078
3823201	La Union	La Union	MX	1099	17.8992	-88.8809
4026621	Cerritos de Cárdenas	Cerritos de Cardenas	MX	1099	19.9694	-100.0225
8859702	Zacate Colorado Segundo (Fraternidad)	Zacate Colorado Segundo (Fraternidad)	MX	1099	18.6833	-95.9711
3518525	San Lucas	San Lucas	MX	1098	19.2596	-100.0072
3530979	Chichatla	Chichatla	MX	1098	20.9588	-98.6293
8859703	Vallejo (Porvenir Vallejo)	Vallejo (Porvenir Vallejo)	MX	1098	25.8828	-109.0736
3518824	San José Tenango	San Jose Tenango	MX	1097	18.1511	-96.7173
3801847	Agua del Espino	Agua del Espino	MX	1097	16.5909	-96.8020
3825225	Venustiano Carranza (Peña Blanca)	Venustiano Carranza (Pena Blanca)	MX	1097	17.6419	-94.7542
3983013	Sisoguichi	Sisoguichi	MX	1097	27.7845	-107.4975
3984203	Veinte de Noviembre (Santa Lucía)	Veinte de Noviembre (Santa Lucia)	MX	1097	25.7892	-103.1513
8859704	Los Sauces	Los Sauces	MX	1097	18.0333	-92.9169
3515972	Tanetze de Zaragoza	Tanetze de Zaragoza	MX	1096	17.3764	-96.3013
3517205	Santa María Tepantlali	Santa Maria Tepantlali	MX	1096	16.9975	-96.0099
3532806	Apatzingán	Apatzingan	MX	1096	17.6089	-91.0648
3815187	José María Morelos	Jose Maria Morelos	MX	1096	19.4657	-98.1587
3818754	Libertad Álvaro Obregón	Libertad Alvaro Obregon	MX	1096	19.1345	-97.7673
3982210	Tecomatán	Tecomatan	MX	1096	20.1143	-102.4965
3987966	Sanalona	Sanalona	MX	1096	24.8022	-107.1400
4024528	Loza de Barrera	Loza de Barrera	MX	1096	20.9844	-101.5300
8724362	Ahuaxintitla	Ahuaxintitla	MX	1096	20.2533	-97.8956
3515272	Tonalixco	Tonalixco	MX	1095	18.7819	-97.0597
3996993	Macapule	Macapule	MX	1095	25.8861	-109.1482
8724319	San Lorenzo	San Lorenzo	MX	1095	20.3505	-97.9363
8859705	Los Liros	Los Liros	MX	1095	16.7397	-98.2172
8859706	Nexpan	Nexpan	MX	1095	19.8839	-97.4233
8859707	Ahuehueyo Primero Centro	Ahuehueyo Primero Centro	MX	1095	21.3450	-98.8372
8859708	Barrancas y Amate 3ra. Sección	Barrancas y Amate 3ra. Seccion	MX	1095	17.9710	-92.7617
3581129	San Victor	San Victor	BZ	1094	18.2586	-88.5760
3602852	Reitoca	Reitoca	HN	1094	13.8258	-87.4653
3604386	Nueva Jalapa	Nueva Jalapa	HN	1094	14.9167	-88.3333
3519458	Cuautempan	Cuautempan	MX	1094	19.9138	-97.7950
3526951	Huepalcalco (San Miguel)	Huepalcalco (San Miguel)	MX	1094	18.9089	-98.7500
3801829	Valdeflores	Valdeflores	MX	1094	16.7663	-96.8240
3823777	Loma Angosta	Loma Angosta	MX	1094	18.7821	-96.6713
3973866	Pozuelos	Pozuelos	MX	1094	22.0894	-101.1152
3998263	Los Aguajes	Los Aguajes	MX	1094	21.1074	-104.3543
4017806	Bacerac	Bacerac	MX	1094	30.3556	-108.9312
4024155	Guadalupe del Monte	Guadalupe del Monte	MX	1094	20.5572	-100.6406
4026570	La Compañía	La Compania	MX	1094	19.1646	-100.0797
8859709	Francisco Villa	Francisco Villa	MX	1094	19.8750	-100.9358
8859710	El Progreso	El Progreso	MX	1094	20.1142	-97.0144
3613805	Cerro Grande	Cerro Grande	HN	1093	13.8167	-87.2500
3526380	Juan Sarabia	Juan Sarabia	MX	1093	18.5004	-88.4801
3532616	Atlahuilco	Atlahuilco	MX	1093	18.6972	-97.0916
3980331	Vetagrande	Vetagrande	MX	1093	22.8340	-102.5561
4000152	Las Cañas	Las Canas	MX	1093	20.2952	-101.4184
8859711	El Cabi	El Cabi	MX	1093	19.1899	-98.8537
11221501	Santiago Jicayán	Santiago Jicayan	MX	1093	16.4788	-98.0101
3610278	El Socorro	El Socorro	HN	1092	14.6271	-87.9053
3517805	Nopalera	Nopalera	MX	1092	16.9431	-97.7779
3522087	Palmillas	Palmillas	MX	1092	23.3021	-99.5497
3816556	El Puerto	El Puerto	MX	1092	16.4258	-92.4306
3821049	Haro	Haro	MX	1092	18.4441	-90.7911
3993058	Peña Blanca	Pena Blanca	MX	1092	29.2897	-107.7109
4003656	Kilómetro Noventa y Nueve	Kilometro Noventa y Nueve	MX	1092	28.1272	-105.5801
4023114	El Gallinero	El Gallinero	MX	1092	21.1813	-100.9595
8859712	Agua Blanca	Agua Blanca	MX	1092	19.2206	-99.4706
8859713	Nicolás Blanco (San Pancho)	Nicolas Blanco (San Pancho)	MX	1092	19.3525	-96.3383
3602070	San José del Potrero	San Jose del Potrero	HN	1091	14.8400	-87.2840
3519520	Ejido San Diego	Ejido San Diego	MX	1091	19.4133	-99.8254
3529705	Dos Bocas	Dos Bocas	MX	1091	18.4114	-95.7078
3530699	Chunchucmil	Chunchucmil	MX	1091	20.6438	-90.2137
3800765	Santa María Lachixío	Santa Maria Lachixio	MX	1091	16.7269	-97.0189
3814314	La Bóveda	La Boveda	MX	1091	20.1249	-98.1283
3824662	El Arenal	El Arenal	MX	1091	20.2519	-97.5154
4009020	El Nilo	El Nilo	MX	1091	25.7334	-102.9428
4025568	Cerro Colorado	Cerro Colorado	MX	1091	19.3173	-100.4657
8859714	Techichili	Techichili	MX	1091	19.1714	-99.4222
8859715	Peña del Panal	Pena del Panal	MX	1091	19.7733	-101.1894
3624702	Bijagua	Bijagua	CR	1090	10.7324	-85.0572
3517528	Santa Cruz Ozolotepec	Santa Cruz Ozolotepec	MX	1090	16.0704	-96.3025
3519702	San Antonio Ocotlán	San Antonio Ocotlan	MX	1090	16.6493	-98.1659
3994401	Ojo de Agua de Mendoza	Ojo de Agua de Mendoza	MX	1090	20.1657	-100.5695
4017773	Bacoachi	Bacoachi	MX	1090	30.6305	-109.9673
8859716	El Pueblito (Garbanzal)	El Pueblito (Garbanzal)	MX	1090	19.5939	-96.9242
3703946	Narganá	Nargana	PA	1090	9.4439	-78.5867
10347255	Paso Canoas Arriba	Paso Canoas Arriba	PA	1090	8.5652	-82.8221
5551650	Arivaca Junction	Arivaca Junction	US	1090	31.7273	-111.0612
3514668	Villa Hidalgo	Villa Hidalgo	MX	1089	15.1066	-92.3741
3517961	San Pedro Taviche	San Pedro Taviche	MX	1089	16.6378	-96.5367
3527686	Estapilla	Estapilla	MX	1089	17.5445	-91.4058
3800876	El Jicaral	El Jicaral	MX	1089	17.1262	-98.1970
3817893	San Juan Daxthi	San Juan Daxthi	MX	1089	20.0984	-99.5260
3821490	San Gregorio	San Gregorio	MX	1089	18.6297	-99.5939
3823776	El Palmar	El Palmar	MX	1089	18.8037	-96.6719
3985770	San Lorenzo	San Lorenzo	MX	1089	18.2719	-100.6114
3993226	Pastoría	Pastoria	MX	1089	22.4831	-102.0813
8722379	Machetla	Machetla	MX	1089	21.0591	-98.4940
8859717	La Corregidora	La Corregidora	MX	1089	21.4442	-104.8122
3519065	San Jerónimo Axochitlán	San Jeronimo Axochitlan	MX	1088	18.2783	-97.2628
3816497	Chihuahua	Chihuahua	MX	1088	16.0297	-91.9733
3972954	Carrillo	Carrillo	MX	1088	23.2060	-102.9849
3973195	Saín Bajo	Sain Bajo	MX	1088	23.6163	-103.1745
3975342	Independencia	Independencia	MX	1088	29.0900	-107.5424
3986214	San José de Guaymas	San Jose de Guaymas	MX	1088	27.9867	-110.8798
4009841	El Fortín	El Fortin	MX	1088	20.1790	-102.5992
8859718	Bochojbo Alto	Bochojbo Alto	MX	1088	16.7358	-92.7169
8859719	San José Manzanitos	San Jose Manzanitos	MX	1088	19.2611	-97.2147
3610139	El Terrero	El Terrero	HN	1087	14.0637	-87.0660
3515508	San Felipe Tizapa	San Felipe Tizapa	MX	1087	15.2762	-92.6130
3802583	Paso de la Mina 3ra. Sección	Paso de la Mina 3ra. Seccion	MX	1087	17.9633	-93.6658
3822140	Rancho Viejo (Rancho Nuevo de la Democracia)	Rancho Viejo (Rancho Nuevo de la Democracia)	MX	1087	17.0326	-98.2239
3822881	X Cabil	X Cabil	MX	1087	20.1654	-88.4640
4005946	Gargantillo	Gargantillo	MX	1087	20.0170	-105.3452
4010135	Monte Verde	Monte Verde	MX	1087	30.9127	-108.7142
8859720	Misija	Misija	MX	1087	17.2661	-92.3817
8859721	Colonia Fraccionamiento el Puente	Colonia Fraccionamiento el Puente	MX	1087	20.5236	-100.8967
8859722	Lomas de Romero	Lomas de Romero	MX	1087	18.9144	-97.7172
3712828	Celmira	Celmira	PA	1087	8.5451	-82.8021
3606075	La Zumbadora	La Zumbadora	HN	1086	15.0143	-88.9012
3516189	Tecama	Tecama	MX	1086	19.0039	-96.9852
3522993	Monterrey	Monterrey	MX	1086	16.0619	-93.3693
3530700	Chunchintok	Chunchintok	MX	1086	19.3613	-89.5820
3800429	San Cristóbal Honduras	San Cristobal Honduras	MX	1086	16.3253	-97.0411
3802529	Tres Bocas 1ra. Sección	Tres Bocas 1ra. Seccion	MX	1086	17.9323	-93.8744
4003052	Ceja de Bravo	Ceja de Bravo	MX	1086	20.3813	-100.3902
4008693	Paxtle	Paxtle	MX	1086	21.0587	-101.4041
8859723	Lomas de Tlatelolco	Lomas de Tlatelolco	MX	1086	32.4831	-116.8017
8859724	Ciudad Guzmán [CERESO]	Ciudad Guzman [CERESO]	MX	1086	19.6519	-103.5000
3530918	Chicualoque	Chicualoque	MX	1085	20.3827	-97.6619
3802135	Jalapita	Jalapita	MX	1085	18.4151	-92.9948
3821826	Tecolcuautla	Tecolcuautla	MX	1085	17.7865	-98.9483
4006484	Estación Rosales	Estacion Rosales	MX	1085	24.8368	-107.5798
4008672	El Peñasco	El Penasco	MX	1085	22.3253	-100.9501
4023176	Santa Rosa de Lima	Santa Rosa de Lima	MX	1085	21.0719	-101.1973
8859725	Kilómetro 40	Kilometro 40	MX	1085	17.0494	-99.7706
11098100	La Reforma	La Reforma	MX	1085	18.3038	-96.3160
3606901	San José de Las Conchas	San Jose de Las Conchas	HN	1084	13.3253	-87.3956
3513980	Zotoluca	Zotoluca	MX	1084	19.6111	-98.5110
3523749	Magdalena Ocotlán	Magdalena Ocotlan	MX	1084	16.7086	-96.7101
3526454	Jonotla	Jonotla	MX	1084	20.0303	-97.5753
8859726	Barrio de Guadalupe del Mezquitillo	Barrio de Guadalupe del Mezquitillo	MX	1084	20.9442	-101.8008
8859727	La Loma Cuexcontitlán	La Loma Cuexcontitlan	MX	1084	19.3800	-99.6489
4669581	Asherton	Asherton	US	1084	28.4419	-99.7603
3531679	Kancabchén	Kancabchen	MX	1083	19.7149	-88.8621
3801997	La Estrella	La Estrella	MX	1083	18.6036	-92.5808
3976316	Escamillas	Escamillas	MX	1083	23.2722	-106.2467
3983489	San Vicente	San Vicente	MX	1083	20.4280	-102.6552
3993459	El Paracho	El Paracho	MX	1083	20.1082	-102.5227
4005178	Guatimapé	Guatimape	MX	1083	24.8071	-104.9203
4005272	Guanajuatillo	Guanajuatillo	MX	1083	22.7138	-102.1428
4006621	Esfuerzos Unidos	Esfuerzos Unidos	MX	1083	24.8214	-104.9902
8859728	El Plan	El Plan	MX	1083	19.3745	-99.8005
3611720	El Guante	El Guante	HN	1082	14.5500	-87.1000
3532763	Arbolillo	Arbolillo	MX	1082	18.8166	-95.8365
3801901	General Pascual Fentes	General Pascual Fentes	MX	1082	16.4347	-94.2627
3816393	Emiliano Zapata	Emiliano Zapata	MX	1082	16.2892	-90.6208
3818865	Dolores Hidalgo	Dolores Hidalgo	MX	1082	18.7570	-97.8606
3981895	Tequepexpan	Tequepexpan	MX	1082	21.2148	-104.5697
8724360	San Antonio Ocopetlatlán	San Antonio Ocopetlatlan	MX	1082	20.2470	-97.9462
8859729	El Metlapil	El Metlapil	MX	1082	16.8417	-99.7489
8859730	El Cortijo	El Cortijo	MX	1082	20.4692	-103.4219
8859731	San Benito Encinal	San Benito Encinal	MX	1082	17.9872	-95.9106
8859732	Guadalupe Victoria	Guadalupe Victoria	MX	1082	19.1044	-97.6056
8859733	Santiago Tlacochcalco	Santiago Tlacochcalco	MX	1082	19.2686	-98.2231
8859734	Metlac Hernández (Metlac Primero)	Metlac Hernandez (Metlac Primero)	MX	1082	18.9775	-97.1431
3517992	San Pedro Itztla	San Pedro Itztla	MX	1081	20.2747	-97.9345
3522928	Motobatha	Motobatha	MX	1081	20.1832	-99.2052
3523518	Martinez	Martinez	MX	1081	22.0679	-99.6255
3815257	Felipe Carrillo Puerto	Felipe Carrillo Puerto	MX	1081	19.3992	-97.8552
4010619	El Carrizal	El Carrizal	MX	1081	22.3415	-101.1678
4010682	El Carmen	El Carmen	MX	1081	20.4067	-102.4200
4018842	Alcholoa	Alcholoa	MX	1081	17.1508	-100.4075
4025065	Agua Caliente	Agua Caliente	MX	1081	19.8997	-100.1714
8674961	Don Samuel	Don Samuel	MX	1081	18.3600	-90.8572
8859735	El Paraíso	El Paraiso	MX	1081	17.2464	-92.5569
8859736	Ejido San Cristóbal	Ejido San Cristobal	MX	1081	19.5425	-98.8942
3709823	El Valle de La Unión	El Valle de La Union	PA	1081	9.2380	-79.6595
3714849	Alto de La Estancia	Alto de La Estancia	PA	1081	8.5923	-80.1764
13286640	Neuland	Neuland	BZ	1080	18.0519	-88.2482
13286649	Indian Creek	Indian Creek	BZ	1080	17.7522	-88.7192
3518891	San José las Chicharras	San Jose las Chicharras	MX	1080	15.6436	-92.2066
3801591	Rojas de Cuauhtémoc	Rojas de Cuauhtemoc	MX	1080	17.0063	-96.6186
3827058	San Juanico Sector Uno	San Juanico Sector Uno	MX	1080	19.9346	-99.7678
3993619	Palos Altos	Palos Altos	MX	1080	20.8719	-103.1527
3997663	Los Hoyos	Los Hoyos	MX	1080	30.1244	-109.7822
4025080	Ejido el Rosario	Ejido el Rosario	MX	1080	19.5719	-100.2767
8859737	El Roble	El Roble	MX	1080	20.0581	-98.7583
8859738	Quetzalapa	Quetzalapa	MX	1080	18.9406	-99.5969
8859739	Concentración 5 de Febrero	Concentracion 5 de Febrero	MX	1080	25.8564	-108.6294
3615557	Agua Azul	Agua Azul	HN	1079	14.9167	-87.9667
3822104	Zilacayotitlán	Zilacayotitlan	MX	1079	17.2949	-98.5498
8859740	Cerro del Murciélago	Cerro del Murcielago	MX	1079	19.2819	-99.7547
8859741	Tierra Negra	Tierra Negra	MX	1079	20.2433	-97.9567
8859742	Melchor Ocampo	Melchor Ocampo	MX	1079	19.8397	-97.3067
3533424	Acazónica	Acazonica	MX	1078	19.2135	-96.5909
3823399	Rancho Viejo	Rancho Viejo	MX	1078	19.4455	-96.7829
4021488	Ojo de Agua de Crucitas	Ojo de Agua de Crucitas	MX	1078	21.9641	-101.9518
4024949	La Compañía	La Compania	MX	1078	20.3750	-101.1573
8859743	Las Brisas	Las Brisas	MX	1078	30.9606	-116.1644
8859744	La Rinconada	La Rinconada	MX	1078	15.5933	-92.2681
8859745	San Marcos	San Marcos	MX	1078	17.3469	-99.0041
8859746	Tlatilpa	Tlatilpa	MX	1078	18.7339	-97.1442
4702998	Kempner	Kempner	US	1078	31.0810	-98.0025
3518643	San Juan Lachigalla	San Juan Lachigalla	MX	1077	16.5918	-96.5484
3519265	San Francisco Logueche	San Francisco Logueche	MX	1077	16.3537	-96.3775
3801799	La Erradura	La Erradura	MX	1077	15.8340	-96.3348
3818798	San Miguel Zoapan	San Miguel Zoapan	MX	1077	19.0843	-97.3536
3980755	Uspero	Uspero	MX	1077	19.0143	-102.2670
3985879	San Juan de la Vaquería	San Juan de la Vaqueria	MX	1077	25.2535	-101.2166
3991274	San Antonio Puerta de la Vega	San Antonio Puerta de la Vega	MX	1077	20.5905	-103.8980
8859747	Nueva Frontera	Nueva Frontera	MX	1077	16.8881	-99.8158
8859748	Colonia Doctor Gustavo Baz	Colonia Doctor Gustavo Baz	MX	1077	19.0131	-99.3967
8859749	San Martín Mazateopan	San Martin Mazateopan	MX	1077	18.4528	-96.8161
8859750	San Cristóbal Xochimilpa	San Cristobal Xochimilpa	MX	1077	20.0664	-97.9075
8859751	San Isidro Palotal	San Isidro Palotal	MX	1077	18.9442	-96.9658
5455956	Atoka	Atoka	US	1077	32.7696	-104.3889
3519560	San Cristóbal	San Cristobal	MX	1076	17.2757	-99.9402
3523517	Maitinez	Maitinez	MX	1076	22.3717	-99.2931
3524428	Zacualpa	Zacualpa	MX	1076	15.1682	-92.6270
3821712	Ocotillo	Ocotillo	MX	1076	17.0355	-99.8767
3827323	San Bartolo del Progreso	San Bartolo del Progreso	MX	1076	19.1016	-99.4041
3980135	Villa Ocampo	Villa Ocampo	MX	1076	26.4413	-105.5064
3982776	Suaqui Grande	Suaqui Grande	MX	1076	28.3938	-109.8877
3984012	Santa Rita	Santa Rita	MX	1076	23.9435	-102.9175
3996814	Malagana (San Antonio del Monte)	Malagana (San Antonio del Monte)	MX	1076	21.0467	-101.7535
4025786	Las Cañas	Las Canas	MX	1076	18.5658	-101.9761
8859752	Sargento López 2da. Sección (El Chuzo)	Sargento Lopez 2da. Seccion (El Chuzo)	MX	1076	18.1995	-93.2923
4693426	Gholson	Gholson	US	1076	31.7010	-97.2164
3615473	Agua Caliente	Agua Caliente	HN	1075	14.8833	-88.8167
3517264	Santa María Cortijo	Santa Maria Cortijo	MX	1075	16.4514	-98.2858
3517421	Santa Inés Varela la Luz	Santa Ines Varela la Luz	MX	1075	19.1547	-97.3887
3816474	Rafael Ramírez	Rafael Ramirez	MX	1075	16.4620	-91.9452
3971764	Lázaro Cárdenas	Lazaro Cardenas	MX	1075	22.9708	-100.0534
4025571	Huanguitío	Huanguitio	MX	1075	19.3971	-100.4871
8859753	La Estancia Sector Uno (La Estancia)	La Estancia Sector Uno (La Estancia)	MX	1075	19.8706	-99.7917
3528552	El Palmar	El Palmar	MX	1074	19.3875	-96.4306
3814979	San José Tepeyahualco	San Jose Tepeyahualco	MX	1074	19.5994	-98.2689
3818806	Paso Carretas	Paso Carretas	MX	1074	18.9199	-97.2515
3821010	Zoh-Laguna	Zoh-Laguna	MX	1074	18.5931	-89.4176
8859754	El Colorado	El Colorado	MX	1074	20.2153	-99.0022
8859755	Unidad Grajales INFONAVIT	Unidad Grajales INFONAVIT	MX	1074	19.2413	-97.8107
8859756	El Tintal	El Tintal	MX	1074	20.8919	-87.4661
11228263	Barrio de San Miguel	Barrio de San Miguel	MX	1074	19.5123	-99.9547
3702548	Potrerillos Arriba	Potrerillos Arriba	PA	1074	8.6883	-82.4924
3515595	Santiago Tilapa	Santiago Tilapa	MX	1073	17.2589	-98.2611
3517261	Pino Suárez	Pino Suarez	MX	1073	20.2473	-99.4210
3526118	La Cañada	La Canada	MX	1073	19.4990	-97.7340
3816058	América Libre	America Libre	MX	1073	16.6146	-92.9918
8859757	Los Pinos	Los Pinos	MX	1073	16.9208	-92.1086
8859758	Loma de Yerbabuena	Loma de Yerbabuena	MX	1073	21.0606	-101.4494
8859759	Tutepec	Tutepec	MX	1073	16.9217	-99.1564
8859760	José María Pino Suárez	Jose Maria Pino Suarez	MX	1073	20.2472	-99.4211
8859761	El Capulín (La Nueva Pochota)	El Capulin (La Nueva Pochota)	MX	1073	18.2297	-96.2781
8859762	San José Buena Vista	San Jose Buena Vista	MX	1073	18.4053	-97.2683
3602359	Sandy Bay	Sandy Bay	HN	1072	16.3292	-86.5645
3516987	Santiago el Pinar	Santiago el Pinar	MX	1072	16.9412	-92.7146
3517732	Santa Ana Necoxtla	Santa Ana Necoxtla	MX	1072	18.6131	-98.3831
3526939	Huexotitla	Huexotitla	MX	1072	20.7689	-98.0885
3801469	El Paraíso	El Paraiso	MX	1072	17.5159	-95.1427
3821860	Cuauhtenango	Cuauhtenango	MX	1072	17.5463	-99.2068
3824730	Monte Verde Chivería	Monte Verde Chiveria	MX	1072	19.7030	-96.6960
3980827	Tzitzio	Tzitzio	MX	1072	19.5856	-100.9248
3984049	Santa Mónica	Santa Monica	MX	1072	22.7561	-102.4219
8859763	Banco Nacional	Banco Nacional	MX	1072	25.8714	-103.3567
8859764	Rinconadas del Venado I	Rinconadas del Venado I	MX	1072	20.0636	-98.7633
8859765	Rincón de Aguirre	Rincon de Aguirre	MX	1072	18.8995	-100.1366
3621990	Sámara	Samara	CR	1071	9.8815	-85.5281
3602066	San José de Río Tinto	San Jose de Rio Tinto	HN	1071	14.9333	-85.7000
3514181	Zacapala	Zacapala	MX	1071	18.5941	-98.0658
3815528	Loma Bonita	Loma Bonita	MX	1071	17.7870	-92.0765
3973865	La Mesa de los Conejos	La Mesa de los Conejos	MX	1071	22.1032	-101.0531
8859766	Miravalle	Miravalle	MX	1071	21.9725	-102.3114
8859767	Acuaco	Acuaco	MX	1071	19.7625	-97.5644
3517836	San Salvador	San Salvador	MX	1070	20.2849	-99.0150
3824623	Manantiales	Manantiales	MX	1070	20.1733	-97.1107
8859768	La Presita Segundo Cuartel	La Presita Segundo Cuartel	MX	1070	20.1628	-99.8728
8859769	Progreso	Progreso	MX	1070	17.0453	-97.5703
3701868	Río Grande	Rio Grande	PA	1070	8.4319	-80.4870
3519256	San Francisco Sola	San Francisco Sola	MX	1069	16.5156	-96.9744
3519830	San Antonio	San Antonio	MX	1069	19.2705	-97.1869
3823778	Mata Naranjo	Mata Naranjo	MX	1069	18.7775	-96.7141
3826917	San Nicolás Amealco	San Nicolas Amealco	MX	1069	19.3260	-99.8715
4023960	Zapote de Barajas	Zapote de Barajas	MX	1069	20.3755	-101.6999
8859770	Monte Blanco	Monte Blanco	MX	1069	20.3547	-101.5275
4680702	Chico	Chico	US	1069	33.2959	-97.7989
4693832	Godley	Godley	US	1069	32.4490	-97.5267
3600598	Trojas	Trojas	HN	1068	15.3500	-86.7000
3815941	Hermenegildo Galeana	Hermenegildo Galeana	MX	1068	16.5772	-93.3594
3824920	Rancho Nuevo	Rancho Nuevo	MX	1068	18.5431	-96.7781
3972229	San Blas	San Blas	MX	1068	22.2979	-101.9548
4005394	Guadalupe de Paso Blanco	Guadalupe de Paso Blanco	MX	1068	20.7541	-101.4029
8859771	Adjuntas del Río	Adjuntas del Rio	MX	1068	21.1167	-100.8681
8859772	Colonia los Cerritos	Colonia los Cerritos	MX	1068	18.9539	-99.1925
8859773	San Juan Zapotitlán	San Juan Zapotitlan	MX	1068	17.8053	-96.6064
8859774	Santa Rosa Segundo	Santa Rosa Segundo	MX	1068	19.9778	-88.2625
4672600	Batesville	Batesville	US	1068	28.9511	-99.6178
3605873	Loma Alta	Loma Alta	HN	1067	15.3982	-88.5625
3516349	Tampiquito	Tampiquito	MX	1067	23.8338	-98.1947
3516617	Sochiapa	Sochiapa	MX	1067	19.1929	-96.9399
3823589	San Francisco Nacaxtle	San Francisco Nacaxtle	MX	1067	19.1108	-96.5958
3977175	Vaquerías	Vaquerias	MX	1067	21.7683	-101.6539
3987551	San Bernardo	San Bernardo	MX	1067	27.3990	-108.8441
4001711	La Laguna	La Laguna	MX	1067	24.2140	-103.1834
8859775	Rincón de los Reyes	Rincon de los Reyes	MX	1067	19.1944	-97.1606
8859776	La Soledad	La Soledad	MX	1067	18.8100	-97.7642
3602286	San Francisco de Cones	San Francisco de Cones	HN	1066	14.5167	-88.9000
3514463	Xochiapulco	Xochiapulco	MX	1066	19.8211	-97.6595
3526034	San Martín Lachila	San Martin Lachila	MX	1066	16.6119	-96.8488
3803053	Andrés Quintana Roo	Andres Quintana Roo	MX	1066	17.7077	-93.0108
4006628	Escuadrón Doscientos Uno	Escuadron Doscientos Uno	MX	1066	25.6746	-103.3490
4025404	Chapa	Chapa	MX	1066	19.3798	-101.6646
8859777	Praderas del Potrero	Praderas del Potrero	MX	1066	19.8847	-99.2303
8859778	Corral de Piedra	Corral de Piedra	MX	1066	18.2453	-96.3056
8859779	Zoyotla	Zoyotla	MX	1066	19.9278	-97.6939
3713491	Caimito	Caimito	PA	1066	8.5466	-82.4209
4725484	Saint Paul	Saint Paul	US	1066	33.0412	-96.5503
3517292	Santa María Alotepec	Santa Maria Alotepec	MX	1065	17.0936	-95.8552
3520857	Ramón F. Balboa	Ramon F. Balboa	MX	1065	16.4743	-91.4032
3522658	Nopala de Villagrán	Nopala de Villagran	MX	1065	20.2516	-99.6449
3821244	El Naranjo	El Naranjo	MX	1065	18.0219	-91.1277
3823226	El Escobillo	El Escobillo	MX	1065	19.5147	-97.1979
3826901	Turcio Segunda Sección	Turcio Segunda Seccion	MX	1065	19.3653	-99.9601
3973609	San Diego	San Diego	MX	1065	21.9169	-100.1010
3973781	El Jaralito	El Jaralito	MX	1065	22.0385	-100.8212
4023646	San Francisco	San Francisco	MX	1065	21.6337	-101.0601
8859780	Santa Isabel [Fraccionamiento]	Santa Isabel [Fraccionamiento]	MX	1065	22.0811	-102.2678
8859781	La Trinidad	La Trinidad	MX	1065	20.5633	-100.7836
8859782	San Miguelito	San Miguelito	MX	1065	17.6358	-101.4375
8859783	Rancho Alegre	Rancho Alegre	MX	1065	20.2072	-97.6389
3614914	Baja Mar	Baja Mar	HN	1064	15.8885	-87.8555
3519978	San Agustín Huixaxtla	San Agustin Huixaxtla	MX	1064	18.9178	-98.3969
3816322	Agua Azul	Agua Azul	MX	1064	16.8143	-91.5239
3818659	Allende	Allende	MX	1064	19.5388	-97.5971
3976907	El Refugio	El Refugio	MX	1064	25.9958	-109.2998
3991118	Quiriego	Quiriego	MX	1064	27.5195	-109.2525
4021159	Centro de Arriba	Centro de Arriba	MX	1064	21.7317	-102.4991
8859784	Ejido Netzahualcóyotl	Ejido Netzahualcoyotl	MX	1064	32.6244	-115.0622
8859785	Manzana Segunda	Manzana Segunda	MX	1064	19.5672	-99.5939
8859786	La Palma (Las Palmas)	La Palma (Las Palmas)	MX	1064	19.7711	-101.1408
8859787	La Toma	La Toma	MX	1064	19.4528	-97.1936
3821917	El Terrero	El Terrero	MX	1063	17.1235	-99.3480
3827101	El Magueyal	El Magueyal	MX	1063	19.9425	-99.5746
3985238	San Nicolás Solís	San Nicolas Solis	MX	1063	19.9911	-100.0261
4023926	Las Ánimas	Las Animas	MX	1063	20.3964	-101.7993
8859788	Ixtlahuaca	Ixtlahuaca	MX	1063	19.8231	-97.3350
3709569	Finca Blanco	Finca Blanco	PA	1063	8.3826	-82.8740
3524848	Cantón las Delicias	Canton las Delicias	MX	1062	15.1024	-92.5000
3815628	Lacandón	Lacandon	MX	1062	17.0214	-91.5952
8859789	Veracruz	Veracruz	MX	1062	16.4042	-91.9994
8859790	El Olvera	El Olvera	MX	1062	20.2700	-99.0256
8859791	Paraje Trejo (El Chaparral)	Paraje Trejo (El Chaparral)	MX	1062	19.4056	-99.3122
8859792	Ejido el Castillo	Ejido el Castillo	MX	1062	19.4358	-99.3058
4724309	Runge	Runge	US	1062	28.8833	-97.7130
5285857	Blackwater	Blackwater	US	1062	33.0312	-111.5826
3515897	Tepehuacán de Guerrero	Tepehuacan de Guerrero	MX	1061	21.0138	-98.8414
3521157	Pozuelos	Pozuelos	MX	1061	20.4941	-99.0597
3813727	El Bingú	El Bingu	MX	1061	20.5924	-99.1429
3825362	Niños Héroes	Ninos Heroes	MX	1061	17.4346	-94.4997
3981664	Tierra Blanca	Tierra Blanca	MX	1061	27.1877	-109.3451
3994749	Norias del Refugio	Norias del Refugio	MX	1061	23.0133	-100.4719
4009524	El Jazmín	El Jazmin	MX	1061	19.6527	-103.7095
4024817	San Antonio Eménguaro	San Antonio Emenguaro	MX	1061	20.1397	-100.8787
4025026	El Pilar	El Pilar	MX	1061	20.2411	-101.4021
8859793	Tocoy	Tocoy	MX	1061	21.6386	-98.8708
8859794	La Nueva Era	La Nueva Era	MX	1061	17.6986	-95.8083
3700393	Tubualá	Tubuala	PA	1061	9.5096	-79.0449
4714660	Newark	Newark	US	1061	33.0012	-97.4845
3605060	Mangrove Bight	Mangrove Bight	HN	1060	16.4667	-85.8833
3521759	Patla	Patla	MX	1060	20.2482	-97.8530
4002285	La Garita	La Garita	MX	1060	19.7754	-103.1221
4011419	Ejido Toluca	Ejido Toluca	MX	1060	32.4300	-115.0832
8859795	Ocuiltzapoyo	Ocuiltzapoyo	MX	1060	21.3244	-98.7286
3701882	Río de Jesús	Rio de Jesus	PA	1060	7.9839	-81.1614
5534053	Wink	Wink	US	1060	31.7512	-103.1599
3589595	San Rafael La Independencia	San Rafael La Independencia	GT	1059	15.7015	-91.5355
3813509	Acoxcatlán	Acoxcatlan	MX	1059	20.9738	-98.7778
3818856	Tula	Tula	MX	1059	18.5386	-97.9094
3995529	Mompaní	Mompani	MX	1059	20.6920	-100.5067
4024275	La Tinaja	La Tinaja	MX	1059	20.4903	-101.2156
8859796	La Sala (La Caliente)	La Sala (La Caliente)	MX	1059	20.2072	-98.8725
8859797	Joconoxtle (La Tuna)	Joconoxtle (La Tuna)	MX	1059	20.4522	-102.6764
8859798	Álvaro Obregón 2da. Sección (El Lechugal)	Alvaro Obregon 2da. Seccion (El Lechugal)	MX	1059	18.3929	-92.7912
3526664	Ixtolco de Morelos	Ixtolco de Morelos	MX	1058	19.9055	-97.8176
3801037	San Marcos Arteaga	San Marcos Arteaga	MX	1058	17.7203	-97.8607
3816076	El Zapotillo	El Zapotillo	MX	1058	16.8370	-92.9515
3998988	San Nicolás de la Torre	San Nicolas de la Torre	MX	1058	20.0781	-100.1014
4024049	La Calera	La Calera	MX	1058	20.3018	-100.8457
8859799	La Herradura	La Herradura	MX	1058	19.0400	-99.5847
8859800	Guadalupe Morelos	Guadalupe Morelos	MX	1058	19.0256	-97.8042
13286684	Billy White	Billy White	BZ	1057	17.2112	-89.0503
3522619	Nueva América	Nueva America	MX	1057	15.9228	-92.3059
3528949	El Galaneño	El Galaneno	MX	1057	25.7614	-97.5443
3821982	El Mesón	El Meson	MX	1057	16.8457	-99.0587
3977171	Guadalupe Victoria	Guadalupe Victoria	MX	1057	21.7011	-101.6178
3994275	Ojo de Rana	Ojo de Rana	MX	1057	20.0477	-102.8930
4024952	Zapotillo de Mogotes	Zapotillo de Mogotes	MX	1057	20.3787	-101.2488
8859801	Santa Bárbara	Santa Barbara	MX	1057	20.4756	-101.3494
8859802	Tlatzala	Tlatzala	MX	1057	18.7286	-97.1411
3816529	Chacaljocóm	Chacaljocom	MX	1056	16.2992	-92.1834
3823643	Santa Rita	Santa Rita	MX	1056	19.1666	-96.2599
3982559	Guadalupe de Támbula	Guadalupe de Tambula	MX	1056	20.8659	-100.5762
3985039	San Pedro de la Cueva	San Pedro de la Cueva	MX	1056	29.2879	-109.7417
4015577	Cantuna	Cantuna	MX	1056	23.6254	-103.3427
8859803	Miguel Hidalgo	Miguel Hidalgo	MX	1056	17.9064	-93.1175
8859804	La Mezquitera	La Mezquitera	MX	1056	20.5583	-103.1125
8859805	Unidad Habitacional Mariano Matamoros	Unidad Habitacional Mariano Matamoros	MX	1056	18.7475	-98.8522
8859806	Manuel Edgardo Ávalos (San Isidro)	Manuel Edgardo Avalos (San Isidro)	MX	1056	19.0678	-97.3919
3608377	La Brea	La Brea	HN	1055	15.8000	-85.9667
3518463	San Marcial Ozolotepec	San Marcial Ozolotepec	MX	1055	16.0890	-96.4056
3523801	Mactún	Mactun	MX	1055	17.5913	-91.2916
3525671	Laguna del Cofre	Laguna del Cofre	MX	1055	15.6275	-92.6414
3527787	Escolín de Olarte	Escolin de Olarte	MX	1055	20.4982	-97.4230
3816645	Ignacio Zaragoza	Ignacio Zaragoza	MX	1055	16.3721	-93.1342
3988270	Sahuaral de Otero	Sahuaral de Otero	MX	1055	26.8841	-109.7327
4001907	La Isla	La Isla	MX	1055	20.4879	-102.3491
4026664	Colonia Cuauhtémoc	Colonia Cuauhtemoc	MX	1055	19.7766	-100.1316
8859807	Tinajas 1ra. Sección	Tinajas 1ra. Seccion	MX	1055	14.7175	-92.3286
3602785	Río Bonito	Rio Bonito	HN	1054	14.7667	-87.8833
3518137	Chalchihuitán	Chalchihuitan	MX	1054	16.9636	-92.6183
3521393	Pixoy	Pixoy	MX	1054	20.7162	-88.2633
3532035	Buena Vista	Buena Vista	MX	1054	19.0428	-96.8567
3979563	Islas Agrarias Grupo B	Islas Agrarias Grupo B	MX	1054	32.5999	-115.2711
3984749	Santa Ana	Santa Ana	MX	1054	22.3925	-101.4754
4023070	San Isidro de la Estacada	San Isidro de la Estacada	MX	1054	21.1475	-100.6847
8859808	El Ramal (Porvenir)	El Ramal (Porvenir)	MX	1054	15.8658	-92.9456
8859809	Los Olivos	Los Olivos	MX	1054	19.2078	-102.8619
3705743	Llano de Piedra	Llano de Piedra	PA	1054	7.6657	-80.5625
3603224	Pueblo Nuevo	Pueblo Nuevo	HN	1053	15.0000	-88.7500
3800327	Quinicuena	Quinicuena	MX	1053	16.5310	-97.5238
3813851	San Pablo el Grande	San Pablo el Grande	MX	1053	20.3600	-98.1601
3818855	El Progreso	El Progreso	MX	1053	18.5605	-97.8576
3995080	Narciso Mendoza	Narciso Mendoza	MX	1053	24.0129	-103.9659
8859810	Molino de San José	Molino de San Jose	MX	1053	21.5708	-101.2639
8859811	San José Independencia	San Jose Independencia	MX	1053	18.7558	-96.9450
3715008	Aguas Blancas	Aguas Blancas	PA	1053	8.5070	-80.3079
3601719	Santa Ana	Santa Ana	HN	1052	13.9317	-87.2714
4023653	El Zapote	El Zapote	MX	1052	21.7348	-101.0492
4024120	El Salto de Espejo	El Salto de Espejo	MX	1052	20.4504	-100.5061
4024205	El Caracol	El Caracol	MX	1052	20.5672	-100.9835
8859812	Fraccionamiento del Valle	Fraccionamiento del Valle	MX	1052	31.9114	-116.2606
8859813	Tierra Larga (Campo Nuevo)	Tierra Larga (Campo Nuevo)	MX	1052	18.8644	-98.9481
8859814	Ignacio Zaragoza 1ra. Sección	Ignacio Zaragoza 1ra. Seccion	MX	1052	18.3316	-93.3351
4738279	Uhland	Uhland	US	1052	29.9577	-97.7861
3979507	Estación Pescaderos	Estacion Pescaderos	MX	1051	32.3109	-115.1382
8859815	10 de Abril	10 de Abril	MX	1051	16.8292	-99.7408
8859816	El Espinalillo	El Espinalillo	MX	1051	16.9847	-100.1269
8859817	La Trinidad	La Trinidad	MX	1051	19.6806	-99.1722
3701491	San Félix	San Felix	PA	1051	8.2933	-81.8692
3704460	Mata del Nance	Mata del Nance	PA	1051	8.4517	-82.4003
4694156	Gorman	Gorman	US	1051	32.2137	-98.6706
3614789	Berlín	Berlin	HN	1050	14.8428	-88.4945
3515401	Tlanalapan	Tlanalapan	MX	1050	19.2508	-97.2760
3816496	Unión Juárez	Union Juarez	MX	1050	16.1283	-91.9331
3817452	San Miguel Laderas	San Miguel Laderas	MX	1050	18.8832	-99.6969
3976331	La Concepción	La Concepcion	MX	1050	23.3949	-106.1687
8529670	El Barrancón del Tío Blas (El Barrancón)	El Barrancon del Tio Blas (El Barrancon)	MX	1050	25.0156	-97.7169
8859818	Santa Rosa (El Huizache)	Santa Rosa (El Huizache)	MX	1050	21.9350	-102.0219
8859819	Hoya de Cintora (La Hoya de Arriba)	Hoya de Cintora (La Hoya de Arriba)	MX	1050	20.3644	-101.2083
8859820	El Recodo	El Recodo	MX	1050	27.0772	-109.5275
3712951	Cartí Sugtupu	Carti Sugtupu	PA	1050	9.4706	-78.9612
3613281	Concepción del Sur	Concepcion del Sur	HN	1049	14.8000	-88.1667
3516751	Sasaltitla	Sasaltitla	MX	1049	20.9346	-98.1967
3813256	Cuazáhuatl	Cuazahuatl	MX	1049	21.0162	-98.8864
3816655	Calzada Larga	Calzada Larga	MX	1049	16.3512	-93.3152
4000196	Las Bocas	Las Bocas	MX	1049	26.5903	-109.3333
4014967	San Cayetano	San Cayetano	MX	1049	20.6034	-100.8207
8759355	Zamora	Zamora	MX	1049	29.2616	-110.8863
8859821	General Luis Felipe Domínguez Suárez	General Luis Felipe Dominguez Suarez	MX	1049	17.6564	-91.5367
3710910	Entradero	Entradero	PA	1049	8.5667	-80.2125
5531747	Sterling City	Sterling City	US	1049	31.8362	-100.9848
3601992	San Juan de Planes	San Juan de Planes	HN	1048	14.9333	-88.7833
3994992	Negritas	Negritas	MX	1048	22.7936	-100.1602
4013671	Augusto Gómez Villanueva	Augusto Gomez Villanueva	MX	1048	19.0207	-104.0027
4722542	Ricardo	Ricardo	US	1048	27.4214	-97.8511
3516838	Santo Domingo Xagacía	Santo Domingo Xagacia	MX	1047	17.1550	-96.2681
3529226	Los Cenotes	Los Cenotes	MX	1047	17.6346	-91.0384
3819010	Hermenegildo Galeana	Hermenegildo Galeana	MX	1047	18.2567	-98.1022
3826892	El Potrero	El Potrero	MX	1047	19.3062	-99.9939
3983599	Santo Domingo	Santo Domingo	MX	1047	22.2832	-100.1697
3999282	Las Ranas	Las Ranas	MX	1047	20.2075	-101.4793
3602184	San Jerónimo	San Jeronimo	HN	1046	14.9667	-88.8667
3517727	Santa Ana Tlapacoyan	Santa Ana Tlapacoyan	MX	1046	16.7433	-96.8366
3527185	Gutiérrez Zamora	Gutierrez Zamora	MX	1046	21.3676	-97.7992
3802092	Aquiles Serdán	Aquiles Serdan	MX	1046	18.4135	-93.0134
4002350	La Fortuna	La Fortuna	MX	1046	21.5528	-104.9508
8859822	Pugchén Mumuntic	Pugchen Mumuntic	MX	1046	16.8639	-92.8236
8859823	Cantón Villaflor	Canton Villaflor	MX	1046	15.1142	-92.3526
8859824	San Julio	San Julio	MX	1046	25.9364	-103.4208
8859825	Coahuixtla	Coahuixtla	MX	1046	18.5742	-99.3700
8859826	El Camalote	El Camalote	MX	1046	15.8725	-96.6236
5306112	Naco	Naco	US	1046	31.3354	-109.9481
3600382	Veracruz	Veracruz	HN	1045	14.9167	-88.7833
3483497	San Francisco	San Francisco	MX	1045	21.2796	-98.8906
3526280	San Francisco Kobén	San Francisco Koben	MX	1045	19.9154	-90.4155
3824713	Salvador Díaz Mirón	Salvador Diaz Miron	MX	1045	19.7865	-96.8729
3996615	Maravillas	Maravillas	MX	1045	25.6582	-103.3409
3999246	San José Tepuzas	San Jose Tepuzas	MX	1045	20.3542	-100.3753
4005375	Guadalupe Victoria	Guadalupe Victoria	MX	1045	28.3330	-105.4279
4020724	Tavera	Tavera	MX	1045	19.0611	-101.5580
8859827	Yopi	Yopi	MX	1045	19.8267	-97.3803
8859828	Tlacuilola	Tlacuilola	MX	1045	21.2375	-98.8681
3525707	La Grandeza	La Grandeza	MX	1044	15.5112	-92.2255
3531825	Calcahualco	Calcahualco	MX	1044	19.1224	-97.0856
3815630	El Tumbo	El Tumbo	MX	1044	17.0778	-91.6260
3823235	El Conejo	El Conejo	MX	1044	19.5314	-97.1538
3824438	Tetzacual	Tetzacual	MX	1044	20.7729	-98.2678
3983492	San Vicente	San Vicente	MX	1044	19.6494	-103.2509
3984082	Santa María del Buaraje	Santa Maria del Buaraje	MX	1044	27.3026	-109.8021
3996224	Merino	Merino	MX	1044	20.4935	-100.8834
4011723	El Durazno	El Durazno	MX	1044	25.4691	-106.9289
4025153	Pueblo Viejo	Pueblo Viejo	MX	1044	19.7764	-100.8149
8859829	Rinconadas del Bosque	Rinconadas del Bosque	MX	1044	20.0853	-101.1983
8859830	Atenguillo	Atenguillo	MX	1044	19.5636	-98.8764
3600997	Taragual	Taragual	HN	1043	14.7500	-88.4833
3615556	Agua Azul Rancho	Agua Azul Rancho	HN	1043	14.9000	-87.9500
3514110	Zapoapan de Amapan	Zapoapan de Amapan	MX	1043	18.2375	-95.1838
3533198	Ahuateno	Ahuateno	MX	1043	21.0022	-98.1505
3816770	Doctor Belisario Domínguez (La Barra)	Doctor Belisario Dominguez (La Barra)	MX	1043	15.8895	-93.7040
4000903	La Paz	La Paz	MX	1043	20.5406	-103.0522
4001141	La Noria	La Noria	MX	1043	25.7093	-108.4918
4006090	Gachupines	Gachupines	MX	1043	21.7625	-101.5607
4021177	San Antonio de los Ríos	San Antonio de los Rios	MX	1043	22.1608	-102.4708
3700080	Villa Carmen	Villa Carmen	PA	1043	8.8034	-79.8679
3483566	Las Armas	Las Armas	MX	1042	21.6969	-98.9675
3517191	Santa María Xadani	Santa Maria Xadani	MX	1042	15.9492	-96.0735
3520906	Emancipación Quetzalapa	Emancipacion Quetzalapa	MX	1042	19.1733	-97.3920
3801822	San Nicolás Quialana	San Nicolas Quialana	MX	1042	16.8429	-96.7788
3803261	Libertad	Libertad	MX	1042	17.4096	-92.7144
3824733	La Sombra	La Sombra	MX	1042	19.7497	-96.7134
3994545	Obrajuelo	Obrajuelo	MX	1042	20.1076	-100.8500
4019623	Agua Caliente	Agua Caliente	MX	1042	20.0656	-101.7347
4026783	Cabecera de Indígenas	Cabecera de Indigenas	MX	1042	19.3721	-100.1367
8859831	Santa Ana Chapitiro	Santa Ana Chapitiro	MX	1042	19.5261	-101.6525
8859832	Loma Chapultepec	Loma Chapultepec	MX	1042	18.1197	-96.8392
8859833	Campo de Águila	Campo de Aguila	MX	1042	18.0675	-94.9861
8859834	Buenos Aires (San Isidro)	Buenos Aires (San Isidro)	MX	1042	20.8403	-97.6014
3702448	Pueblo Viejo	Pueblo Viejo	PA	1042	8.2508	-81.6626
3613906	Cedros	Cedros	HN	1041	14.6000	-87.1167
3514331	Santiago Yancuictlalpan	Santiago Yancuictlalpan	MX	1041	20.0609	-97.4722
3515273	Tonalapa del Sur	Tonalapa del Sur	MX	1041	18.0972	-99.5597
3516111	Texin	Texin	MX	1041	19.3660	-97.0049
3519924	San Andrés Ixtlahuaca	San Andres Ixtlahuaca	MX	1041	17.0711	-96.8264
3800608	San Francisco Loxicha	San Francisco Loxicha	MX	1041	15.9066	-96.6129
3822700	San Angel	San Angel	MX	1041	21.2354	-87.4316
3823830	Rincón de Buena Vista	Rincon de Buena Vista	MX	1041	18.7556	-96.8686
8859835	Jarillas	Jarillas	MX	1041	22.2961	-102.0633
8859836	Centro de Readaptación Social	Centro de Readaptacion Social	MX	1041	18.8381	-96.9394
3589640	San Pédro Jocopilas	San Pedro Jocopilas	GT	1040	15.0953	-91.1513
3600906	Tepanguare	Tepanguare	HN	1040	14.3333	-87.7500
3605491	Los Llanitos	Los Llanitos	HN	1040	13.2869	-87.3344
3522335	Omitlán de Juárez	Omitlan de Juarez	MX	1040	20.1694	-98.6487
3522476	Ocotal Chico	Ocotal Chico	MX	1040	18.2571	-94.8600
3533156	Lomas de Ahuatepec	Lomas de Ahuatepec	MX	1040	18.9714	-99.1897
3814233	San José Ocotillos	San Jose Ocotillos	MX	1040	20.2076	-98.6142
3821030	Altamira de Zináparo	Altamira de Zinaparo	MX	1040	18.5812	-90.2555
4005209	La Guásima	La Guasima	MX	1040	22.4058	-105.3880
4023203	Mineral de la Luz	Mineral de la Luz	MX	1040	21.0641	-101.3379
4024216	Don Diego	Don Diego	MX	1040	20.6980	-100.9021
8859837	Manzana la Cofradía	Manzana la Cofradia	MX	1040	19.5494	-100.3558
8859838	Santiago Chilixtlahuaca	Santiago Chilixtlahuaca	MX	1040	17.9061	-97.8953
8859839	Texocoyohuac	Texocoyohuac	MX	1040	19.7778	-97.5903
8695460	San Juan	San Juan	BZ	1039	16.5623	-88.5153
3611995	El Corozal	El Corozal	HN	1039	15.0667	-88.6167
3515803	San Martín Tequesquipan (Tequesquipan)	San Martin Tequesquipan (Tequesquipan)	MX	1039	19.0581	-99.9467
3521744	Pavencul	Pavencul	MX	1039	15.2025	-92.1799
3817511	San José del Progreso	San Jose del Progreso	MX	1039	18.9344	-99.7923
3822084	El Tejocote	El Tejocote	MX	1039	17.3290	-98.6587
3972492	Colonia Felipe Ángeles	Colonia Felipe Angeles	MX	1039	22.5459	-102.7931
4024924	Cerro Colorado	Cerro Colorado	MX	1039	20.4012	-101.3236
8859840	Llano de las Flores (Barrio del Hueso)	Llano de las Flores (Barrio del Hueso)	MX	1039	19.4358	-99.3225
4705494	Lasara	Lasara	US	1039	26.4648	-97.9111
3611069	El Ocotón	El Ocoton	HN	1038	15.0333	-88.8833
3518874	San José de las Flores	San Jose de las Flores	MX	1038	17.3500	-95.3991
3823502	Excola	Excola	MX	1038	19.1391	-97.1218
3983023	Siqueros	Siqueros	MX	1038	23.3412	-106.2407
3994777	Santa Cruz	Santa Cruz	MX	1038	31.2335	-110.5962
4001011	La Palma	La Palma	MX	1038	25.3828	-108.1591
4025179	Cuparátaro	Cuparataro	MX	1038	19.8508	-101.0881
4028646	Llano del Tigre	Llano del Tigre	MX	1038	22.1275	-105.3050
8725858	La Unión Paso Largo	La Union Paso Largo	MX	1038	20.1427	-96.9992
8859841	Colonia el Mirador (Llano del Ejido)	Colonia el Mirador (Llano del Ejido)	MX	1038	19.6758	-100.5536
3800601	Quelové	Quelove	MX	1037	15.9827	-96.6789
3825232	San Lorenzo Tenochtitlán	San Lorenzo Tenochtitlan	MX	1037	17.7550	-94.7603
4020474	San José de Gracia	San Jose de Gracia	MX	1037	22.4811	-105.3779
4023073	La Sabana	La Sabana	MX	1037	21.1992	-100.6919
8859843	San José Boxay	San Jose Boxay	MX	1037	20.2624	-99.1008
4695672	Hackberry	Hackberry	US	1037	33.1523	-96.9178
4742527	Windemere	Windemere	US	1037	30.4589	-97.6607
3518269	San Miguel el Grande	San Miguel el Grande	MX	1036	17.0464	-97.6213
3813947	El Rincón	El Rincon	MX	1036	20.2735	-98.9050
3976887	El Carricito	El Carricito	MX	1036	25.9752	-108.9323
3986909	San Gregorio	San Gregorio	MX	1036	20.5454	-101.6289
8859844	Mariscal Subikuski	Mariscal Subikuski	MX	1036	17.3325	-92.3808
4690057	Falcon Lake Estates	Falcon Lake Estates	US	1036	26.8728	-99.2553
3800795	Camotinchan	Camotinchan	MX	1035	16.5587	-98.1243
4003756	Colonia Juárez	Colonia Juarez	MX	1035	30.3087	-108.0759
8859845	Lodo Grande	Lodo Grande	MX	1035	17.6097	-99.2119
8859846	Pintillo	Pintillo	MX	1035	20.7967	-100.4169
8859847	Jesús Tepactepec	Jesus Tepactepec	MX	1035	19.2292	-98.3142
3527362	Guadalupe Grijalva	Guadalupe Grijalva	MX	1034	15.6990	-92.1641
3800513	San Marcos Zacatepec	San Marcos Zacatepec	MX	1034	16.1434	-97.3572
3816517	Lomantán	Lomantan	MX	1034	16.4400	-92.0644
3824091	Las Lomas de Tacamichapan	Las Lomas de Tacamichapan	MX	1034	17.8661	-94.7083
3993496	Pánuco	Panuco	MX	1034	22.8761	-102.5408
8859848	Fraccionamiento la Mezquitera	Fraccionamiento la Mezquitera	MX	1034	21.0097	-101.8347
8859849	Zacamulpa	Zacamulpa	MX	1034	20.0058	-99.2569
8859850	Cuartel la Mesa (El Asoleadero)	Cuartel la Mesa (El Asoleadero)	MX	1034	19.5697	-100.2869
4726982	Santa Anna	Santa Anna	US	1034	31.7421	-99.3217
3602436	San Antonio de la Cuesta	San Antonio de la Cuesta	HN	1033	14.6430	-87.6023
3614381	Callejones	Callejones	HN	1033	15.1667	-88.6500
3527189	Guixé	Guixe	MX	1033	16.4699	-96.7027
4016960	Bocas	Bocas	MX	1033	22.5182	-101.0219
4023985	San Felipe Quiriceo	San Felipe Quiriceo	MX	1033	20.4434	-101.2888
4025424	San Juan de Viña	San Juan de Vina	MX	1033	19.3441	-101.4786
8859851	Oxinam	Oxinam	MX	1033	16.8631	-92.5492
8859852	La Cañada	La Canada	MX	1033	17.0700	-96.7781
11096541	Francisco Villa	Francisco Villa	MX	1033	18.8445	-97.7634
3515868	Barrio Tepetitlán Emilio Portes Gil	Barrio Tepetitlan Emilio Portes Gil	MX	1032	19.6531	-99.8867
3525318	Nueva Morelia	Nueva Morelia	MX	1032	15.6178	-92.1452
3531604	Capula	Capula	MX	1032	18.8702	-99.9608
3813666	Álvaro Obregón	Alvaro Obregon	MX	1032	20.7066	-99.3732
3817486	El Carmen (El Desierto del Carmen)	El Carmen (El Desierto del Carmen)	MX	1032	18.9203	-99.5567
4003001	La Ciénega	La Cienega	MX	1032	19.8370	-104.1391
4016122	California	California	MX	1032	25.7605	-103.3768
4017796	Bachigualatito	Bachigualatito	MX	1032	24.7132	-107.4699
8859853	El Recodo de San José Axalco	El Recodo de San Jose Axalco	MX	1032	19.2028	-98.9028
8859854	Puentecillas (Tercera Manzana de Zirahuato)	Puentecillas (Tercera Manzana de Zirahuato)	MX	1032	19.5050	-100.4050
8859855	Calpanería Atezquilla	Calpaneria Atezquilla	MX	1032	19.6556	-97.9953
8859856	Arroyo San Isidro	Arroyo San Isidro	MX	1032	18.4867	-95.4133
3713490	Caimito	Caimito	PA	1032	8.6245	-80.2385
4693389	Geronimo	Geronimo	US	1032	29.6630	-97.9669
3601402	Savannah Bight	Savannah Bight	HN	1031	16.4846	-85.8447
3524929	Las Barrillas	Las Barrillas	MX	1031	18.1851	-94.5954
3813774	Hualula	Hualula	MX	1031	20.7087	-98.8362
3816933	La Esperanza	La Esperanza	MX	1031	15.4508	-93.1628
4021051	Crucero las Pilas	Crucero las Pilas	MX	1031	21.8276	-102.7600
8859857	La Esperanza (El Zapotal)	La Esperanza (El Zapotal)	MX	1031	15.4492	-93.1642
8859858	Pueblo Madero (El Playón)	Pueblo Madero (El Playon)	MX	1031	17.1261	-99.6725
8859859	Barrio de San Ramón	Barrio de San Ramon	MX	1031	19.3736	-99.3311
3614011	Casa Quemada	Casa Quemada	HN	1030	15.2667	-88.5500
3517957	Teutila	Teutila	MX	1030	17.9777	-96.7060
3518515	Tejaluca	Tejaluca	MX	1030	18.6368	-98.2505
3519109	San Isidro Apango	San Isidro Apango	MX	1030	15.8095	-96.3586
4008150	El Rayo	El Rayo	MX	1030	25.5209	-103.6082
8859860	Santa Fe de la Purísima	Santa Fe de la Purisima	MX	1030	20.4956	-100.8928
3615582	Agalteca	Agalteca	HN	1029	14.4500	-87.2667
3515446	Tlalcozotitlán	Tlalcozotitlan	MX	1029	17.8833	-99.1304
3522303	Orizabita	Orizabita	MX	1029	20.5829	-99.2082
3532910	Amatlán de Quetzalcóatl	Amatlan de Quetzalcoatl	MX	1029	18.9791	-99.0362
4011420	Ejido Tabasco	Ejido Tabasco	MX	1029	32.5619	-114.9261
4025181	Felipe Carrillo Puerto	Felipe Carrillo Puerto	MX	1029	19.8971	-101.0379
4025374	Los Cajones	Los Cajones	MX	1029	19.2094	-101.9134
8859861	El Tigre (Segunda Manzana de Crescencio Morales)	El Tigre (Segunda Manzana de Crescencio Morales)	MX	1029	19.4736	-100.2442
8859862	Tetelcingo	Tetelcingo	MX	1029	18.2392	-98.0267
8859863	18 de Marzo	18 de Marzo	MX	1029	18.9689	-98.1603
3813423	Acatepec	Acatepec	MX	1028	20.9533	-98.2737
3817921	Conejeras	Conejeras	MX	1028	20.0127	-99.9620
3823225	Guadalupe Victoria	Guadalupe Victoria	MX	1028	19.5417	-97.2781
3982045	Tengüecho	Tengueecho	MX	1028	19.8380	-102.3434
4004706	Huajimic	Huajimic	MX	1028	21.6833	-104.3162
8859864	Ejido la Guayana (Rancho Seco)	Ejido la Guayana (Rancho Seco)	MX	1028	21.9803	-102.2731
8859865	Pueblo Benito García	Pueblo Benito Garcia	MX	1028	30.5158	-115.9328
8859866	Santa Rosa Caxtlahuaca	Santa Rosa Caxtlahuaca	MX	1028	17.3031	-98.0169
8859867	Buenavista	Buenavista	MX	1028	19.2577	-97.0753
3518620	San Juan Tejaluca	San Juan Tejaluca	MX	1027	18.8992	-98.4047
3813988	Bangandhó	Bangandho	MX	1027	20.4843	-99.1492
4024906	San Juan Grande	San Juan Grande	MX	1027	20.3763	-101.5272
8859868	Apantla	Apantla	MX	1027	17.0397	-99.1694
8859869	Barrio de Puentecillas	Barrio de Puentecillas	MX	1027	19.5356	-99.9846
8859870	Colonia San Luis	Colonia San Luis	MX	1027	16.3800	-95.2411
8859871	Loma Bonita	Loma Bonita	MX	1027	18.5133	-96.8678
4719781	Plum Grove	Plum Grove	US	1027	32.1957	-96.9895
3602337	San Fernando	San Fernando	HN	1026	14.6833	-89.1167
3611842	El Escaño de Tepale	El Escano de Tepale	HN	1026	14.7500	-87.0667
3533153	Ahuatlán	Ahuatlan	MX	1026	18.5728	-98.2569
3818574	Jaltocan	Jaltocan	MX	1026	20.6197	-97.8179
3992512	Piñícuaro	Pinicuaro	MX	1026	20.0475	-101.2408
4021334	Santa María de la Paz	Santa Maria de la Paz	MX	1026	22.3879	-102.2570
4026670	Rincón de los Pirules	Rincon de los Pirules	MX	1026	19.7393	-100.0302
8859872	Corralejo de Arriba	Corralejo de Arriba	MX	1026	20.8967	-100.6544
8859873	Tonalapa	Tonalapa	MX	1026	17.4906	-99.2419
8859874	La Mintzita (Piedra Dura)	La Mintzita (Piedra Dura)	MX	1026	19.6519	-101.2775
8859875	Nenehuaca	Nenehuaca	MX	1026	19.1439	-97.0422
3712481	Chichica	Chichica	PA	1026	8.3645	-81.6672
3610082	El Tránsito	El Transito	HN	1025	14.3833	-88.9167
3815302	San Francisco Cuexcontzi	San Francisco Cuexcontzi	MX	1025	19.3202	-97.7109
3989549	Rancho Nuevo de la Luz	Rancho Nuevo de la Luz	MX	1025	20.9639	-101.6452
3995897	Milpillas	Milpillas	MX	1025	27.2046	-108.6449
8859876	Aguas Buenas	Aguas Buenas	MX	1025	20.9703	-101.3725
8859877	Colonia Nueva Revolución	Colonia Nueva Revolucion	MX	1025	16.8983	-99.8058
8859878	El Dorado	El Dorado	MX	1025	17.8832	-93.3679
3701264	Santa Ana Arriba	Santa Ana Arriba	PA	1025	7.9346	-80.3638
3701371	San Lorenzo	San Lorenzo	PA	1025	8.3094	-82.1026
4014645	Chacala	Chacala	MX	1024	19.3270	-104.2833
4018368	Aquiles Serdán	Aquiles Serdan	MX	1024	21.3820	-104.8887
8859879	El Moreno (San Miguel Moreno)	El Moreno (San Miguel Moreno)	MX	1024	20.3014	-99.1736
3617833	Nuevo Renacer	Nuevo Renacer	NI	1024	12.4820	-86.4780
3821561	Tequicuilco	Tequicuilco	MX	1023	18.1039	-99.1981
3972031	Cicacalco	Cicacalco	MX	1023	21.7159	-103.3132
4010259	El Colorado	El Colorado	MX	1023	20.7700	-105.1558
4019381	Agua Gorda	Agua Gorda	MX	1023	22.1069	-101.9219
4025048	San Antonio Molinos	San Antonio Molinos	MX	1023	20.0766	-100.2141
8859880	Derramadero Segundo (Infiernillo)	Derramadero Segundo (Infiernillo)	MX	1023	21.0975	-100.5142
8859881	Las Primaveras [Invernadero]	Las Primaveras [Invernadero]	MX	1023	19.6947	-103.8333
3514145	Xacaxomulco	Xacaxomulco	MX	1022	19.1887	-97.1470
3516135	San Marcos Tecomaxusco	San Marcos Tecomaxusco	MX	1022	18.9815	-98.7604
3801535	El Zarzal	El Zarzal	MX	1022	17.0134	-95.0373
3802771	Veinte de Noviembre	Veinte de Noviembre	MX	1022	17.8467	-92.5893
3815336	Colonia Cuauhtémoc	Colonia Cuauhtemoc	MX	1022	19.3318	-97.9649
3815914	Alfonso Moguel	Alfonso Moguel	MX	1022	16.6675	-93.5064
3984772	San Simón de Guerrero	San Simon de Guerrero	MX	1022	19.0228	-100.0065
8859882	Miguel Negrete	Miguel Negrete	MX	1022	18.9522	-97.8292
3604911	Mateo	Mateo	HN	1021	14.0773	-87.3169
3972455	Cerrito de la Cruz	Cerrito de la Cruz	MX	1021	22.6569	-102.2722
3984820	El Salvador	El Salvador	MX	1021	24.5206	-100.8674
4013702	El Siviral	El Siviral	MX	1021	27.1008	-109.5034
8859883	Camémbaro	Camembaro	MX	1021	19.4272	-100.3989
8859884	San Clemente de Lima	San Clemente de Lima	MX	1021	20.7372	-105.2708
8859885	El Siviral (Jigica)	El Siviral (Jigica)	MX	1021	27.1022	-109.5008
8859886	José Colomo	Jose Colomo	MX	1021	17.9469	-92.4666
3516644	Sinaloa	Sinaloa	MX	1020	15.8926	-92.1290
3983681	Santiago	Santiago	MX	1020	22.1180	-102.3371
3986512	San Joaquín Zorrillos	San Joaquin Zorrillos	MX	1020	20.6212	-103.0174
4029416	Las Lajitas	Las Lajitas	MX	1020	20.8039	-100.4014
8859887	Colonia Rafael Corrales Ayala	Colonia Rafael Corrales Ayala	MX	1020	20.9019	-101.5161
8859888	Doxteje Barrio Primero	Doxteje Barrio Primero	MX	1020	19.9597	-99.9586
8859889	Las Pintas	Las Pintas	MX	1020	19.8967	-98.8869
8859890	Villa Tejúpam de la Unión	Villa Tejupam de la Union	MX	1020	17.6625	-97.4708
8859891	Paso Blanco	Paso Blanco	MX	1020	22.2061	-101.0706
5529397	Robert Lee	Robert Lee	US	1020	31.8924	-100.4848
3522532	Nuevo Pacayal	Nuevo Pacayal	MX	1019	15.6601	-92.3154
3527450	General Treviño	General Trevino	MX	1019	26.2231	-99.4847
3530490	Cocoyol	Cocoyol	MX	1019	18.1645	-88.6908
3801041	San Andrés Dinicuiti	San Andres Dinicuiti	MX	1019	17.6881	-97.7266
3801536	Paso Real de Sarabia	Paso Real de Sarabia	MX	1019	17.0739	-95.0467
3814990	San Lorenzo Sóltepec	San Lorenzo Soltepec	MX	1019	19.6042	-98.3136
3821482	Michapa	Michapa	MX	1019	18.7015	-99.4807
3825183	Vista Hermosa	Vista Hermosa	MX	1019	17.9236	-95.0608
3979712	Ignacio Zaragoza	Ignacio Zaragoza	MX	1019	25.1363	-103.3839
3997283	Los Pocitos	Los Pocitos	MX	1019	20.5377	-103.9379
4002038	Lagunitas	Lagunitas	MX	1019	32.3197	-114.8955
8859892	Jalmolonga (La Hacienda)	Jalmolonga (La Hacienda)	MX	1019	18.9184	-99.4941
8859893	Cuto de la Esperanza	Cuto de la Esperanza	MX	1019	19.7308	-101.3403
8859894	El Capulo (La Quebradora)	El Capulo (La Quebradora)	MX	1019	18.9494	-98.2689
8859895	San Andrés Yahuitlalpan	San Andres Yahuitlalpan	MX	1019	19.6733	-97.7269
3712320	Barrio Guadalupe	Barrio Guadalupe	PA	1019	8.8696	-82.5623
4722757	Riesel	Riesel	US	1019	31.4749	-96.9233
7315185	Six Shooter Canyon	Six Shooter Canyon	US	1019	33.3668	-110.7746
3613547	Chivana	Chivana	HN	1018	15.7500	-87.9833
3515191	Totomixtlahuaca	Totomixtlahuaca	MX	1018	17.1577	-98.8015
3520288	Rincón Moreno	Rincon Moreno	MX	1018	16.2290	-95.3139
3526734	Ixcapantla	Ixcapantla	MX	1018	19.0253	-96.9703
3818717	Las Lajas	Las Lajas	MX	1018	19.9983	-98.0733
3985617	San Luis de Letras	San Luis de Letras	MX	1018	22.1371	-102.2956
8859896	Colonia Alborada	Colonia Alborada	MX	1018	16.8815	-99.8178
8859897	La Concordia	La Concordia	MX	1018	16.9058	-98.9758
3612734	El Agua Dulcita	El Agua Dulcita	HN	1017	14.7000	-87.7500
3813689	Francisco I. Madero	Francisco I. Madero	MX	1017	20.7296	-99.3156
3825816	San Martín Florida	San Martin Florida	MX	1017	20.7565	-99.8248
3827240	San Antonio del Puente	San Antonio del Puente	MX	1017	19.4183	-99.6173
3993402	Paredes	Paredes	MX	1017	22.1499	-102.4829
4003787	Juan Escutia (Borbollón)	Juan Escutia (Borbollon)	MX	1017	21.1674	-104.8670
4013075	Compuertas	Compuertas	MX	1017	25.7464	-103.3029
8859898	Ejido Miraflores	Ejido Miraflores	MX	1017	19.5700	-99.3975
3711059	El Coco	El Coco	PA	1017	8.3959	-80.3545
3610365	El Rusio	El Rusio	HN	1016	14.4667	-86.3667
3518823	San José Tlacuitlapan	San Jose Tlacuitlapan	MX	1016	18.7076	-97.6254
3523444	Matlahuacales Aquiles Serdán	Matlahuacales Aquiles Serdan	MX	1016	19.7620	-98.0537
3529855	Dantzibojay	Dantzibojay	MX	1016	20.4371	-99.5871
3529976	Cuautotola	Cuautotola	MX	1016	20.0684	-97.7981
3801186	Santa Cruz de Juárez	Santa Cruz de Juarez	MX	1016	18.1504	-96.8354
3816752	San Luqueño	San Luqueno	MX	1016	16.0128	-93.8458
3973903	Palmar Primero	Palmar Primero	MX	1016	22.3708	-101.0983
4023830	San Nicolás de la Condesa	San Nicolas de la Condesa	MX	1016	20.2336	-100.7818
4024776	Los Desmontes	Los Desmontes	MX	1016	19.9569	-100.7397
4026711	Guadalupe Buenavista	Guadalupe Buenavista	MX	1016	19.6119	-100.1272
8859899	Fraccionamiento Carlos Salinas de Gortari	Fraccionamiento Carlos Salinas de Gortari	MX	1016	20.1103	-98.4303
8859900	San José Mezapa Sección I	San Jose Mezapa Seccion I	MX	1016	19.1631	-99.4550
3622022	Sabanilla	Sabanilla	CR	1015	10.0740	-84.2155
3515458	Tlahuelompa (San Francisco Tlahuelompa)	Tlahuelompa (San Francisco Tlahuelompa)	MX	1015	20.6508	-98.5752
3518192	San Nicolás	San Nicolas	MX	1015	21.6774	-98.7778
3524367	Héroes de Chapultepec	Heroes de Chapultepec	MX	1015	16.0692	-92.2862
3826977	Cuadrilla Vieja	Cuadrilla Vieja	MX	1015	19.5120	-99.9869
3827504	La Cruz y Carrizal	La Cruz y Carrizal	MX	1015	19.8302	-99.4217
3980714	Vado de San Pedro	Vado de San Pedro	MX	1015	21.9472	-105.1800
4010066	El Cuije	El Cuije	MX	1015	25.6959	-103.3415
4014799	Cerritos	Cerritos	MX	1015	20.8850	-100.5991
4018287	El Arenal	El Arenal	MX	1015	24.0603	-104.4313
4022968	Los Remedios	Los Remedios	MX	1015	21.1852	-100.1994
8859901	Colonia la Calzada (La Olla)	Colonia la Calzada (La Olla)	MX	1015	20.5028	-100.9589
8859902	La Junta	La Junta	MX	1015	17.8278	-97.7456
9278974	San Rafael Tecario	San Rafael Tecario	MX	1015	19.2116	-101.5062
3613285	Concepción de la Barranca	Concepcion de la Barranca	HN	1014	15.1667	-88.7167
3613371	Cololaca	Cololaca	HN	1014	14.3000	-88.8833
3514840	Vega del Rosario	Vega del Rosario	MX	1014	15.5208	-92.3072
3522107	Palmas de Abajo	Palmas de Abajo	MX	1014	19.5903	-96.4360
3801223	La Junta	La Junta	MX	1014	18.4911	-96.6559
3822055	Coachimalco	Coachimalco	MX	1014	17.6252	-98.6812
3823262	Tronconal	Tronconal	MX	1014	19.5647	-96.8627
3986078	Xoconoxtle el Grande	Xoconoxtle el Grande	MX	1014	20.9389	-100.9810
3986886	Doctor Miguel Silva (San Guillermo)	Doctor Miguel Silva (San Guillermo)	MX	1014	19.9658	-101.1742
4023644	Chirimoya (Estación Chirimoya)	Chirimoya (Estacion Chirimoya)	MX	1014	21.5928	-101.0914
4024498	Silva	Silva	MX	1014	20.9460	-101.8570
8859903	Unión Agropecuarios Lázaro Cárdenas del Norte	Union Agropecuarios Lazaro Cardenas del Norte	MX	1014	25.8322	-100.3842
3800392	Rancho Viejo	Rancho Viejo	MX	1013	16.3397	-97.9640
3801415	Teococuilco de Marcos Pérez	Teococuilco de Marcos Perez	MX	1013	17.3521	-96.6150
4010858	La Purísima	La Purisima	MX	1013	20.7012	-103.0320
4014893	Cedros	Cedros	MX	1013	24.6785	-101.7724
8859904	Pueblo Nuevo	Pueblo Nuevo	MX	1013	19.1408	-99.4264
8859905	Candelaria Portezuelo	Candelaria Portezuelo	MX	1013	19.0419	-97.7008
3705710	Llano Largo	Llano Largo	PA	1013	7.9086	-80.4240
3588554	Tamahú	Tamahu	GT	1012	15.3089	-90.2360
3812188	Texíguat	Texiguat	HN	1012	13.6497	-87.0225
3513986	Zoquiopan	Zoquiopan	MX	1012	20.0090	-97.5961
3815198	San Lorenzo Xaltelulco	San Lorenzo Xaltelulco	MX	1012	19.3407	-98.1059
4024339	San Ignacio de Rivera (Ojo de Agua)	San Ignacio de Rivera (Ojo de Agua)	MX	1012	20.5593	-101.4613
8859906	Unión Juárez	Union Juarez	MX	1012	17.2808	-92.3997
8859907	Colonia Palo Prieto (Chipitongo)	Colonia Palo Prieto (Chipitongo)	MX	1012	18.7042	-99.1128
8859908	Peña Colorada	Pena Colorada	MX	1012	17.4778	-97.7942
8859909	Tetlatzinga	Tetlatzinga	MX	1012	18.6947	-97.1844
3706459	Las Lajas	Las Lajas	PA	1012	8.2452	-81.8701
3715111	Agua Buena	Agua Buena	PA	1012	7.8368	-80.3996
3518409	San Martín Ojo de Agua	San Martin Ojo de Agua	MX	1011	19.0125	-97.3920
3523033	Montecillos	Montecillos	MX	1011	16.3902	-98.4970
4024536	El Escoplo	El Escoplo	MX	1011	20.9101	-101.5109
8859910	Rinconadas de San Francisco	Rinconadas de San Francisco	MX	1011	20.0661	-98.7681
3582987	Tenancingo	Tenancingo	SV	1011	13.8333	-88.9833
3526587	San Leoncio Jamaya	San Leoncio Jamaya	MX	1010	20.3127	-97.5790
3813844	Barrio Aztlán	Barrio Aztlan	MX	1010	20.4656	-98.0855
3817367	Huitzoltepec	Huitzoltepec	MX	1010	18.7674	-99.8001
3822871	Zacalaca	Zacalaca	MX	1010	20.0624	-88.5961
3972274	Paso de Méndez	Paso de Mendez	MX	1010	22.5161	-102.4683
3980120	Villa Victoria	Villa Victoria	MX	1010	18.7583	-103.3685
4024241	San José de las Pilas	San Jose de las Pilas	MX	1010	20.6525	-101.0453
4024656	Don Francisco	Don Francisco	MX	1010	20.9037	-100.9194
8859911	Nuevo Carmen Tonapac	Nuevo Carmen Tonapac	MX	1010	16.6967	-92.9556
8859913	Las Plazuelas	Las Plazuelas	MX	1010	16.8742	-99.7856
8859914	El Progreso Hidalgo	El Progreso Hidalgo	MX	1010	18.8464	-99.6142
8859915	Las Torres de Guadalupe	Las Torres de Guadalupe	MX	1010	25.8061	-100.6225
8859916	San Miguel Tlamahuco	San Miguel Tlamahuco	MX	1010	19.3242	-98.2397
8859917	El Huidero	El Huidero	MX	1010	18.3875	-95.1792
3514473	Xoampolco	Xoampolco	MX	1009	19.7605	-97.2297
3517355	Margarita Huitepec	Margarita Huitepec	MX	1009	16.9388	-95.6692
3518374	San Mateo Nejápam	San Mateo Nejapam	MX	1009	17.6557	-98.4171
3520059	Salinas	Salinas	MX	1009	18.8902	-95.9430
3527526	San Gabriel Azteca	San Gabriel Azteca	MX	1009	19.8802	-98.6153
3533502	Abejones	Abejones	MX	1009	17.4369	-96.6091
3997369	Los Otates	Los Otates	MX	1009	21.7034	-105.3763
4024663	La Cruz del Palmar	La Cruz del Palmar	MX	1009	20.9684	-100.8442
8580999	Ejido Doctor Alberto Oviedo Mota (El Indiviso)	Ejido Doctor Alberto Oviedo Mota (El Indiviso)	MX	1009	32.0244	-114.9836
8859918	San José Barbabosa	San Jose Barbabosa	MX	1009	19.2758	-99.7200
8859919	Rancho Grande	Rancho Grande	MX	1009	18.3539	-96.3494
8859920	Caobanal 1ra. Sección (Mezcalapa)	Caobanal 1ra. Seccion (Mezcalapa)	MX	1009	17.6486	-93.3946
3526940	El Huexco	El Huexco	MX	1008	21.3407	-98.7535
3530090	Nuevo Crucitas	Nuevo Crucitas	MX	1008	22.1083	-99.2044
3973653	Sánchez	Sanchez	MX	1008	21.7871	-100.6962
3983037	Sinahuisa	Sinahuisa	MX	1008	26.9116	-109.4377
8859921	Rancho de Guadalupe	Rancho de Guadalupe	MX	1008	21.2164	-101.0100
8859922	Estación Corralejo	Estacion Corralejo	MX	1008	20.4700	-101.6164
8859923	Melchor Ocampo	Melchor Ocampo	MX	1008	17.3590	-98.4475
8859924	Tlacpac	Tlacpac	MX	1008	20.1489	-98.2169
8859925	Colonia el Florido	Colonia el Florido	MX	1008	18.7383	-99.3672
8859926	Tlamaya Grande	Tlamaya Grande	MX	1008	20.1469	-97.8031
8859927	Loma del Refugio	Loma del Refugio	MX	1008	27.1219	-109.4592
8859928	Unidos Avanzamos	Unidos Avanzamos	MX	1008	22.4339	-97.9717
3519479	San Dionisio Ocotlán	San Dionisio Ocotlan	MX	1007	16.7465	-96.6800
3820795	La Joya	La Joya	MX	1007	19.4803	-90.6733
3972265	Piedra Gorda	Piedra Gorda	MX	1007	22.5089	-102.3316
3993238	Pastora	Pastora	MX	1007	22.1360	-100.0569
8859929	El Progreso	El Progreso	MX	1007	16.3028	-91.9267
8859930	Moyotepec (Moyotepec de Juárez)	Moyotepec (Moyotepec de Juarez)	MX	1007	17.3317	-98.6856
8859931	Tlaminca	Tlaminca	MX	1007	19.1357	-99.4400
3515182	Tozihuic	Tozihuic	MX	1006	19.2514	-97.0970
3516309	Tankuché	Tankuche	MX	1006	20.5076	-90.2427
3516967	Santiago Atzitzihuacán	Santiago Atzitzihuacan	MX	1006	18.8247	-98.5817
3517641	Santa Cecilia Jalieza	Santa Cecilia Jalieza	MX	1006	16.8837	-96.6154
3970762	Antonio Rosales	Antonio Rosales	MX	1006	28.0767	-110.6117
4026574	Casas Viejas	Casas Viejas	MX	1006	19.1517	-100.1078
4026759	El Potrero de San Diego	El Potrero de San Diego	MX	1006	19.4890	-100.0821
8859932	Cenobio Aguilar (La Trinidad)	Cenobio Aguilar (La Trinidad)	MX	1006	17.4047	-92.3194
5377032	Niland	Niland	US	1006	33.2400	-115.5189
3816583	Nueva Libertad	Nueva Libertad	MX	1005	16.0904	-92.8081
8859933	Cruz Verde	Cruz Verde	MX	1005	19.1375	-97.1086
3515389	San Pedro Tlaolantongo	San Pedro Tlaolantongo	MX	1004	20.2312	-97.8021
3516406	Tamápatz	Tamapatz	MX	1004	21.5665	-99.0776
3520310	Rincón de Guadalupe	Rincon de Guadalupe	MX	1004	19.2740	-99.9965
3525379	La Misión	La Mision	MX	1004	23.8032	-99.1711
3525675	Laguna de Farfán	Laguna de Farfan	MX	1004	19.8028	-96.6430
3531065	Chavarría	Chavarria	MX	1004	18.7248	-99.4670
3814118	Xiteje de Zapata	Xiteje de Zapata	MX	1004	20.0994	-99.3809
3816158	Tzontehuitz	Tzontehuitz	MX	1004	16.8331	-92.5797
3823040	Presidente Juárez	Presidente Juarez	MX	1004	19.3284	-88.5616
3988468	San Antonio de Romerillo	San Antonio de Romerillo	MX	1004	20.6072	-100.9482
8725893	La Isla de Chapachapa	La Isla de Chapachapa	MX	1004	20.1219	-96.8821
8859934	Joltealal	Joltealal	MX	1004	17.0768	-92.6216
8859935	Rancho Nuevo del Llanito	Rancho Nuevo del Llanito	MX	1004	20.8236	-101.3686
8859936	Oriental de Zapata	Oriental de Zapata	MX	1004	19.9853	-99.0317
8859937	Colonia San Francisco	Colonia San Francisco	MX	1004	18.8961	-98.9036
8859938	Ignacio Zaragoza	Ignacio Zaragoza	MX	1004	19.2789	-97.1994
10181567	Unión de Azuero	Union de Azuero	PA	1004	9.1577	-79.1678
3591517	Patzité	Patzite	GT	1003	14.9643	-91.2079
3800724	San Vicente Piñas	San Vicente Pinas	MX	1003	16.7853	-98.0604
3981734	Tetitlán	Tetitlan	MX	1003	21.1278	-104.6161
3984086	Santa María de Enmedio	Santa Maria de Enmedio	MX	1003	21.4194	-102.2223
3984591	Santa Catarina	Santa Catarina	MX	1003	19.2893	-102.3922
4012508	Cruz Blanca	Cruz Blanca	MX	1003	25.6705	-108.3744
4014787	Cerro Agudo	Cerro Agudo	MX	1003	25.5973	-107.9629
4029436	Cerro de la Cruz	Cerro de la Cruz	MX	1003	20.8147	-100.5007
8859939	Nuevo Refugio de Afuera (Nuevo Refugio)	Nuevo Refugio de Afuera (Nuevo Refugio)	MX	1003	20.5489	-102.7072
8859940	Iratzio	Iratzio	MX	1003	19.6458	-101.4119
8859941	San Pedro Tlapacoyan	San Pedro Tlapacoyan	MX	1003	20.0581	-97.0983
3602428	San Antonio del Norte	San Antonio del Norte	HN	1002	13.8844	-87.7031
3514328	Santo Domingo Yanhuitlán	Santo Domingo Yanhuitlan	MX	1002	17.5286	-97.3426
3517803	San Sebastián Río Hondo	San Sebastian Rio Hondo	MX	1002	16.1838	-96.4654
3528437	El Portal	El Portal	MX	1002	15.6773	-92.0959
4028091	Cuyutlán	Cuyutlan	MX	1002	18.9192	-104.0697
8723656	La Guásima	La Guasima	MX	1002	20.5402	-97.2510
8859942	Nueva Ameyalco	Nueva Ameyalco	MX	1002	19.2979	-99.5048
8859943	Puerto de Chiquihuite	Puerto de Chiquihuite	MX	1002	20.7008	-99.8353
3608112	La Criba	La Criba	HN	1001	13.4536	-87.4133
3803125	Nicolás Bravo	Nicolas Bravo	MX	1001	17.7162	-92.6184
4024292	San Vicente de Flores	San Vicente de Flores	MX	1001	20.6222	-101.2537
8859944	El Bajío (La Laguna)	El Bajio (La Laguna)	MX	1001	21.3794	-101.9503
8859945	El Colorado	El Colorado	MX	1001	20.0964	-99.7628
11264118	Santiago Pojcol	Santiago Pojcol	MX	1001	16.9915	-91.9807
3531883	Santiago Cacaloxtepec	Santiago Cacaloxtepec	MX	991	17.7205	-97.7405
3710961	El Cristo	El Cristo	PA	989	8.2535	-80.6204
3701148	Santa Rita	Santa Rita	PA	987	8.8597	-79.8804
3523603	Colonia Manuel González	Colonia Manuel Gonzalez	MX	982	19.1150	-96.8594
3995165	Nácori Chico	Nacori Chico	MX	981	29.6874	-108.9797
3519909	San Andrés Timilpan	San Andres Timilpan	MX	978	19.8761	-99.7338
3523411	Mazatlán Villa de Flores	Mazatlan Villa de Flores	MX	976	18.0323	-96.9138
3980189	Villa de Guadalupe	Villa de Guadalupe	MX	971	23.3738	-100.7570
3762739	Santa María Temaxcalapa	Santa Maria Temaxcalapa	MX	968	17.3804	-96.1613
3701196	Santa Fe	Santa Fe	PA	968	8.5119	-81.0779
3701345	San Miguel	San Miguel	PA	967	8.4568	-78.9369
3705464	Los Canelos	Los Canelos	PA	965	8.1222	-80.7053
3523910	Los Reyes	Los Reyes	MX	963	18.6706	-97.0429
4004284	Ixtapan del Oro	Ixtapan del Oro	MX	963	19.2630	-100.2646
3519064	San Jerónimo Coatlán	San Jeronimo Coatlan	MX	961	16.2317	-96.8693
3516232	Tatatila	Tatatila	MX	960	19.6932	-97.1116
3518848	San José Estancia Grande	San Jose Estancia Grande	MX	960	16.3647	-98.2510
4005111	Guerrero	Guerrero	MX	959	28.3088	-100.3788
3515435	Tlalnelhuayocan	Tlalnelhuayocan	MX	957	19.5668	-96.9753
3984077	Santa María de los Ángeles	Santa Maria de los Angeles	MX	957	22.1736	-103.2246
3518899	San José Ayuquila	San Jose Ayuquila	MX	952	17.9421	-97.9686
3589865	San Lorenzo	San Lorenzo	GT	945	15.0309	-91.7353
3520889	Quintana Roo	Quintana Roo	MX	942	20.8688	-88.6311
4004716	Huachinera	Huachinera	MX	938	30.2102	-108.9586
3595631	Granados	Granados	GT	937	14.9165	-90.5229
4004662	Huásabas	Huasabas	MX	935	29.9083	-109.3010
3515086	Trinidad Zaachila	Trinidad Zaachila	MX	934	16.9213	-96.7645
3982750	Susticacán	Susticacan	MX	932	22.6111	-103.0991
3712809	Cermeño	Cermeno	PA	928	8.7424	-79.8437
3711073	El Cocal	El Cocal	PA	926	7.7385	-80.2789
3801626	Santa Inés Yatzeche	Santa Ines Yatzeche	MX	921	16.8059	-96.7567
3703497	Palmira Centro	Palmira Centro	PA	920	8.7416	-82.4505
3618635	La Conquista	La Conquista	NI	919	11.7343	-86.1928
3996682	Manuel Benavides	Manuel Benavides	MX	916	29.1072	-103.9064
3531143	Chapa de Mota	Chapa de Mota	MX	914	19.8141	-99.5262
3515192	Totoltepec de Guerrero	Totoltepec de Guerrero	MX	911	18.2256	-97.8551
3517733	Santa Ana Jilotzingo	Santa Ana Jilotzingo	MX	910	19.5412	-99.3948
3616700	San Lucas	San Lucas	NI	910	13.4138	-86.6111
3714543	Bágala	Bagala	PA	910	8.4671	-82.5269
3700609	Tinajas	Tinajas	PA	905	8.5592	-82.4622
3519059	San Jerónimo Silacayoapilla	San Jeronimo Silacayoapilla	MX	903	17.8105	-97.8448
3532772	Aquixtla	Aquixtla	MX	901	19.7958	-97.9355
3701889	Río Congo	Rio Congo	PA	898	8.9673	-79.7602
3703358	París	Paris	PA	894	8.0527	-80.5538
3983403	Sáric	Saric	MX	892	31.1031	-111.3793
3980160	Juárez	Juarez	MX	890	27.6075	-100.7266
3706347	Las Minas	Las Minas	PA	889	7.7995	-80.7457
3589468	Santa Bárbara	Santa Barbara	GT	888	15.3162	-91.6328
3700199	Veladero	Veladero	PA	885	8.2346	-81.6525
3707736	La Estrella	La Estrella	PA	885	8.5181	-82.6704
3801184	San Pedro Ocopetatillo	San Pedro Ocopetatillo	MX	884	18.1851	-96.9126
3519190	San Ildefonso Amatlán	San Ildefonso Amatlan	MX	883	16.3339	-96.4916
3702098	Querévalo	Querevalo	PA	882	8.3724	-82.5199
3519579	San Carlos Yautepec	San Carlos Yautepec	MX	880	16.4977	-96.1054
3708616	Horconcitos	Horconcitos	PA	877	8.3147	-82.1533
3714043	Boca de Cupe	Boca de Cupe	PA	877	8.0346	-77.5861
4672171	Bandera	Bandera	US	877	29.7266	-99.0737
3517652	Santa Catarina Tlaltempan	Santa Catarina Tlaltempan	MX	874	18.6154	-98.0808
3518734	San Juan Atzompa	San Juan Atzompa	MX	872	18.7450	-98.0245
3703876	Nombre de Dios	Nombre de Dios	PA	872	9.5815	-79.4685
3519259	San Francisco Ozolotepec	San Francisco Ozolotepec	MX	871	16.1003	-96.2207
3514238	Magdalena Yodocono de Porfirio Díaz	Magdalena Yodocono de Porfirio Diaz	MX	870	17.3851	-97.3552
3519056	San Jerónimo Tecóatl	San Jeronimo Tecoatl	MX	869	18.1667	-96.9125
5516487	Aspermont	Aspermont	US	868	33.1334	-100.2273
3801405	San Juan Petlapa	San Juan Petlapa	MX	867	17.4694	-96.0360
3523365	Méndez	Mendez	MX	864	25.1182	-98.5874
3987365	San Cristóbal de la Barranca	San Cristobal de la Barranca	MX	859	21.0445	-103.4289
4012992	Coneto de Comonfort	Coneto de Comonfort	MX	858	24.9790	-104.7693
3701527	San Carlos	San Carlos	PA	857	8.4734	-79.9565
3526995	Huatlatlauca	Huatlatlauca	MX	854	18.6815	-98.0504
3801747	Santiago Xanica	Santiago Xanica	MX	851	16.0099	-96.2243
3800745	Santiago Textitlán	Santiago Textitlan	MX	850	16.6924	-97.2593
5528921	Rankin	Rankin	US	844	31.2227	-101.9379
3590041	San José Chacayá	San Jose Chacaya	GT	839	14.7710	-91.2156
5530210	Sanderson	Sanderson	US	837	30.1424	-102.3940
3515867	Tepetitlán	Tepetitlan	MX	836	20.1869	-99.3807
3713489	Caimito	Caimito	PA	836	8.8156	-79.9466
3522238	Santo Domingo Ozolotepec	Santo Domingo Ozolotepec	MX	834	16.1501	-96.3098
4006133	Fronteras	Fronteras	MX	834	30.8973	-109.5597
3708974	Guacá Arriba	Guaca Arriba	PA	834	8.5395	-82.4941
3520902	Santa María Quiegolani	Santa Maria Quiegolani	MX	830	16.2774	-96.0519
3590814	Río Blanco	Rio Blanco	GT	829	15.0382	-91.6846
3701994	Remedios	Remedios	PA	829	8.2254	-81.8292
3713208	Cañaveral	Canaveral	PA	827	8.5167	-80.4304
3517955	San Pedro Tidaá	San Pedro Tidaa	MX	826	17.3405	-97.3771
3706584	Las Cruces	Las Cruces	PA	823	7.8272	-80.4297
3706278	Las Palmitas	Las Palmitas	PA	821	7.7670	-80.2904
3518413	Heroica San Martín de los Cansecos	Heroica San Martin de los Cansecos	MX	816	16.6565	-96.7287
3988901	Morelos	Morelos	MX	813	26.6721	-107.6772
4011908	Divisaderos	Divisaderos	MX	813	29.6148	-109.4696
3518601	San Juan Yaeé	San Juan Yaee	MX	812	17.4299	-96.2836
3528570	Eloxochitlán de Flores Magón	Eloxochitlan de Flores Magon	MX	811	18.1769	-96.8758
4007071	El Tule	El Tule	MX	811	27.0536	-106.2660
3703126	Peña Blanca	Pena Blanca	PA	804	7.7203	-80.2837
3518270	San Miguel Ejutla	San Miguel Ejutla	MX	803	16.5802	-96.7393
3589543	San Sebastián Coatán	San Sebastian Coatan	GT	801	15.7358	-91.5628
3996879	Maguarichi	Maguarichi	MX	801	27.8592	-107.9941
3800305	San Nicolás	San Nicolas	MX	797	16.4159	-96.7402
4736741	Throckmorton	Throckmorton	US	797	33.1787	-99.1776
3991668	Progreso	Progreso	MX	796	27.4284	-100.9889
4016951	Bocoyna	Bocoyna	MX	796	27.8410	-107.5889
3702534	Potuga	Potuga	PA	795	8.0659	-80.6209
3713396	Calobre	Calobre	PA	795	8.3208	-80.8410
3532248	San Melchor Betaza	San Melchor Betaza	MX	794	17.2527	-96.1538
3996332	Mazapil	Mazapil	MX	794	24.6383	-101.5546
3712448	Chimán	Chiman	PA	786	8.7160	-78.6333
3532558	Soledad Atzompa	Soledad Atzompa	MX	785	18.7550	-97.1504
3620358	Cinco Pinos	Cinco Pinos	NI	784	13.2296	-86.8681
3532926	Amatenango de la Frontera	Amatenango de la Frontera	MX	781	15.4349	-92.1152
3518274	San Miguel del Puerto	San Miguel del Puerto	MX	779	15.9219	-96.1748
3516859	Santo Domingo Albarradas	Santo Domingo Albarradas	MX	778	17.0676	-96.2006
3515375	Tlaquilpa	Tlaquilpa	MX	775	18.6102	-97.1185
3518570	San Lorenzo Cuaunecuiltitla	San Lorenzo Cuaunecuiltitla	MX	771	18.2065	-96.9129
3709945	El Sesteadero	El Sesteadero	PA	771	7.7460	-80.2508
3983506	Santo Tomás de los Plátanos	Santo Tomas de los Platanos	MX	766	19.1831	-100.2600
3517206	Santa María Teopoxco	Santa Maria Teopoxco	MX	765	18.1664	-96.9549
3517943	San Pedro Yólox	San Pedro Yolox	MX	763	17.5890	-96.5519
3530890	Chila de la Sal	Chila de la Sal	MX	762	18.1097	-98.4857
3520024	Saltillo	Saltillo	MX	761	19.2964	-97.2966
3530088	Cruillas	Cruillas	MX	759	24.7554	-98.5372
3800692	San Miguel Mixtepec	San Miguel Mixtepec	MX	758	16.7778	-96.9573
5526174	Mertzon	Mertzon	US	758	31.2618	-100.8173
3706724	La Raya de Santa María	La Raya de Santa Maria	PA	757	8.1664	-80.8164
3519282	San Francisco Chindúa	San Francisco Chindua	MX	756	17.4287	-97.3122
3532781	Aquila	Aquila	MX	754	18.7956	-97.3084
3517981	San Pedro Mártir Quiechapa	San Pedro Martir Quiechapa	MX	753	16.4148	-96.2460
3801849	Taniche	Taniche	MX	746	16.5668	-96.7533
3588474	Tectitán	Tectitan	GT	743	15.3063	-92.0605
4018243	Arivechi	Arivechi	MX	743	28.9281	-109.1873
3518490	San Luis Amatlán	San Luis Amatlan	MX	742	16.3895	-96.4970
4019866	Abasolo	Abasolo	MX	739	27.1822	-101.4276
3518136	San Pablo Coatlán	San Pablo Coatlan	MX	738	16.2240	-96.7827
3714263	Bastimentos	Bastimentos	PA	738	9.3486	-82.2109
3801820	Santa María Guelacé	Santa Maria Guelace	MX	735	17.0006	-96.6027
4015640	Canelas	Canelas	MX	734	25.1245	-106.5464
3983548	Santo Domingo	Santo Domingo	MX	730	23.3267	-101.7361
3704348	Mendoza	Mendoza	PA	729	9.0159	-79.8486
4005584	San Nicolás de Carretas	San Nicolas de Carretas	MX	726	28.2495	-106.5097
3518725	San Juan Bautista Tlachichilco	San Juan Bautista Tlachichilco	MX	725	17.6223	-98.3432
4004612	Huépac	Huepac	MX	725	29.9129	-110.2118
3532670	Astacinga	Astacinga	MX	723	18.5690	-97.1038
3616441	Santa María	Santa Maria	NI	720	13.7467	-86.7093
3526793	Ilamatlán	Ilamatlan	MX	717	20.7805	-98.4432
3700433	Tres Quebradas	Tres Quebradas	PA	715	7.8402	-80.4074
3704138	Monte Lirio	Monte Lirio	PA	715	8.7933	-82.8245
3526733	Ixcapuzalco	Ixcapuzalco	MX	711	18.5123	-99.8871
3673613	Olaya	Olaya	CO	710	6.6277	-75.8127
3516959	Santiago Comaltepec	Santiago Comaltepec	MX	710	17.5639	-96.5480
4012672	Santiago de Coyame	Santiago de Coyame	MX	709	29.4620	-105.0947
3818966	Xicotlán	Xicotlan	MX	706	18.0592	-98.5246
3518403	Xaltocan	Xaltocan	MX	705	19.4243	-98.2103
3524275	Lolotla	Lolotla	MX	703	20.8410	-98.7175
4017239	Bavispe	Bavispe	MX	701	30.4797	-108.9410
3987553	San Bernardo	San Bernardo	MX	700	26.0004	-105.5240
3713571	Cabuya	Cabuya	PA	699	8.5766	-79.9233
3701951	Rincón	Rincon	PA	692	8.4660	-82.2810
3800963	Ixpantepec Nieves	Ixpantepec Nieves	MX	687	17.5062	-98.0429
3532801	Apazapan	Apazapan	MX	686	19.3207	-96.7187
3531467	Casas	Casas	MX	680	23.7270	-98.7367
3514002	Zontecomatlán de López y Fuentes	Zontecomatlan de Lopez y Fuentes	MX	672	20.7624	-98.3432
3984804	San Sebastián del Oeste	San Sebastian del Oeste	MX	672	20.7618	-104.8527
3516940	Santiago Laxopa	Santiago Laxopa	MX	669	17.2190	-96.3125
3988564	San Andrés	San Andres	MX	662	28.5467	-106.5039
3588726	Sipacapa	Sipacapa	GT	661	15.2125	-91.6342
3531570	Cardonal	Cardonal	MX	659	20.6141	-99.1166
3985237	San Nicolás Tolentino	San Nicolas Tolentino	MX	659	22.2490	-100.5524
4004392	Indé	Inde	MX	659	25.9134	-105.2230
10347489	El Porvenir	El Porvenir	PA	659	8.2320	-81.8335
3519914	San Andrés Tenejapan	San Andres Tenejapan	MX	657	18.7892	-97.0940
3519915	San Andrés Solaga	San Andres Solaga	MX	657	17.2711	-96.2366
3701093	Santo Tomás	Santo Tomas	PA	653	8.3970	-82.6477
3987001	San Francisco de Conchos	San Francisco de Conchos	MX	644	27.5880	-105.3344
3519799	San Antonio	San Antonio	MX	643	21.6206	-98.9032
3531799	Calihualá	Calihuala	MX	643	17.5316	-98.2780
3517424	Santa Inés del Monte	Santa Ines del Monte	MX	642	16.9260	-96.8619
3616730	Grey Town	Grey Town	NI	642	10.9468	-83.7347
3708747	Hato Chamí	Hato Chami	PA	641	8.4485	-81.7703
3518236	San Miguel Tenango	San Miguel Tenango	MX	640	16.2668	-95.5933
3518405	Totoltepec	Totoltepec	MX	639	18.6526	-98.3471
3712291	Chupampa	Chupampa	PA	637	8.0771	-80.7783
3711302	Cacao	Cacao	PA	636	8.7602	-80.0134
3985034	San Pedro del Gallo	San Pedro del Gallo	MX	634	25.5651	-104.2927
3514137	Zacualpan	Zacualpan	MX	633	20.4333	-98.3483
3980132	Villa Pesqueira	Villa Pesqueira	MX	629	29.1183	-109.9667
3713131	Cañita	Canita	PA	629	9.2224	-78.8951
5529438	Roby	Roby	US	621	32.7448	-100.3776
3705131	Los Olivos	Los Olivos	PA	618	7.9185	-80.4880
10348109	Lajero	Lajero	PA	617	8.2900	-81.7701
3518632	San Juan Ozolotepec	San Juan Ozolotepec	MX	615	16.1331	-96.2592
3516905	Zautla	Zautla	MX	614	19.7147	-97.6715
3519630	San Bartolo Yautepec	San Bartolo Yautepec	MX	614	16.4302	-95.9736
3980166	Villa Hidalgo	Villa Hidalgo	MX	614	26.2509	-104.9139
3528567	Eloxochitlán	Eloxochitlan	MX	612	20.7465	-98.8081
3518645	San Juan Juquila Vijanos	San Juan Juquila Vijanos	MX	610	17.3547	-96.3033
4018022	Átil	Atil	MX	609	30.8443	-111.5836
3616346	Santo Tomás del Norte	Santo Tomas del Norte	NI	608	13.1861	-86.9227
3703349	Paritilla	Paritilla	PA	608	7.6293	-80.1742
3700572	Tobobe	Tobobe	PA	607	9.1208	-81.8280
3700579	Toabré	Toabre	PA	603	8.6507	-80.3212
3700878	Sorá	Sora	PA	598	8.6345	-80.0093
4012353	Cucurpe	Cucurpe	MX	588	30.3307	-110.7053
3521327	Pluma Hidalgo	Pluma Hidalgo	MX	587	15.9257	-96.4193
3523750	Magdalena Mixtepec	Magdalena Mixtepec	MX	584	16.8969	-96.9064
3801425	Santo Domingo Roayaga	Santo Domingo Roayaga	MX	583	17.3378	-96.1148
3519916	San Andrés Sinaxtla	San Andres Sinaxtla	MX	580	17.4692	-97.2828
3701703	Sabana Grande	Sabana Grande	PA	574	7.8807	-80.6382
3981460	Tlatlaya	Tlatlaya	MX	572	18.6177	-100.2078
3704073	Mortí	Morti	PA	567	8.8425	-77.9754
3710668	El Higo	El Higo	PA	566	8.4503	-80.0367
3518259	San Miguel Ixitlán	San Miguel Ixitlan	MX	565	18.0008	-97.7748
3518510	Capitán Luis Ángel Vidal	Capitan Luis Angel Vidal	MX	563	15.6012	-92.6287
3707006	La Pasera	La Pasera	PA	563	7.7980	-80.3044
3526959	Huehuetlán	Huehuetlan	MX	562	21.5465	-98.9677
3532537	Axutla	Axutla	MX	561	18.1894	-98.3893
3590312	San Diego	San Diego	GT	557	14.7898	-89.7764
3702661	Playa Leona	Playa Leona	PA	556	8.7887	-79.7724
3701290	San Pedro del Espino	San Pedro del Espino	PA	554	8.1387	-81.0820
5530688	Sierra Blanca	Sierra Blanca	US	553	31.1746	-105.3572
3590188	San Gaspar Ixchil	San Gaspar Ixchil	GT	551	15.3880	-91.7256
3710107	El Potrero	El Potrero	PA	550	8.5220	-80.5209
3517216	Santa María Sola	Santa Maria Sola	MX	548	16.5665	-97.0131
3706346	Las Minas	Las Minas	PA	548	8.6421	-80.4004
4017826	Bacanora	Bacanora	MX	547	28.9804	-109.4003
3532654	Asunción Tlacolulita	Asuncion Tlacolulita	MX	540	16.3001	-95.7267
3527004	Huasca de Ocampo	Huasca de Ocampo	MX	538	20.2039	-98.5760
3711749	Cucunatí	Cucunati	PA	537	8.5791	-78.2558
3522205	Pacula	Pacula	MX	535	21.0513	-99.2963
10347473	Oma	Oma	PA	535	8.3456	-81.7983
3998730	La Yesca	La Yesca	MX	534	21.3189	-104.0097
3980181	Escobedo	Escobedo	MX	533	27.2337	-101.4131
3702390	Puerto Obaldía	Puerto Obaldia	PA	533	8.6663	-77.4192
3705417	Los Cerritos	Los Cerritos	PA	531	7.7995	-80.6064
3711133	El Chirú	El Chiru	PA	531	8.4031	-80.1899
3994533	Melchor Ocampo	Melchor Ocampo	MX	527	28.1935	-108.3676
3517253	Santa María Ecatepec	Santa Maria Ecatepec	MX	524	16.2850	-95.8811
3707762	La Esmeralda	La Esmeralda	PA	524	8.2682	-78.9246
3701459	San José	San Jose	PA	523	7.6770	-80.2434
3800458	Sitio de Xitlapehua	Sitio de Xitlapehua	MX	522	16.3507	-96.5329
3701704	Sabana Grande	Sabana Grande	PA	521	7.8388	-80.3659
3762749	San Juan Yucuita	San Juan Yucuita	MX	517	17.5117	-97.2704
3713349	Camarón Arriba	Camaron Arriba	PA	515	8.3877	-81.9965
3702882	Piedras Gordas	Piedras Gordas	PA	510	8.6389	-80.5114
3705445	Los Castillos	Los Castillos	PA	510	8.0246	-81.1167
3702601	Ponuga	Ponuga	PA	509	7.8827	-80.9771
3712459	Chiguirí Arriba	Chiguiri Arriba	PA	509	8.6754	-80.1891
3762698	San Miguel Huautla	San Miguel Huautla	MX	508	17.7403	-97.1431
3705024	Los Pozos	Los Pozos	PA	508	7.7881	-80.6457
3527075	Honduras de la Sierra	Honduras de la Sierra	MX	507	15.5895	-92.4764
3801026	San Lorenzo Victoria	San Lorenzo Victoria	MX	506	17.6686	-98.1198
3702371	Puerto Vidal	Puerto Vidal	PA	506	8.0493	-81.6045
3525381	La Misión	La Mision	MX	501	21.0992	-99.1229
3800935	San Juan Sayultepec	San Juan Sayultepec	MX	501	17.4531	-97.2849
5523963	Jayton	Jayton	US	500	33.2482	-100.5737
3702579	Portobelillo	Portobelillo	PA	497	8.0175	-80.5978
3516943	Santiago Lalopa	Santiago Lalopa	MX	496	17.4180	-96.2488
3523754	Magdalena Jaltepec	Magdalena Jaltepec	MX	496	17.3234	-97.2214
3713678	Buenos Aires	Buenos Aires	PA	496	8.6315	-79.9477
3702632	Pocrí	Pocri	PA	494	7.6602	-80.1195
3702748	Plan de Chorcha	Plan de Chorcha	PA	490	8.4651	-82.1644
3519459	San Esteban Atatlahuca	San Esteban Atatlahuca	MX	489	17.0668	-97.6781
3982748	Susupuato de Guerrero	Susupuato de Guerrero	MX	489	19.2152	-100.4080
3711438	Cerro Banco	Cerro Banco	PA	487	8.4603	-82.0319
3972062	El Plateado de Joaquín Amaro	El Plateado de Joaquin Amaro	MX	486	21.9362	-103.0923
3706155	Las Uvas	Las Uvas	PA	482	8.4613	-79.9961
3523181	Mineral del Chico	Mineral del Chico	MX	481	20.2150	-98.7310
3814972	Atlangatepec	Atlangatepec	MX	480	19.5322	-98.2089
3983078	Sierra Mojada	Sierra Mojada	MX	478	27.2886	-103.7012
3708894	Guarumal	Guarumal	PA	477	7.7989	-81.2585
3985338	San Miguel de Horcasitas	San Miguel de Horcasitas	MX	476	29.4872	-110.7254
3519911	San Andrés Tepetlapa	San Andres Tepetlapa	MX	475	17.6659	-98.3916
3525640	Lagunillas	Lagunillas	MX	475	21.5901	-99.5660
3800912	Santiago Tilantongo	Santiago Tilantongo	MX	474	17.2838	-97.3396
3518386	San Mateo Cajonos	San Mateo Cajonos	MX	471	17.1609	-96.2083
3620177	Dipilto	Dipilto	NI	467	13.7211	-86.5062
3519538	San Cristóbal Amoltepec	San Cristobal Amoltepec	MX	461	17.2847	-97.5704
3517935	San Pedro y San Pablo Tequixtepec	San Pedro y San Pablo Tequixtepec	MX	458	18.0609	-97.7181
3517989	San Pedro Jaltepetongo	San Pedro Jaltepetongo	MX	458	17.6877	-97.0352
3986609	San Javier	San Javier	MX	457	28.5959	-109.7397
10202392	Bayamón	Bayamon	PA	457	7.9682	-78.2165
3702232	Quebrada de Piedra	Quebrada de Piedra	PA	455	8.0954	-81.6829
3705156	Los Naranjos	Los Naranjos	PA	452	8.7942	-82.4456
3710225	El Pedregoso	El Pedregoso	PA	452	7.9396	-80.6376
3706482	Las Huacas del Quije	Las Huacas del Quije	PA	451	8.4670	-80.7509
3710045	El Retiro	El Retiro	PA	450	8.4772	-80.1573
3800919	Santiago Tenango	Santiago Tenango	MX	448	17.3247	-97.0045
3523118	Mixtla de Altamirano	Mixtla de Altamirano	MX	446	18.5959	-96.9929
3711968	Cordillera	Cordillera	PA	444	8.7085	-82.6012
4011872	San Lorenzo	San Lorenzo	MX	441	28.1540	-106.4768
3517183	Santa María Yavesía	Santa Maria Yavesia	MX	440	17.2351	-96.4298
3709509	Flores	Flores	PA	440	7.4866	-80.4059
3705720	Llano Grande	Llano Grande	PA	438	8.6347	-80.4399
3517277	Santa María Chachoápam	Santa Maria Chachoapam	MX	435	17.5257	-97.2844
3701317	San Pablo Nuevo	San Pablo Nuevo	PA	435	8.4277	-82.5001
3712169	Cochea Abajo	Cochea Abajo	PA	435	8.5070	-82.3604
3712319	Chumical	Chumical	PA	433	7.8464	-80.7366
3517289	Santa María Apazco	Santa Maria Apazco	MX	432	17.6345	-97.1007
3705533	Los Asientos	Los Asientos	PA	430	7.5185	-80.1329
3519906	San Andrés Yaá	San Andres Yaa	MX	429	17.2929	-96.1534
3518599	San Juan Yatzona	San Juan Yatzona	MX	428	17.4019	-96.1692
3800934	San Mateo Etlatongo	San Mateo Etlatongo	MX	427	17.4153	-97.2735
3707770	La Ermita	La Ermita	PA	426	8.4607	-80.0710
4705702	Leakey	Leakey	US	424	29.7288	-99.7614
10348681	Guayabito	Guayabito	PA	420	8.5396	-81.4821
3713575	Cabuya	Cabuya	PA	417	8.0310	-80.6311
3708796	Las Guías Abajo	Las Guias Abajo	PA	416	8.1984	-80.7570
10206727	Unión Santeña	Union Santena	PA	413	8.8350	-78.6489
3994155	Oquitoa	Oquitoa	MX	411	30.7418	-111.7342
3703831	Nuevo Chagres	Nuevo Chagres	PA	410	9.2398	-80.0827
10179291	Villa Lourdes	Villa Lourdes	PA	410	7.8098	-80.4723
3518670	San Juan Ihualtepec	San Juan Ihualtepec	MX	408	17.7399	-98.2886
3533445	Acatlán	Acatlan	MX	405	20.1459	-98.4386
3516929	Santiago Nuyoó	Santiago Nuyoo	MX	403	17.0147	-97.7668
3701727	Rovira Arriba	Rovira Arriba	PA	403	8.6389	-82.5034
3705446	Los Castillos	Los Castillos	PA	400	7.9874	-80.6193
3713682	Buenos Aires	Buenos Aires	PA	400	8.4145	-81.4799
10348488	San Juan de Dios	San Juan de Dios	PA	400	8.5512	-80.2262
3617169	Prinzapolka	Prinzapolka	NI	394	13.4065	-83.5650
3987226	San Felipe de Jesús	San Felipe de Jesus	MX	392	29.8625	-110.2387
3701526	San Carlos	San Carlos	PA	392	8.5205	-82.5046
3707228	La Mesa	La Mesa	PA	392	7.6616	-80.6190
3797740	Atarjea	Atarjea	MX	389	21.2667	-99.7202
3515576	Santiago Tillo	Santiago Tillo	MX	388	17.4608	-97.3201
3712158	Coclé del Norte	Cocle del Norte	PA	388	9.0754	-80.5718
3700103	Viento Frío	Viento Frio	PA	387	9.5826	-79.4069
3514666	Villa Mainero	Villa Mainero	MX	386	24.5600	-99.6161
3701231	Santa Cruz	Santa Cruz	PA	386	8.2353	-81.9127
3703745	Olá	Ola	PA	384	8.4202	-80.6505
3707380	La Laja	La Laja	PA	383	7.7338	-80.2507
3801180	San Lucas Zoquiápam	San Lucas Zoquiapam	MX	380	18.1364	-96.9051
3801169	Cosoltepec	Cosoltepec	MX	379	18.1422	-97.7905
3714538	Bahía Azul	Bahia Azul	PA	379	9.1418	-81.8942
3699915	Zapotillo	Zapotillo	PA	375	8.0072	-81.5092
3516904	Santiago Zoochila	Santiago Zoochila	MX	374	17.2207	-96.2419
3617804	Macuelizo	Macuelizo	NI	374	13.6533	-86.6130
3713212	Cañas Gordas	Canas Gordas	PA	374	8.7472	-82.9172
3518125	San Pablo Macuiltianguis	San Pablo Macuiltianguis	MX	371	17.5342	-96.5534
3713339	Cambutal	Cambutal	PA	370	7.2657	-80.4873
3801016	Santa Cruz de Bravo	Santa Cruz de Bravo	MX	364	17.5810	-98.2238
3705666	Lolá	Lola	PA	364	8.0926	-81.4665
3800995	Santo Domingo Yodohino	Santo Domingo Yodohino	MX	363	17.6168	-97.6829
3710439	El Manantial	El Manantial	PA	363	7.7839	-80.2425
3800932	San Francisco Nuxaño	San Francisco Nuxano	MX	362	17.3806	-97.3442
3522736	Nicolás Flores	Nicolas Flores	MX	361	20.7679	-99.1507
3994182	Onavas	Onavas	MX	361	28.4609	-109.5286
10348753	Alto de Jesús	Alto de Jesus	PA	361	8.2615	-81.4841
3701934	Rincón Hondo	Rincon Hondo	PA	359	7.8421	-80.6030
3710785	El Guabo	El Guabo	PA	359	9.0850	-80.0843
3703093	Peñas Chatas	Penas Chatas	PA	358	8.0179	-80.8022
3702498	Púcuro	Pucuro	PA	355	7.9788	-77.4876
3703573	Palenque	Palenque	PA	355	9.5735	-79.3576
3713430	Caldera	Caldera	PA	355	8.6542	-82.3799
3714021	Boca del Monte	Boca del Monte	PA	355	8.3564	-82.1169
3517184	Santa María Yalina	Santa Maria Yalina	MX	354	17.2401	-96.2624
3708904	Guararé Arriba	Guarare Arriba	PA	350	7.8080	-80.3592
3980960	Tubutama	Tubutama	MX	348	30.8850	-111.4641
3704256	Miramar	Miramar	PA	346	8.9975	-82.2434
3517529	Santa Cruz Nundaco	Santa Cruz Nundaco	MX	345	17.1724	-97.7239
3711211	El Carate	El Carate	PA	345	7.7320	-80.2954
3994167	Opodepe	Opodepe	MX	344	29.9259	-110.6294
3518295	San Miguel Achiutla	San Miguel Achiutla	MX	342	17.3065	-97.4888
3705544	Los Ángeles	Los Angeles	PA	342	7.8846	-80.3550
3707461	Lajas Adentro	Lajas Adentro	PA	342	8.2493	-81.8797
3800929	Magdalena Zahuatlán	Magdalena Zahuatlan	MX	338	17.3895	-97.2277
3516934	Santiago Miltepec	Santiago Miltepec	MX	335	17.9846	-97.6905
3800937	San Vicente Nuñú	San Vicente Nunu	MX	334	17.4565	-97.4429
5522004	Garden City	Garden City	US	334	31.8640	-101.4812
4717376	Palo Pinto	Palo Pinto	US	333	32.7674	-98.2987
3707467	Lajamina	Lajamina	PA	330	7.5902	-80.1324
3526699	Ixtacamaxtitlán	Ixtacamaxtitlan	MX	328	19.6235	-97.8154
4018237	Armadillo de los Infante	Armadillo de los Infante	MX	328	22.2449	-100.6558
3705735	Llano Grande	Llano Grande	PA	328	8.0756	-81.1347
3713843	Boró	Boro	PA	326	8.1720	-81.3012
3712761	Cerro Caña	Cerro Cana	PA	319	8.3488	-81.6154
3714658	La Arenosa	La Arenosa	PA	319	9.0422	-79.9496
3713224	Cañas	Canas	PA	318	7.4481	-80.2628
3532314	Bejucal de Ocampo	Bejucal de Ocampo	MX	315	15.4557	-92.1586
3705836	Limones	Limones	PA	315	8.1009	-82.8659
3700261	Utirá	Utira	PA	312	7.9749	-81.2173
3707392	La Laguna	La Laguna	PA	312	9.0443	-79.8391
10194758	Corozal	Corozal	PA	309	8.2011	-77.5964
3705800	Llano Abajo	Llano Abajo	PA	304	7.7939	-80.4076
10347390	Boca de Balsa	Boca de Balsa	PA	304	8.5299	-82.0313
3708745	Hato Corotú	Hato Corotu	PA	303	8.3352	-81.9703
3710038	El Rincón	El Rincon	PA	300	8.1844	-81.4316
3518370	San Mateo Piñas	San Mateo Pinas	MX	297	15.9999	-96.3353
3800683	San Pablo Cuatro Venados	San Pablo Cuatro Venados	MX	295	16.9821	-96.8915
3705688	Llano Ñopo	Llano Nopo	PA	289	8.4241	-81.6160
3710367	El Nancito	El Nancito	PA	288	8.2412	-81.7321
3703843	Nueva Arenosa	Nueva Arenosa	PA	283	8.8697	-79.9965
10347377	Quebrada Tula	Quebrada Tula	PA	283	8.8399	-81.9974
3710226	El Pedregoso	El Pedregoso	PA	279	7.6947	-80.3271
3517655	Santa Catarina Tayata	Santa Catarina Tayata	MX	277	17.3472	-97.5582
3514200	San Pedro Mártir Yucuxaco	San Pedro Martir Yucuxaco	MX	276	17.4325	-97.6101
4002828	La Colorada	La Colorada	MX	274	28.8037	-110.5796
3701227	Santa Cruz	Santa Cruz	PA	274	8.6463	-82.7605
3519285	San Francisco Cajonos	San Francisco Cajonos	MX	268	17.1705	-96.2503
3709902	El Tejar	El Tejar	PA	267	8.4319	-82.5691
4673510	Benjamin	Benjamin	US	267	33.5840	-99.7923
4717199	Paint Rock	Paint Rock	US	266	31.5085	-99.9201
3800931	San Francisco Jaltepetongo	San Francisco Jaltepetongo	MX	263	17.3859	-97.2634
3980610	Valle del Rosario	Valle del Rosario	MX	263	27.3193	-106.2952
3711308	El Cacao	El Cacao	PA	261	7.4493	-80.4035
4736889	Tilden	Tilden	US	261	28.4619	-98.5492
3714123	Bijagual	Bijagual	PA	257	8.5149	-82.3336
3701186	Santa Isabel	Santa Isabel	PA	256	9.5392	-79.1957
3712510	Chepillo	Chepillo	PA	255	8.9540	-79.1286
3703503	Palmira	Palmira	PA	254	9.5469	-79.2154
3710211	El Peñón	El Penon	PA	254	8.3508	-80.9745
3700486	Toza	Toza	PA	253	8.3452	-80.6411
3707393	La Laguna	La Laguna	PA	253	8.6060	-80.0472
3712614	Cerro Viejo	Cerro Viejo	PA	253	8.2540	-81.5752
10206733	Contadora	Contadora	PA	253	8.6248	-79.0375
3800813	Santa María Yucuhiti	Santa Maria Yucuhiti	MX	252	17.0183	-97.7698
3800981	San Miguel Chicahua	San Miguel Chicahua	MX	251	17.6372	-97.1948
3704154	La Montañuela	La Montanuela	PA	251	8.0244	-80.8568
3705542	Los Ángeles	Los Angeles	PA	250	8.5257	-82.2029
3712225	Ciricito de Los Sotos	Ciricito de Los Sotos	PA	250	8.9758	-80.0925
3700921	Sitio Prado	Sitio Prado	PA	248	8.3728	-81.5800
4004622	Huejotitán	Huejotitan	MX	243	27.0561	-106.1782
3703374	Paraíso	Paraiso	PA	242	8.6627	-82.5908
3710981	El Cortezo	El Cortezo	PA	239	7.4291	-80.6326
3713768	Brujas	Brujas	PA	239	8.5861	-78.5315
4727159	Sarita	Sarita	US	238	27.2217	-97.7892
3519269	San Francisco Huehuetlán	San Francisco Huehuetlan	MX	235	18.1970	-96.9479
3524728	Las Minas	Las Minas	MX	235	19.6909	-97.1460
3703847	Nuestro Amo	Nuestro Amo	PA	235	8.4483	-80.5936
3706431	Lajas de Tolé	Lajas de Tole	PA	235	8.1699	-81.6965
3703375	Paraíso	Paraiso	PA	234	7.6871	-80.1590
3516951	Santiago Huauclilla	Santiago Huauclilla	MX	233	17.4513	-97.0712
3706727	La Raya de Calobre	La Raya de Calobre	PA	233	8.2206	-80.8256
5521972	Gail	Gail	US	231	32.7704	-101.4454
3703059	Perales	Perales	PA	230	7.7769	-80.3214
3713783	Breñón	Brenon	PA	230	8.6263	-82.8135
3708772	Guzmán	Guzman	PA	228	8.5226	-80.5855
3713416	Calidonia	Calidonia	PA	228	7.9576	-81.3863
3714231	Bayano	Bayano	PA	224	7.6381	-80.3847
3708853	Guayabal	Guayabal	PA	220	8.6179	-82.5791
3714063	Boca Chica	Boca Chica	PA	215	8.2204	-82.2185
3800903	San Juan Ñumí	San Juan Numi	MX	214	17.3978	-97.7061
3711381	El Barrito	El Barrito	PA	212	7.9590	-80.9482
3762777	San Miguel Tecomatlán	San Miguel Tecomatlan	MX	210	17.3939	-97.2686
3800927	San Pedro Coxcaltepec Cántaros	San Pedro Coxcaltepec Cantaros	MX	207	17.4997	-97.1377
3701132	Santa Rosa	Santa Rosa	PA	207	8.6031	-82.6846
10348671	Paredón Arriba	Paredon Arriba	PA	207	8.4545	-81.1937
3710424	El Marañón	El Maranon	PA	205	8.0365	-81.2147
3710694	El Hato	El Hato	PA	204	7.7955	-80.3828
3705737	Llano Grande	Llano Grande	PA	203	7.9744	-80.7093
3517230	Santa María Nativitas	Santa Maria Nativitas	MX	197	17.6615	-97.3354
3700218	Vallerriquito	Vallerriquito	PA	196	7.6223	-80.3166
3708175	La Arena	La Arena	PA	194	7.7513	-80.5921
3701424	San Juan	San Juan	PA	193	8.3032	-81.0135
3516931	Santiago Nejapilla	Santiago Nejapilla	MX	192	17.4198	-97.3741
3706521	Las Guabas	Las Guabas	PA	192	7.8147	-80.5015
3714504	Bajo Corral	Bajo Corral	PA	192	7.6064	-80.2586
3700740	Tebario	Tebario	PA	190	7.7192	-80.9746
3711011	El Copé	El Cope	PA	190	8.4393	-80.6801
3711923	Corozal	Corozal	PA	189	8.0809	-81.4350
3517681	Santa Catarina	Santa Catarina	MX	188	21.6562	-99.4955
3705768	Llano de La Cruz	Llano de La Cruz	PA	188	7.9563	-80.6406
3706845	Pitaloza Arriba	Pitaloza Arriba	PA	188	7.6421	-80.6690
3516970	Santiago Apoala	Santiago Apoala	MX	186	17.6481	-97.1365
3710540	Líbano	Libano	PA	183	8.6187	-79.8319
3706493	Las Huacas	Las Huacas	PA	180	7.9033	-81.1400
3710761	El Guásimo	El Guasimo	PA	179	7.8094	-80.5270
10194748	Camogantí	Camoganti	PA	179	8.0417	-77.8868
3700221	Valle Rico	Valle Rico	PA	178	7.6201	-80.3508
3709853	El Toro	El Toro	PA	176	7.7534	-80.8692
3517952	San Pedro Topiltepec	San Pedro Topiltepec	MX	174	17.4369	-97.3432
3514323	San Baltazar Yatzachi el Bajo	San Baltazar Yatzachi el Bajo	MX	170	17.2273	-96.2212
3699984	Yape	Yape	PA	170	8.0984	-77.5982
3711182	El Cedro	El Cedro	PA	170	7.6874	-80.6582
3712692	Cerro Largo	Cerro Largo	PA	170	7.8390	-80.8308
3710108	El Potrero	El Potrero	PA	168	8.3850	-80.8007
3706520	Las Guabas	Las Guabas	PA	165	7.9106	-80.8054
3710177	El Picador	El Picador	PA	163	8.3795	-81.2550
3712643	Cerro Plata	Cerro Plata	PA	162	8.4773	-81.5459
3710377	El Muñoz	El Munoz	PA	161	7.6762	-80.3206
3701544	San Bartolo	San Bartolo	PA	158	8.2127	-81.2763
3707924	La Colorada	La Colorada	PA	158	7.8275	-80.5570
3703616	Paja de Sombrero	Paja de Sombrero	PA	157	8.6861	-82.3216
3704255	Miramar	Miramar	PA	154	9.5754	-79.3357
3706185	Las Trancas	Las Trancas	PA	153	7.7364	-80.3726
3702313	Punta Róbalo	Punta Robalo	PA	149	9.0379	-82.2477
3516840	Santo Domingo Tlatayápam	Santo Domingo Tlatayapam	MX	147	17.4076	-97.3466
3709011	Guabal	Guabal	PA	147	8.5747	-82.5373
3518742	San Juan Achiutla	San Juan Achiutla	MX	146	17.3445	-97.5085
3704174	Monjarás	Monjaras	PA	146	8.3717	-80.8657
3705238	Los Llanitos	Los Llanitos	PA	146	8.5985	-80.0932
3711249	El Cañafístulo	El Canafistulo	PA	141	7.6210	-80.2316
3714098	Bisvalles	Bisvalles	PA	141	8.1846	-81.2211
3701766	Rodeo Viejo	Rodeo Viejo	PA	140	8.1151	-81.3159
3711272	El Calabacito	El Calabacito	PA	134	7.7205	-80.5972
3714536	Bahía Honda	Bahia Honda	PA	131	7.7090	-80.4514
3982789	Soyopa	Soyopa	MX	130	28.7634	-109.6353
3705280	Los Higos	Los Higos	PA	127	8.2055	-80.8602
3714641	Arosemena	Arosemena	PA	127	8.9734	-79.9653
3711223	El Capurí	El Capuri	PA	124	7.7260	-80.6435
3706052	La Trinidad	La Trinidad	PA	123	7.9164	-80.7040
10346879	Quebrada del Rosario	Quebrada del Rosario	PA	123	7.7124	-80.7422
3705969	La Yeguada	La Yeguada	PA	122	8.4319	-80.8567
3714579	Ave María	Ave Maria	PA	120	7.3248	-80.4536
10179348	Oria Arriba	Oria Arriba	PA	118	7.5075	-80.2060
3713390	Calovébora	Calovebora	PA	117	8.7870	-81.2106
3713637	Caballero	Caballero	PA	114	8.5451	-80.1972
3518412	San Martín Huamelúlpam	San Martin Huamelulpam	MX	113	17.3969	-97.6021
3710304	El Pájaro	El Pajaro	PA	112	7.9567	-81.1184
3707318	Quebro	Quebro	PA	111	7.4387	-80.8859
3700085	Viguí	Vigui	PA	110	8.3399	-81.4975
3516930	Santiago Nundiche	Santiago Nundiche	MX	108	17.3316	-97.6740
3702688	Playa Chiquita	Playa Chiquita	PA	105	9.5662	-79.2918
3707198	La Miel	La Miel	PA	102	7.5602	-80.3274
3713465	Calabacito	Calabacito	PA	100	8.2454	-81.0798
4014742	Cerro de San Pedro	Cerro de San Pedro	MX	97	22.2178	-100.7996
3714672	Arenas	Arenas	PA	97	7.3700	-80.8595
3519058	San Jerónimo Sosola	San Jeronimo Sosola	MX	95	17.3667	-97.0332
3702883	Piedras Gordas	Piedras Gordas	PA	94	8.5262	-80.9103
3707778	La Ensenada	La Ensenada	PA	94	8.3662	-78.8461
3703507	Palmira	Palmira	PA	93	7.6635	-80.3573
3713573	Cabuya	Cabuya	PA	93	8.5470	-80.1676
10179292	Cedro Arriba	Cedro Arriba	PA	93	7.7815	-80.5311
3703854	Nuario	Nuario	PA	92	7.5271	-80.3200
3710277	El Pantano	El Pantano	PA	92	8.5347	-81.0694
3708844	Guayabito	Guayabito	PA	89	8.5499	-80.0127
3706214	Las Sabanas	Las Sabanas	PA	88	8.5828	-80.6805
3518189	San Nicolás	San Nicolas	MX	87	24.6934	-98.8296
3710417	El María	El Maria	PA	87	8.0290	-81.4438
3707674	La Garceana	La Garceana	PA	85	7.9406	-81.0151
3711514	El Alto	El Alto	PA	85	8.5118	-81.0364
3701454	San José	San Jose	PA	84	8.4658	-80.8037
3707590	La Guinea	La Guinea	PA	83	8.3427	-78.9300
3704231	Mogollón	Mogollon	PA	79	7.6492	-80.4572
3706043	La Tronosa	La Tronosa	PA	79	7.4362	-80.5897
3764110	Pásiga	Pasiga	PA	77	8.9408	-78.9090
3701856	Río Hondo	Rio Hondo	PA	76	7.7143	-80.3573
3714347	Barnizal	Barnizal	PA	74	8.4046	-80.7776
3702238	Quebrada de Oro	Quebrada de Oro	PA	73	8.0355	-81.3869
3701869	Río Grande	Rio Grande	PA	71	7.7191	-81.3342
3705906	Leones Arriba	Leones Arriba	PA	71	7.7703	-80.8513
3706386	Las Marias	Las Marias	PA	71	8.8901	-80.2200
3800983	San Bartolo Soyaltepec	San Bartolo Soyaltepec	MX	69	17.5903	-97.3069
3702321	Punta Laurel	Punta Laurel	PA	69	9.1412	-82.1270
3705907	Leones Arriba	Leones Arriba	PA	69	7.7542	-81.1156
3701356	San Marcelo	San Marcelo	PA	66	8.2723	-81.1465
4012092	Cusihuiriachi	Cusihuiriachi	MX	63	28.2383	-106.8330
3705403	Los Cerros de Paja	Los Cerros de Paja	PA	61	7.7206	-80.6708
3517525	Santa Cruz Tayata	Santa Cruz Tayata	MX	59	17.3575	-97.5695
3517227	Santa María Nduayaco	Santa Maria Nduayaco	MX	57	17.4112	-97.4968
3705840	Limón de Tijeras	Limon de Tijeras	PA	56	7.8227	-80.9160
3800909	Santa María del Rosario	Santa Maria del Rosario	MX	55	17.3517	-97.5948
3707398	La Laguna	La Laguna	PA	52	8.3409	-80.7293
3714334	Barranco Colorado	Barranco Colorado	PA	52	8.3878	-80.6367
3712862	Cauchero	Cauchero	PA	40	9.1523	-82.2645
3713875	Boquerón	Boqueron	PA	38	8.2435	-80.8584
3710481	El Macano	El Macano	PA	34	7.6878	-80.4053
3711068	El Cocla	El Cocla	PA	32	8.3218	-80.9181
5526156	Mentone	Mentone	US	19	31.7051	-103.5994
10348333	Loma Yuca	Loma Yuca	PA	17	8.7218	-81.4021
3706294	Las Palmas	Las Palmas	PA	13	7.6831	-80.4973
3710114	El Porvenir	El Porvenir	PA	10	9.5528	-78.9523
3666424	San José de Uré	San Jose de Ure	CO	0	7.7864	-75.5337
3666670	Tuchín	Tuchin	CO	0	9.1866	-75.5547
3666960	Toledo	Toledo	CO	0	7.0131	-75.6953
3667298	Tenerife	Tenerife	CO	0	9.9009	-74.8598
3667402	Tarazá	Taraza	CO	0	7.5836	-75.4007
3667548	Talaigua Nuevo	Talaigua Nuevo	CO	0	9.3035	-74.5648
3668986	San Sebastián de Buenavista	San Sebastian de Buenavista	CO	0	9.2378	-74.3517
3669729	San Jacinto del Cauca	San Jacinto del Cauca	CO	0	8.2498	-74.7208
3670207	San Andrés de Sotavento	San Andres de Sotavento	CO	0	9.1448	-75.5088
3671651	Pueblo Nuevo	Pueblo Nuevo	CO	0	8.5012	-75.5080
3672185	Santa Bárbara de Pinto	Santa Barbara de Pinto	CO	0	9.4325	-74.7041
3673804	Norosí	Norosi	CO	0	8.5269	-74.0374
3674568	Moñitos	Monitos	CO	0	9.2455	-76.1302
3681474	Guaranda	Guaranda	CO	0	8.4675	-74.5362
3684293	El Difícil	El Dificil	CO	0	9.8498	-74.2363
3685712	Coveñas	Covenas	CO	0	9.4025	-75.6803
3687699	Canalete	Canalete	CO	0	8.7856	-76.2407
3688394	Buenavista	Buenavista	CO	0	9.3194	-74.9736
3688402	Buenavista	Buenavista	CO	0	8.2225	-75.4817
3688760	Curbaradó	Curbarado	CO	0	7.1578	-76.9711
3689838	Anorí	Anori	CO	0	7.0727	-75.1477
11885795	Sopetrán	Sopetran	CO	0	6.5018	-75.7431
11886309	Valdivia	Valdivia	CO	0	7.1643	-75.4391
11896874	San Fernando	San Fernando	CO	0	9.2109	-74.3180
11896875	San Martín de Loba	San Martin de Loba	CO	0	8.9360	-74.0397
11900983	Puerto Libertador	Puerto Libertador	CO	0	7.8894	-75.6702
11900984	La Apartada	La Apartada	CO	0	8.0491	-75.3373
3621016	Zapotal	Zapotal	CR	0	10.0000	-85.3000
3621495	Sarchí	Sarchi	CR	0	10.0897	-84.3475
3621732	San Pablo	San Pablo	CR	0	9.6832	-84.0405
3622035	Sabalito	Sabalito	CR	0	8.8181	-82.9091
3622816	Monterrey	Monterrey	CR	0	9.7573	-84.1096
3623093	La Virgen	La Virgen	CR	0	10.4017	-84.1335
3624725	Bejuco	Bejuco	CR	0	9.8501	-85.3292
3624744	Barrio Jesús	Barrio Jesus	CR	0	9.9744	-84.4217
6946576	Cariari	Cariari	CR	0	10.3572	-83.7362
9257206	Dulce Nombre de Jesus	Dulce Nombre de Jesus	CR	0	10.1514	-83.9775
3588057	Unión	Union	GT	0	15.9218	-91.7765
3588720	Siquinalá	Siquinala	GT	0	14.3068	-90.9671
3589985	San José Ojetenam	San Jose Ojetenam	GT	0	15.2344	-91.9732
3590090	San Jorge	San Jorge	GT	0	14.9259	-89.5888
3590355	San Carlos Alzatate	San Carlos Alzatate	GT	0	14.4978	-90.0603
3590881	Raxruhá	Raxruha	GT	0	15.8659	-90.0406
3591216	Playa Grande	Playa Grande	GT	0	15.9855	-90.7729
3592041	Olintepeque	Olintepeque	GT	0	14.8860	-91.5147
3593542	La Tinta	La Tinta	GT	0	15.3167	-89.8833
3594754	La Democracia	La Democracia	GT	0	15.6254	-91.8867
3594989	La Blanca	La Blanca	GT	0	14.5789	-92.1414
3597339	El Chal	El Chal	GT	0	16.6425	-89.6529
9975222	San Juan Ostuncalco	San Juan Ostuncalco	GT	0	14.8733	-91.6897
9975226	La Máquina	La Maquina	GT	0	14.3019	-91.5670
9980863	Fray Bartolomé de Las Casas	Fray Bartolome de Las Casas	GT	0	15.8051	-89.8605
3483009	Loma Alta	Loma Alta	MX	0	22.8842	-99.0260
3515694	Tezoatlán de Segura y Luna	Tezoatlan de Segura y Luna	MX	0	17.6539	-97.8107
3515844	Tepeyahualco	Tepeyahualco	MX	0	18.8143	-97.8770
3516472	Sunuapa	Sunuapa	MX	0	17.4915	-93.2439
3516616	Xochiapa	Xochiapa	MX	0	17.6635	-95.7349
3516918	Santiago Texcalcingo	Santiago Texcalcingo	MX	0	18.2088	-96.9689
3517979	San Pedro Mixtepec Distrito Veintidós	San Pedro Mixtepec Distrito Veintidos	MX	0	15.9828	-97.0829
3518019	Ciudad de Atlixco	Ciudad de Atlixco	MX	0	18.9037	-98.4392
3518532	San Lorenzo Texmelúcan	San Lorenzo Texmelucan	MX	0	16.5851	-97.1989
3518618	Teotihuacán	Teotihuacan	MX	0	19.6886	-98.8611
3518634	San Juan Mixtepec	San Juan Mixtepec	MX	0	17.3054	-97.8316
3518635	San Juan Mixtepec Distrito Veintiséis	San Juan Mixtepec Distrito Veintiseis	MX	0	16.2774	-96.3001
3519704	San Antonio Nanahuatípam	San Antonio Nanahuatipam	MX	0	18.1341	-97.1238
3526371	Juárez Hidalgo	Juarez Hidalgo	MX	0	20.7856	-98.8285
3530844	Santiago Camotlán	Santiago Camotlan	MX	0	17.4457	-96.1849
3533330	Agua Blanca de Iturbide	Agua Blanca de Iturbide	MX	0	20.3492	-98.3569
3816055	Veinte de Noviembre	Veinte de Noviembre	MX	0	16.5411	-92.8962
3825359	La Chinantla	La Chinantla	MX	0	17.2774	-94.4494
3975370	Hermenegildo Galeana	Hermenegildo Galeana	MX	0	30.1135	-107.6163
3980154	López	Lopez	MX	0	27.0023	-105.0339
3982450	Tapeixtles	Tapeixtles	MX	0	19.0691	-104.2834
3984070	Otaéz	Otaez	MX	0	24.7003	-105.9957
3985178	Mariano Balleza	Mariano Balleza	MX	0	26.9527	-106.3474
3996679	Santa María del Oro	Santa Maria del Oro	MX	0	19.5863	-102.9088
4005780	San Sebastián del Sur	San Sebastian del Sur	MX	0	19.7945	-103.4743
9179585	Juamave	Juamave	MX	0	23.4058	-99.3804
9806224	El Guayabito	El Guayabito	MX	0	19.9496	-102.4441
11353147	Nezahualcóyotl	Nezahualcoyotl	MX	0	19.3876	-98.9926
13418553	Tlahuiltepa	Tlahuiltepa	MX	0	20.9237	-98.9501
3615817	Villanueva	Villanueva	NI	0	12.9635	-86.8152
3616010	Tonalá	Tonala	NI	0	12.7673	-87.1332
3616311	Sébaco	Sebaco	NI	0	12.8532	-86.0963
3616380	Santa Teresa	Santa Teresa	NI	0	11.8030	-86.1631
3616609	San Pedro de Lóvago	San Pedro de Lovago	NI	0	12.1294	-85.1152
3616611	San Pedro del Norte	San Pedro del Norte	NI	0	13.2761	-86.8778
3616649	San Nicolás	San Nicolas	NI	0	12.9324	-86.3481
3616818	San Isidro	San Isidro	NI	0	12.9296	-86.1952
3616848	San Francisco Libre	San Francisco Libre	NI	0	12.5050	-86.2994
3616852	San Francisco del Norte	San Francisco del Norte	NI	0	13.1992	-86.7710
3617311	El Cuá	El Cua	NI	0	13.3684	-85.6733
3617551	Mulukukú	Mulukuku	NI	0	13.1761	-84.9552
3617766	Malpaisillo	Malpaisillo	NI	0	12.5937	-86.6795
3618087	La Trinidad	La Trinidad	NI	0	12.9688	-86.2353
3618791	Kukra Hill	Kukra Hill	NI	0	12.2410	-83.7452
3618878	Karawala	Karawala	NI	0	12.9307	-83.5772
3619204	Esquipulas	Esquipulas	NI	0	12.6645	-85.7873
3619419	El Rosario	El Rosario	NI	0	11.8328	-86.1653
3620348	El Jícaro	El Jicaro	NI	0	13.7229	-86.1385
3620663	Boca de Sábalos	Boca de Sabalos	NI	0	11.0500	-84.4667
3620942	Alamikambang	Alamikambang	NI	0	13.5001	-84.2244
9613285	Santa Maía de Pantasma	Santa Maia de Pantasma	NI	0	13.3481	-85.9445
11279237	Wiwilí de Jinotega	Wiwili de Jinotega	NI	0	13.6149	-85.8168
11911379	El Coral	El Coral	NI	0	11.9178	-84.6483
11911820	El Ayote	El Ayote	NI	0	12.4995	-84.8152
11911831	La Dalia	La Dalia	NI	0	13.1365	-85.7374
11911832	Rancho Grande	Rancho Grande	NI	0	13.2370	-85.5582
13442541	Pantasma	Pantasma	NI	0	13.3573	-85.9419
3699946	Las Zangüengas	Las Zangueengas	PA	0	8.9581	-79.8698
3700381	Tucutí	Tucuti	PA	0	7.9601	-77.9322
3700788	Pueblo Nuevo	Pueblo Nuevo	PA	0	8.1536	-78.2444
3700892	Soloy	Soloy	PA	0	8.4969	-82.0720
3700992	Setegantí	Seteganti	PA	0	8.2940	-78.0892
3701058	Sardinilla	Sardinilla	PA	0	9.3031	-79.6362
3701131	Santa Rosa Número Uno	Santa Rosa Numero Uno	PA	0	8.8683	-80.0977
3701150	Santa Rita	Santa Rita	PA	0	8.4961	-80.1904
3701256	Santa Catalina	Santa Catalina	PA	0	8.7811	-81.3351
3701426	San Juan	San Juan	PA	0	8.2796	-81.9954
3701455	San José	San Jose	PA	0	8.3705	-81.4153
3701469	San Francisco	San Francisco	PA	0	8.9924	-79.5082
3701565	San Antonio	San Antonio	PA	0	8.0722	-80.9297
3701603	Salud	Salud	PA	0	9.2067	-80.1321
3701867	Río Grande	Rio Grande	PA	0	8.6171	-81.3033
3702057	Arco Iris	Arco Iris	PA	0	9.3382	-79.8924
3702240	Quebrada del Rosario Arriba	Quebrada del Rosario Arriba	PA	0	7.7176	-80.7389
3702245	Quebrada de Loro	Quebrada de Loro	PA	0	8.3544	-81.9180
3702542	Potrero de Caña	Potrero de Cana	PA	0	8.2910	-81.6970
3702818	Pinogana	Pinogana	PA	0	8.1172	-77.6831
3702901	Piedra Roja	Piedra Roja	PA	0	8.5703	-81.7466
3703125	Peña Blanca	Pena Blanca	PA	0	8.4701	-81.6880
3703250	Paya	Paya	PA	0	7.9058	-77.4037
3703478	Palo Grande	Palo Grande	PA	0	8.3516	-82.6064
3703837	Nueva Providencia	Nueva Providencia	PA	0	9.2633	-79.8156
3704308	Miguel de La Borda	Miguel de La Borda	PA	0	9.1540	-80.3059
3704550	Mariabé	Mariabe	PA	0	7.5834	-80.0642
3704612	Maraca	Maraca	PA	0	8.3761	-81.7333
3704929	Los Valles	Los Valles	PA	0	8.4461	-81.1966
3705371	Los Corotúes	Los Corotues	PA	0	8.4117	-81.0997
3705678	Llano Tugrí	Llano Tugri	PA	0	8.4793	-81.7121
3705725	Llano Grande	Llano Grande	PA	0	8.4550	-80.2304
3706305	Las Ollas Arriba	Las Ollas Arriba	PA	0	8.8128	-79.9005
3706313	La Soledad	La Soledad	PA	0	7.8788	-81.2679
3706614	Las Cabras	Las Cabras	PA	0	7.8770	-80.5481
3706765	Gobernadora	Gobernadora	PA	0	7.5593	-81.1855
3707659	Lagarterita	Lagarterita	PA	0	9.0794	-79.9139
3707794	La Encantada	La Encantada	PA	0	9.0970	-80.1931
3707999	La Carrillo	La Carrillo	PA	0	7.9702	-80.8817
3708062	La Cabuya	La Cabuya	PA	0	7.9852	-80.7641
3708107	La Boca del Guásimo	La Boca del Guasimo	PA	0	9.0583	-80.3314
3708267	Juay	Juay	PA	0	8.2869	-81.9476
3708425	Jaramillo Arriba	Jaramillo Arriba	PA	0	8.7862	-82.4231
3708728	Hato Pilón	Hato Pilon	PA	0	8.4017	-81.8681
3708735	Hato Julí	Hato Juli	PA	0	8.3526	-81.8484
3708737	Hato Jobo	Hato Jobo	PA	0	8.4102	-81.8924
3708742	Hato Culantro	Hato Culantro	PA	0	8.4721	-81.8620
3709218	Gonzalo Vásquez	Gonzalo Vasquez	PA	0	8.4198	-78.4519
3709242	Gobea	Gobea	PA	0	9.1679	-80.2538
3709296	Gatú	Gatu	PA	0	8.5282	-80.9572
3709332	Puerto Lindo	Puerto Lindo	PA	0	9.6054	-79.5856
3710089	El Prado	El Prado	PA	0	8.2367	-81.5010
3710152	El Piro	El Piro	PA	0	8.2119	-81.5315
3710171	Pilón	Pilon	PA	0	7.9568	-81.0723
3710305	El Pájaro	El Pajaro	PA	0	7.9474	-80.5741
3710470	Salto Dupí	Salto Dupi	PA	0	8.3504	-81.8882
3710534	El Limón	El Limon	PA	0	8.0589	-80.7720
3710867	El Espino Amarillo	El Espino Amarillo	PA	0	7.6761	-80.4364
3710877	El Espino	El Espino	PA	0	8.4845	-80.0209
3710887	El Espinal	El Espinal	PA	0	7.8667	-80.3220
3711371	El Bebedero	El Bebedero	PA	0	7.4141	-80.4574
3711416	El Barrero	El Barrero	PA	0	7.9335	-80.5204
3711454	El Bale	El Bale	PA	0	8.3460	-81.3716
3711572	Dos Ríos	Dos Rios	PA	0	8.5332	-82.3848
3711723	Llano Culebra	Llano Culebra	PA	0	8.3039	-81.6145
3711738	Cuipo	Cuipo	PA	0	9.0805	-80.0539
3711796	Cuango	Cuango	PA	0	9.5687	-79.3106
3712161	Coclecito	Coclecito	PA	0	8.8101	-80.5561
3712296	Chupá	Chupa	PA	0	7.8022	-80.5728
3712514	Chepigana	Chepigana	PA	0	8.2844	-78.0419
3712602	Chacarero	Chacarero	PA	0	8.4925	-82.5996
3712616	Cerro Venado	Cerro Venado	PA	0	8.2282	-81.5742
3712628	Cerro Silvestre	Cerro Silvestre	PA	0	8.9402	-79.6799
3712644	Cerro Plata	Cerro Plata	PA	0	8.2861	-81.3660
3712698	Cerro Iglesia	Cerro Iglesia	PA	0	8.2912	-81.7970
3712699	Cerro Iglesia	Cerro Iglesia	PA	0	8.2905	-81.5656
3712938	Cascabel	Cascabel	PA	0	8.5272	-81.8759
3713415	Calidonia	Calidonia	PA	0	8.9673	-79.5359
3713523	Cacique	Cacique	PA	0	9.6118	-79.6158
3713648	Burunga	Burunga	PA	0	8.9619	-79.6723
3714013	Boca de Río Indio	Boca de Rio Indio	PA	0	9.1927	-80.1907
3714014	Boca de Río Chiriquí	Boca de Rio Chiriqui	PA	0	8.8407	-81.5646
3714134	Betania	Betania	PA	0	9.0116	-79.5276
3714166	Bella Vista	Bella Vista	PA	0	8.9848	-79.5254
3714439	Bajos de Güera	Bajos de Gueera	PA	0	7.5442	-80.6262
3714771	Altos de Güera	Altos de Gueera	PA	0	7.5312	-80.6209
3714873	Alto Caballero	Alto Caballero	PA	0	8.2932	-81.6751
3715049	Agua de Salud	Agua de Salud	PA	0	8.5000	-81.4640
3715161	Achiote	Achiote	PA	0	9.2224	-80.0189
3764191	Jingurudo	Jingurudo	PA	0	7.8775	-78.0839
7543540	Lajas Blancas	Lajas Blancas	PA	0	8.4150	-77.8087
10194271	Barriales	Barriales	PA	0	8.5940	-78.3841
10194273	Platanillo	Platanillo	PA	0	8.8196	-78.3827
10194898	Agua Fría Número Uno	Agua Fria Numero Uno	PA	0	8.8596	-78.1978
10211093	Norteño	Norteno	PA	0	9.0031	-82.3148
10347337	Rambala	Rambala	PA	0	8.9262	-82.1838
10347348	Valle de Las Minas	Valle de Las Minas	PA	0	8.6640	-82.2220
10347421	Coronte	Coronte	PA	0	8.7400	-81.7860
10347484	Cabecera de Cerro Puerco	Cabecera de Cerro Puerco	PA	0	8.3068	-81.7555
10347490	Santa Lucía	Santa Lucia	PA	0	8.2320	-81.8261
10347491	El Puerto	El Puerto	PA	0	8.2152	-81.8100
10347496	Mirones	Mirones	PA	0	8.5573	-81.7275
10347864	Bajo Solís	Bajo Solis	PA	0	8.3271	-81.5331
10347868	Bella Vista	Bella Vista	PA	0	8.2147	-81.6198
10348000	Cerro Pelado	Cerro Pelado	PA	0	8.1625	-81.5392
10348600	Río Luís	Rio Luis	PA	0	8.6827	-81.2195
10348668	Güibale	Gueibale	PA	0	8.5140	-81.3595
11398385	Ciricito Abajo	Ciricito Abajo	PA	0	8.8204	-80.0687
